X,Species,Family,Order,Habitat.tiering,Motility,Feeding.mode,Mode.of.life,Ecology.reference,iucn,risk
1,Acrobates pygmaeus,Acrobatidae,Diprotodontia,2,6,1,261,"Hutchins M, Kleiman DG, Geist V, McDade MC. 2003. Grzimek’s Animal Life Encyclopedia Second Edition, Volume 12-16 Mammals I-V. Gale, Farmington Hills, MI, USA.; Nowak RM. 1999. Walker’s Mammals of the World, Vol. 1. Sixth Ed. The Johns Hopkins University Press, Maryland, USA.",LC,0
2,Cercartetus caudatus,Burramyidae,Diprotodontia,2,1,1,211,"Hutchins M, Kleiman DG, Geist V, McDade MC. 2003. Grzimek’s Animal Life Encyclopedia Second Edition, Volume 12-16 Mammals I-V. Gale, Farmington Hills, MI, USA.",LC,0
3,Cercartetus concinnus,Burramyidae,Diprotodontia,2,1,1,211,"Hutchins M, Kleiman DG, Geist V, McDade MC. 2003. Grzimek’s Animal Life Encyclopedia Second Edition, Volume 12-16 Mammals I-V. Gale, Farmington Hills, MI, USA.",LC,0
4,Cercartetus lepidus,Burramyidae,Diprotodontia,2,1,1,211,"Hutchins M, Kleiman DG, Geist V, McDade MC. 2003. Grzimek’s Animal Life Encyclopedia Second Edition, Volume 12-16 Mammals I-V. Gale, Farmington Hills, MI, USA.",LC,0
5,Rhyncholestes raphanurus,Caenolestidae,Paucituberculata,2,1,1,211,"Hutchins M, Kleiman DG, Geist V, McDade MC. 2003. Grzimek’s Animal Life Encyclopedia Second Edition, Volume 12-16 Mammals I-V. Gale, Farmington Hills, MI, USA.",NT,0
7,Callithrix flaviceps,Callitrichidae,Primates,2,2,1,221,"Hutchins M, Kleiman DG, Geist V, McDade MC. 2003. Grzimek’s Animal Life Encyclopedia Second Edition, Volume 12-16 Mammals I-V. Gale, Farmington Hills, MI, USA.; Beacham W., Beetz KH. 1998. Beacham's guide to international endangered species. Beacham Publishing Group. Osprey, Florida., Nowak RM. 1999. Walker’s Mammals of the World, Vol. 1. Sixth Ed. The Johns Hopkins University Press, Maryland, USA. ",CR,1
8,Callithrix geoffroyi,Callitrichidae,Primates,2,2,1,221,"Hutchins M, Kleiman DG, Geist V, McDade MC. 2003. Grzimek’s Animal Life Encyclopedia Second Edition, Volume 12-16 Mammals I-V. Gale, Farmington Hills, MI, USA., Nowak RM. 1999. Walker’s Mammals of the World, Vol. 1. Sixth Ed. The Johns Hopkins University Press, Maryland, USA. ",LC,0
10,Callithrix jacchus,Callitrichidae,Primates,2,2,1,221,"Hutchins M, Kleiman DG, Geist V, McDade MC. 2003. Grzimek’s Animal Life Encyclopedia Second Edition, Volume 12-16 Mammals I-V. Gale, Farmington Hills, MI, USA., Nowak RM. 1999. Walker’s Mammals of the World, Vol. 1. Sixth Ed. The Johns Hopkins University Press, Maryland, USA. ",LC,0
11,Callithrix kuhlii,Callitrichidae,Primates,2,2,1,221,"Hutchins M, Kleiman DG, Geist V, McDade MC. 2003. Grzimek’s Animal Life Encyclopedia Second Edition, Volume 12-16 Mammals I-V. Gale, Farmington Hills, MI, USA., Nowak RM. 1999. Walker’s Mammals of the World, Vol. 1. Sixth Ed. The Johns Hopkins University Press, Maryland, USA. ",VU,1
12,Callithrix penicillata,Callitrichidae,Primates,2,2,1,221,"Hutchins M, Kleiman DG, Geist V, McDade MC. 2003. Grzimek’s Animal Life Encyclopedia Second Edition, Volume 12-16 Mammals I-V. Gale, Farmington Hills, MI, USA., Nowak RM. 1999. Walker’s Mammals of the World, Vol. 1. Sixth Ed. The Johns Hopkins University Press, Maryland, USA. ",LC,0
14,Leontopithecus chrysopygus,Callitrichidae,Primates,2,2,1,221,"Hutchins M, Kleiman DG, Geist V, McDade MC. 2003. Grzimek’s Animal Life Encyclopedia Second Edition, Volume 12-16 Mammals I-V. Gale, Farmington Hills, MI, USA.; Beacham W., Beetz KH. 1998. Beacham's guide to international endangered species. Beacham Publishing Group. Osprey, Florida.",EN,1
15,Saguinus oedipus,Callitrichidae,Primates,2,2,1,221,"Hutchins M, Kleiman DG, Geist V, McDade MC. 2003. Grzimek’s Animal Life Encyclopedia Second Edition, Volume 12-16 Mammals I-V. Gale, Farmington Hills, MI, USA.; Beacham W., Beetz KH. 1998. Beacham's guide to international endangered species. Beacham Publishing Group. Osprey, Florida.",CR,1
17,Cebus albifrons,Cebidae,Primates,2,2,1,221,"Hutchins M, Kleiman DG, Geist V, McDade MC. 2003. Grzimek’s Animal Life Encyclopedia Second Edition, Volume 12-16 Mammals I-V. Gale, Farmington Hills, MI, USA.; Hare T., Lambert M. 1997. Encyclopedia of Mammals, Volumes 1-16. Marshall Cavendish Corporatio. New York, USA.",LC,0
21,Saimiri boliviensis,Cebidae,Primates,2,3,1,221,"Hutchins M, Kleiman DG, Geist V, McDade MC. 2003. Grzimek’s Animal Life Encyclopedia Second Edition, Volume 12-16 Mammals I-V. Gale, Farmington Hills, MI, USA.; Hare T., Lambert M. 1997. Encyclopedia of Mammals, Volumes 1-16. Marshall Cavendish Corporatio. New York, USA.",LC,0
22,Saimiri sciureus,Cebidae,Primates,2,3,1,221,"Hutchins M, Kleiman DG, Geist V, McDade MC. 2003. Grzimek’s Animal Life Encyclopedia Second Edition, Volume 12-16 Mammals I-V. Gale, Farmington Hills, MI, USA.; Hare T., Lambert M. 1997. Encyclopedia of Mammals, Volumes 1-16. Marshall Cavendish Corporatio. New York, USA.",LC,0
23,Saimiri ustus,Cebidae,Primates,2,3,1,221,"Hutchins M, Kleiman DG, Geist V, McDade MC. 2003. Grzimek’s Animal Life Encyclopedia Second Edition, Volume 12-16 Mammals I-V. Gale, Farmington Hills, MI, USA.; Hare T., Lambert M. 1997. Encyclopedia of Mammals, Volumes 1-16. Marshall Cavendish Corporatio. New York, USA.",NT,0
24,Saimiri vanzolinii,Cebidae,Primates,2,3,1,221,"Hutchins M, Kleiman DG, Geist V, McDade MC. 2003. Grzimek’s Animal Life Encyclopedia Second Edition, Volume 12-16 Mammals I-V. Gale, Farmington Hills, MI, USA.; Hare T., Lambert M. 1997. Encyclopedia of Mammals, Volumes 1-16. Marshall Cavendish Corporatio. New York, USA.",VU,1
25,Allocebus trichotis,Cheirogaleidae,Primates,2,1,1,211,"Hutchins M, Kleiman DG, Geist V, McDade MC. 2003. Grzimek’s Animal Life Encyclopedia Second Edition, Volume 12-16 Mammals I-V. Gale, Farmington Hills, MI, USA.; Beacham W., Beetz KH. 1998. Beacham's guide to international endangered species. Beacham Publishing Group. Osprey, Florida.",EN,1
26,Craseonycteris thonglongyai,Craseonycteridae,Chiroptera,2,6,1,261,"Hutchins M, Kleiman DG, Geist V, McDade MC. 2003. Grzimek’s Animal Life Encyclopedia Second Edition, Volume 12-16 Mammals I-V. Gale, Farmington Hills, MI, USA.",NT,0
27,Murexia longicaudata,Dasyuridae,Dasyuromorphia,2,1,1,211,"Hutchins M, Kleiman DG, Geist V, McDade MC. 2003. Grzimek’s Animal Life Encyclopedia Second Edition, Volume 12-16 Mammals I-V. Gale, Farmington Hills, MI, USA., Nowak RM. 1999. Walker’s Mammals of the World, Vol. 1. Sixth Ed. The Johns Hopkins University Press, Maryland, USA.",LC,0
28,Murexia rothschildi,Dasyuridae,Dasyuromorphia,2,1,1,211,"Hutchins M, Kleiman DG, Geist V, McDade MC. 2003. Grzimek’s Animal Life Encyclopedia Second Edition, Volume 12-16 Mammals I-V. Gale, Farmington Hills, MI, USA., Nowak RM. 1999. Walker’s Mammals of the World, Vol. 1. Sixth Ed. The Johns Hopkins University Press, Maryland, USA.",NT,0
30,Phascogale tapoatafa,Dasyuridae,Dasyuromorphia,2,1,1,211,"Hutchins M, Kleiman DG, Geist V, McDade MC. 2003. Grzimek’s Animal Life Encyclopedia Second Edition, Volume 12-16 Mammals I-V. Gale, Farmington Hills, MI, USA.",NT,0
31,Daubentonia madagascariensis,Daubentoniidae,Primates,2,1,1,211,"Hutchins M, Kleiman DG, Geist V, McDade MC. 2003. Grzimek’s Animal Life Encyclopedia Second Edition, Volume 12-16 Mammals I-V. Gale, Farmington Hills, MI, USA.",EN,1
33,Caluromysiops irrupta,Didelphidae,Didelphimorphia,2,1,1,211,"Hutchins M, Kleiman DG, Geist V, McDade MC. 2003. Grzimek’s Animal Life Encyclopedia Second Edition, Volume 12-16 Mammals I-V. Gale, Farmington Hills, MI, USA.",LC,0
34,Glironia venusta,Didelphidae,Didelphimorphia,2,1,1,211,"Hutchins M, Kleiman DG, Geist V, McDade MC. 2003. Grzimek’s Animal Life Encyclopedia Second Edition, Volume 12-16 Mammals I-V. Gale, Farmington Hills, MI, USA.",LC,0
35,Gracilinanus marica,Didelphidae,Didelphimorphia,2,1,1,211,"Hutchins M, Kleiman DG, Geist V, McDade MC. 2003. Grzimek’s Animal Life Encyclopedia Second Edition, Volume 12-16 Mammals I-V. Gale, Farmington Hills, MI, USA., Nowak RM. 1999. Walker’s Mammals of the World, Vol. 1. Sixth Ed. The Johns Hopkins University Press, Maryland, USA",LC,0
38,Marmosa lepida,Didelphidae,Didelphimorphia,2,1,1,211,"Hutchins M, Kleiman DG, Geist V, McDade MC. 2003. Grzimek’s Animal Life Encyclopedia Second Edition, Volume 12-16 Mammals I-V. Gale, Farmington Hills, MI, USA., Nowak RM. 1999. Walker’s Mammals of the World, Vol. 1. Sixth Ed. The Johns Hopkins University Press, Maryland, USA.; Macdonald, D. W. 2006. The Princeton Encyclopedia of Mammals. Princeton University Press, Princeton, NJ. ",LC,0
39,Marmosa mexicana,Didelphidae,Didelphimorphia,2,1,1,211,"Hutchins M, Kleiman DG, Geist V, McDade MC. 2003. Grzimek’s Animal Life Encyclopedia Second Edition, Volume 12-16 Mammals I-V. Gale, Farmington Hills, MI, USA., Nowak RM. 1999. Walker’s Mammals of the World, Vol. 1. Sixth Ed. The Johns Hopkins University Press, Maryland, USA",LC,0
40,Marmosa murina,Didelphidae,Didelphimorphia,2,1,1,211,"Hutchins M, Kleiman DG, Geist V, McDade MC. 2003. Grzimek’s Animal Life Encyclopedia Second Edition, Volume 12-16 Mammals I-V. Gale, Farmington Hills, MI, USA., Nowak RM. 1999. Walker’s Mammals of the World, Vol. 1. Sixth Ed. The Johns Hopkins University Press, Maryland, USA.; Macdonald, D. W. 2006. The Princeton Encyclopedia of Mammals. Princeton University Press, Princeton, NJ. ",LC,0
41,Marmosa robinsoni,Didelphidae,Didelphimorphia,2,1,1,211,"Hutchins M, Kleiman DG, Geist V, McDade MC. 2003. Grzimek’s Animal Life Encyclopedia Second Edition, Volume 12-16 Mammals I-V. Gale, Farmington Hills, MI, USA.; Long JL. 2003. Introduced Mammals of the World, Their history, distribution, and influence. CSIRO Publishing, Collingwood VIC, Australia., Nowak RM. 1999. Walker’s Mammals of the World, Vol. 1. Sixth Ed. The Johns Hopkins University Press, Maryland, USA.; Macdonald, D. W. 2006. The Princeton Encyclopedia of Mammals. Princeton University Press, Princeton, NJ. ",LC,0
44,Marmosa xerophila,Didelphidae,Didelphimorphia,2,1,1,211,"Hutchins M, Kleiman DG, Geist V, McDade MC. 2003. Grzimek’s Animal Life Encyclopedia Second Edition, Volume 12-16 Mammals I-V. Gale, Farmington Hills, MI, USA., Nowak RM. 1999. Walker’s Mammals of the World, Vol. 1. Sixth Ed. The Johns Hopkins University Press, Maryland, USA",VU,1
47,Marmosops handleyi,Didelphidae,Didelphimorphia,2,1,1,211,"Hutchins M, Kleiman DG, Geist V, McDade MC. 2003. Grzimek’s Animal Life Encyclopedia Second Edition, Volume 12-16 Mammals I-V. Gale, Farmington Hills, MI, USA., Nowak RM. 1999. Walker’s Mammals of the World, Vol. 1. Sixth Ed. The Johns Hopkins University Press, Maryland, USA",CR,1
48,Marmosops impavidus,Didelphidae,Didelphimorphia,2,1,1,211,"Hutchins M, Kleiman DG, Geist V, McDade MC. 2003. Grzimek’s Animal Life Encyclopedia Second Edition, Volume 12-16 Mammals I-V. Gale, Farmington Hills, MI, USA., Nowak RM. 1999. Walker’s Mammals of the World, Vol. 1. Sixth Ed. The Johns Hopkins University Press, Maryland, USA",LC,0
49,Marmosops incanus,Didelphidae,Didelphimorphia,2,1,1,211,"Hutchins M, Kleiman DG, Geist V, McDade MC. 2003. Grzimek’s Animal Life Encyclopedia Second Edition, Volume 12-16 Mammals I-V. Gale, Farmington Hills, MI, USA., Nowak RM. 1999. Walker’s Mammals of the World, Vol. 1. Sixth Ed. The Johns Hopkins University Press, Maryland, USA",LC,0
50,Marmosops invictus,Didelphidae,Didelphimorphia,2,1,1,211,"Hutchins M, Kleiman DG, Geist V, McDade MC. 2003. Grzimek’s Animal Life Encyclopedia Second Edition, Volume 12-16 Mammals I-V. Gale, Farmington Hills, MI, USA., Nowak RM. 1999. Walker’s Mammals of the World, Vol. 1. Sixth Ed. The Johns Hopkins University Press, Maryland, USA",LC,0
51,Marmosops noctivagus,Didelphidae,Didelphimorphia,2,1,1,211,"Hutchins M, Kleiman DG, Geist V, McDade MC. 2003. Grzimek’s Animal Life Encyclopedia Second Edition, Volume 12-16 Mammals I-V. Gale, Farmington Hills, MI, USA., Nowak RM. 1999. Walker’s Mammals of the World, Vol. 1. Sixth Ed. The Johns Hopkins University Press, Maryland, USA",LC,0
52,Marmosops parvidens,Didelphidae,Didelphimorphia,2,1,1,211,"Hutchins M, Kleiman DG, Geist V, McDade MC. 2003. Grzimek’s Animal Life Encyclopedia Second Edition, Volume 12-16 Mammals I-V. Gale, Farmington Hills, MI, USA., Nowak RM. 1999. Walker’s Mammals of the World, Vol. 1. Sixth Ed. The Johns Hopkins University Press, Maryland, USA",LC,0
54,Philander opossum,Didelphidae,Didelphimorphia,2,1,1,211,"Hutchins M, Kleiman DG, Geist V, McDade MC. 2003. Grzimek’s Animal Life Encyclopedia Second Edition, Volume 12-16 Mammals I-V. Gale, Farmington Hills, MI, USA.",LC,0
55,Balantiopteryx infusca,Emballonuridae,Chiroptera,2,6,1,261,"Hutchins M, Kleiman DG, Geist V, McDade MC. 2003. Grzimek’s Animal Life Encyclopedia Second Edition, Volume 12-16 Mammals I-V. Gale, Farmington Hills, MI, USA.",VU,1
56,Balantiopteryx io,Emballonuridae,Chiroptera,2,6,1,261,"Hutchins M, Kleiman DG, Geist V, McDade MC. 2003. Grzimek’s Animal Life Encyclopedia Second Edition, Volume 12-16 Mammals I-V. Gale, Farmington Hills, MI, USA.",VU,1
57,Balantiopteryx plicata,Emballonuridae,Chiroptera,2,6,1,261,"Hutchins M, Kleiman DG, Geist V, McDade MC. 2003. Grzimek’s Animal Life Encyclopedia Second Edition, Volume 12-16 Mammals I-V. Gale, Farmington Hills, MI, USA.",LC,0
58,Centronycteris maximiliani,Emballonuridae,Chiroptera,2,6,1,261,"Hutchins M, Kleiman DG, Geist V, McDade MC. 2003. Grzimek’s Animal Life Encyclopedia Second Edition, Volume 12-16 Mammals I-V. Gale, Farmington Hills, MI, USA.",LC,0
59,Coleura afra,Emballonuridae,Chiroptera,2,6,1,261,"Hutchins M, Kleiman DG, Geist V, McDade MC. 2003. Grzimek’s Animal Life Encyclopedia Second Edition, Volume 12-16 Mammals I-V. Gale, Farmington Hills, MI, USA.",LC,0
60,Coleura seychellensis,Emballonuridae,Chiroptera,2,6,1,261,"Hutchins M, Kleiman DG, Geist V, McDade MC. 2003. Grzimek’s Animal Life Encyclopedia Second Edition, Volume 12-16 Mammals I-V. Gale, Farmington Hills, MI, USA.",CR,1
61,Cormura brevirostris,Emballonuridae,Chiroptera,2,6,1,261,"Hutchins M, Kleiman DG, Geist V, McDade MC. 2003. Grzimek’s Animal Life Encyclopedia Second Edition, Volume 12-16 Mammals I-V. Gale, Farmington Hills, MI, USA.",LC,0
62,Cyttarops alecto,Emballonuridae,Chiroptera,2,6,1,261,"Hutchins M, Kleiman DG, Geist V, McDade MC. 2003. Grzimek’s Animal Life Encyclopedia Second Edition, Volume 12-16 Mammals I-V. Gale, Farmington Hills, MI, USA.",LC,0
63,Diclidurus albus,Emballonuridae,Chiroptera,2,6,1,261,"Hutchins M, Kleiman DG, Geist V, McDade MC. 2003. Grzimek’s Animal Life Encyclopedia Second Edition, Volume 12-16 Mammals I-V. Gale, Farmington Hills, MI, USA.",LC,0
66,Diclidurus scutatus,Emballonuridae,Chiroptera,2,6,1,261,"Hutchins M, Kleiman DG, Geist V, McDade MC. 2003. Grzimek’s Animal Life Encyclopedia Second Edition, Volume 12-16 Mammals I-V. Gale, Farmington Hills, MI, USA.",LC,0
67,Emballonura alecto,Emballonuridae,Chiroptera,2,6,1,261,"Hutchins M, Kleiman DG, Geist V, McDade MC. 2003. Grzimek’s Animal Life Encyclopedia Second Edition, Volume 12-16 Mammals I-V. Gale, Farmington Hills, MI, USA.",LC,0
69,Emballonura furax,Emballonuridae,Chiroptera,2,6,1,261,"Hutchins M, Kleiman DG, Geist V, McDade MC. 2003. Grzimek’s Animal Life Encyclopedia Second Edition, Volume 12-16 Mammals I-V. Gale, Farmington Hills, MI, USA.",LC,0
70,Emballonura monticola,Emballonuridae,Chiroptera,2,6,1,261,"Hutchins M, Kleiman DG, Geist V, McDade MC. 2003. Grzimek’s Animal Life Encyclopedia Second Edition, Volume 12-16 Mammals I-V. Gale, Farmington Hills, MI, USA.",LC,0
71,Emballonura raffrayana,Emballonuridae,Chiroptera,2,6,1,261,"Hutchins M, Kleiman DG, Geist V, McDade MC. 2003. Grzimek’s Animal Life Encyclopedia Second Edition, Volume 12-16 Mammals I-V. Gale, Farmington Hills, MI, USA.",LC,0
72,Emballonura semicaudata,Emballonuridae,Chiroptera,2,6,1,261,"Hutchins M, Kleiman DG, Geist V, McDade MC. 2003. Grzimek’s Animal Life Encyclopedia Second Edition, Volume 12-16 Mammals I-V. Gale, Farmington Hills, MI, USA.",EN,1
73,Peropteryx kappleri,Emballonuridae,Chiroptera,2,6,1,261,"Hutchins M, Kleiman DG, Geist V, McDade MC. 2003. Grzimek’s Animal Life Encyclopedia Second Edition, Volume 12-16 Mammals I-V. Gale, Farmington Hills, MI, USA.",LC,0
74,Peropteryx leucoptera,Emballonuridae,Chiroptera,2,6,1,261,"Hutchins M, Kleiman DG, Geist V, McDade MC. 2003. Grzimek’s Animal Life Encyclopedia Second Edition, Volume 12-16 Mammals I-V. Gale, Farmington Hills, MI, USA.",LC,0
75,Peropteryx macrotis,Emballonuridae,Chiroptera,2,6,1,261,"Hutchins M, Kleiman DG, Geist V, McDade MC. 2003. Grzimek’s Animal Life Encyclopedia Second Edition, Volume 12-16 Mammals I-V. Gale, Farmington Hills, MI, USA.",LC,0
76,Rhynchonycteris naso,Emballonuridae,Chiroptera,2,6,1,261,"Hutchins M, Kleiman DG, Geist V, McDade MC. 2003. Grzimek’s Animal Life Encyclopedia Second Edition, Volume 12-16 Mammals I-V. Gale, Farmington Hills, MI, USA.",LC,0
77,Saccolaimus flaviventris,Emballonuridae,Chiroptera,2,6,1,261,"Hutchins M, Kleiman DG, Geist V, McDade MC. 2003. Grzimek’s Animal Life Encyclopedia Second Edition, Volume 12-16 Mammals I-V. Gale, Farmington Hills, MI, USA.",LC,0
78,Saccolaimus mixtus,Emballonuridae,Chiroptera,2,6,1,261,"Hutchins M, Kleiman DG, Geist V, McDade MC. 2003. Grzimek’s Animal Life Encyclopedia Second Edition, Volume 12-16 Mammals I-V. Gale, Farmington Hills, MI, USA.",NT,0
79,Saccolaimus peli,Emballonuridae,Chiroptera,2,6,1,261,"Hutchins M, Kleiman DG, Geist V, McDade MC. 2003. Grzimek’s Animal Life Encyclopedia Second Edition, Volume 12-16 Mammals I-V. Gale, Farmington Hills, MI, USA.",LC,0
81,Saccolaimus saccolaimus,Emballonuridae,Chiroptera,2,6,1,261,"Hutchins M, Kleiman DG, Geist V, McDade MC. 2003. Grzimek’s Animal Life Encyclopedia Second Edition, Volume 12-16 Mammals I-V. Gale, Farmington Hills, MI, USA.",LC,0
82,Saccopteryx bilineata,Emballonuridae,Chiroptera,2,6,1,261,"Hutchins M, Kleiman DG, Geist V, McDade MC. 2003. Grzimek’s Animal Life Encyclopedia Second Edition, Volume 12-16 Mammals I-V. Gale, Farmington Hills, MI, USA.",LC,0
83,Saccopteryx canescens,Emballonuridae,Chiroptera,2,6,1,261,"Hutchins M, Kleiman DG, Geist V, McDade MC. 2003. Grzimek’s Animal Life Encyclopedia Second Edition, Volume 12-16 Mammals I-V. Gale, Farmington Hills, MI, USA.",LC,0
85,Saccopteryx leptura,Emballonuridae,Chiroptera,2,6,1,261,"Hutchins M, Kleiman DG, Geist V, McDade MC. 2003. Grzimek’s Animal Life Encyclopedia Second Edition, Volume 12-16 Mammals I-V. Gale, Farmington Hills, MI, USA.",LC,0
86,Taphozous australis,Emballonuridae,Chiroptera,2,6,1,261,"Hutchins M, Kleiman DG, Geist V, McDade MC. 2003. Grzimek’s Animal Life Encyclopedia Second Edition, Volume 12-16 Mammals I-V. Gale, Farmington Hills, MI, USA.",NT,0
87,Taphozous georgianus,Emballonuridae,Chiroptera,2,6,1,261,"Hutchins M, Kleiman DG, Geist V, McDade MC. 2003. Grzimek’s Animal Life Encyclopedia Second Edition, Volume 12-16 Mammals I-V. Gale, Farmington Hills, MI, USA.",LC,0
89,Taphozous hildegardeae,Emballonuridae,Chiroptera,2,6,1,261,"Hutchins M, Kleiman DG, Geist V, McDade MC. 2003. Grzimek’s Animal Life Encyclopedia Second Edition, Volume 12-16 Mammals I-V. Gale, Farmington Hills, MI, USA.",EN,1
90,Taphozous hilli,Emballonuridae,Chiroptera,2,6,1,261,"Hutchins M, Kleiman DG, Geist V, McDade MC. 2003. Grzimek’s Animal Life Encyclopedia Second Edition, Volume 12-16 Mammals I-V. Gale, Farmington Hills, MI, USA.",LC,0
91,Taphozous kapalgensis,Emballonuridae,Chiroptera,2,6,1,261,"Hutchins M, Kleiman DG, Geist V, McDade MC. 2003. Grzimek’s Animal Life Encyclopedia Second Edition, Volume 12-16 Mammals I-V. Gale, Farmington Hills, MI, USA.",LC,0
92,Taphozous longimanus,Emballonuridae,Chiroptera,2,6,1,261,"Hutchins M, Kleiman DG, Geist V, McDade MC. 2003. Grzimek’s Animal Life Encyclopedia Second Edition, Volume 12-16 Mammals I-V. Gale, Farmington Hills, MI, USA.",LC,0
93,Taphozous mauritianus,Emballonuridae,Chiroptera,2,6,1,261,"Hutchins M, Kleiman DG, Geist V, McDade MC. 2003. Grzimek’s Animal Life Encyclopedia Second Edition, Volume 12-16 Mammals I-V. Gale, Farmington Hills, MI, USA.",LC,0
94,Taphozous melanopogon,Emballonuridae,Chiroptera,2,6,1,261,"Hutchins M, Kleiman DG, Geist V, McDade MC. 2003. Grzimek’s Animal Life Encyclopedia Second Edition, Volume 12-16 Mammals I-V. Gale, Farmington Hills, MI, USA.",LC,0
95,Taphozous nudiventris,Emballonuridae,Chiroptera,2,6,1,261,"Hutchins M, Kleiman DG, Geist V, McDade MC. 2003. Grzimek’s Animal Life Encyclopedia Second Edition, Volume 12-16 Mammals I-V. Gale, Farmington Hills, MI, USA.",LC,0
96,Taphozous perforatus,Emballonuridae,Chiroptera,2,6,1,261,"Hutchins M, Kleiman DG, Geist V, McDade MC. 2003. Grzimek’s Animal Life Encyclopedia Second Edition, Volume 12-16 Mammals I-V. Gale, Farmington Hills, MI, USA.",LC,0
98,Taphozous theobaldi,Emballonuridae,Chiroptera,2,6,1,261,"Hutchins M, Kleiman DG, Geist V, McDade MC. 2003. Grzimek’s Animal Life Encyclopedia Second Edition, Volume 12-16 Mammals I-V. Gale, Farmington Hills, MI, USA.",LC,0
99,Amorphochilus schnablii,Furipteridae,Chiroptera,2,6,1,261,"Hutchins M, Kleiman DG, Geist V, McDade MC. 2003. Grzimek’s Animal Life Encyclopedia Second Edition, Volume 12-16 Mammals I-V. Gale, Farmington Hills, MI, USA.",VU,1
100,Furipterus horrens,Furipteridae,Chiroptera,2,6,1,261,"Hutchins M, Kleiman DG, Geist V, McDade MC. 2003. Grzimek’s Animal Life Encyclopedia Second Edition, Volume 12-16 Mammals I-V. Gale, Farmington Hills, MI, USA.",LC,0
101,Galago moholi,Galagonidae,Primates,2,3,1,231,"Hutchins M, Kleiman DG, Geist V, McDade MC. 2003. Grzimek’s Animal Life Encyclopedia Second Edition, Volume 12-16 Mammals I-V. Gale, Farmington Hills, MI, USA. ; Skinner, J. D., Chimimba, C. T. 2005. The Mammals of Southern African Subregion. Cambridge University Press, Cape Town, South Africa. ",LC,0
102,Galagoides demidoff,Galagonidae,Primates,2,1,1,211,"Hutchins M, Kleiman DG, Geist V, McDade MC. 2003. Grzimek’s Animal Life Encyclopedia Second Edition, Volume 12-16 Mammals I-V. Gale, Farmington Hills, MI, USA., Nowak RM. 1999. Walker’s Mammals of the World, Vol. 1. Sixth Ed. The Johns Hopkins University Press, Maryland, USA.",LC,0
103,Cryptoprocta ferox,Herpestidae,Carnivora,2,1,1,211,"Hutchins M, Kleiman DG, Geist V, McDade MC. 2003. Grzimek’s Animal Life Encyclopedia Second Edition, Volume 12-16 Mammals I-V. Gale, Farmington Hills, MI, USA.",VU,1
104,Arctocebus aureus,Loridae,Primates,2,1,1,211,"Hutchins M, Kleiman DG, Geist V, McDade MC. 2003. Grzimek’s Animal Life Encyclopedia Second Edition, Volume 12-16 Mammals I-V. Gale, Farmington Hills, MI, USA.",LC,0
105,Arctocebus calabarensis,Loridae,Primates,2,1,1,211,"Hutchins M, Kleiman DG, Geist V, McDade MC. 2003. Grzimek’s Animal Life Encyclopedia Second Edition, Volume 12-16 Mammals I-V. Gale, Farmington Hills, MI, USA.",NT,0
106,Loris tardigradus,Loridae,Primates,2,1,1,211,"Hutchins M, Kleiman DG, Geist V, McDade MC. 2003. Grzimek’s Animal Life Encyclopedia Second Edition, Volume 12-16 Mammals I-V. Gale, Farmington Hills, MI, USA.",EN,1
107,Nycticebus pygmaeus,Loridae,Primates,2,1,1,211,"Hutchins M, Kleiman DG, Geist V, McDade MC. 2003. Grzimek’s Animal Life Encyclopedia Second Edition, Volume 12-16 Mammals I-V. Gale, Farmington Hills, MI, USA.; Beacham W., Beetz KH. 1998. Beacham's guide to international endangered species. Beacham Publishing Group. Osprey, Florida.",EN,1
109,Cardioderma cor,Megadermatidae,Chiroptera,2,6,1,261,"Hutchins M, Kleiman DG, Geist V, McDade MC. 2003. Grzimek’s Animal Life Encyclopedia Second Edition, Volume 12-16 Mammals I-V. Gale, Farmington Hills, MI, USA.",LC,0
110,Lavia frons,Megadermatidae,Chiroptera,2,6,1,261,"Hutchins M, Kleiman DG, Geist V, McDade MC. 2003. Grzimek’s Animal Life Encyclopedia Second Edition, Volume 12-16 Mammals I-V. Gale, Farmington Hills, MI, USA.",LC,0
111,Macroderma gigas,Megadermatidae,Chiroptera,2,6,1,261,"Hutchins M, Kleiman DG, Geist V, McDade MC. 2003. Grzimek’s Animal Life Encyclopedia Second Edition, Volume 12-16 Mammals I-V. Gale, Farmington Hills, MI, USA.",VU,1
113,Megaderma spasma,Megadermatidae,Chiroptera,2,6,1,261,"Hutchins M, Kleiman DG, Geist V, McDade MC. 2003. Grzimek’s Animal Life Encyclopedia Second Edition, Volume 12-16 Mammals I-V. Gale, Farmington Hills, MI, USA.",LC,0
114,Dromiciops gliroides,Microbiotheriidae,Microbiotheria,2,1,1,211,"Hutchins M, Kleiman DG, Geist V, McDade MC. 2003. Grzimek’s Animal Life Encyclopedia Second Edition, Volume 12-16 Mammals I-V. Gale, Farmington Hills, MI, USA.",NT,0
115,Chaerephon aloysiisabaudiae,Molossidae,Chiroptera,2,6,1,261,"Hutchins M, Kleiman DG, Geist V, McDade MC. 2003. Grzimek’s Animal Life Encyclopedia Second Edition, Volume 12-16 Mammals I-V. Gale, Farmington Hills, MI, USA.",LC,0
116,Chaerephon ansorgei,Molossidae,Chiroptera,2,6,1,261,"Hutchins M, Kleiman DG, Geist V, McDade MC. 2003. Grzimek’s Animal Life Encyclopedia Second Edition, Volume 12-16 Mammals I-V. Gale, Farmington Hills, MI, USA.",LC,0
117,Chaerephon bemmeleni,Molossidae,Chiroptera,2,6,1,261,"Hutchins M, Kleiman DG, Geist V, McDade MC. 2003. Grzimek’s Animal Life Encyclopedia Second Edition, Volume 12-16 Mammals I-V. Gale, Farmington Hills, MI, USA.",LC,0
119,Chaerephon chapini,Molossidae,Chiroptera,2,6,1,261,"Hutchins M, Kleiman DG, Geist V, McDade MC. 2003. Grzimek’s Animal Life Encyclopedia Second Edition, Volume 12-16 Mammals I-V. Gale, Farmington Hills, MI, USA.",LC,0
121,Chaerephon jobensis,Molossidae,Chiroptera,2,6,1,261,"Hutchins M, Kleiman DG, Geist V, McDade MC. 2003. Grzimek’s Animal Life Encyclopedia Second Edition, Volume 12-16 Mammals I-V. Gale, Farmington Hills, MI, USA.",LC,0
122,Chaerephon johorensis,Molossidae,Chiroptera,2,6,1,261,"Hutchins M, Kleiman DG, Geist V, McDade MC. 2003. Grzimek’s Animal Life Encyclopedia Second Edition, Volume 12-16 Mammals I-V. Gale, Farmington Hills, MI, USA.",VU,1
123,Chaerephon major,Molossidae,Chiroptera,2,6,1,261,"Hutchins M, Kleiman DG, Geist V, McDade MC. 2003. Grzimek’s Animal Life Encyclopedia Second Edition, Volume 12-16 Mammals I-V. Gale, Farmington Hills, MI, USA.",LC,0
124,Chaerephon nigeriae,Molossidae,Chiroptera,2,6,1,261,"Hutchins M, Kleiman DG, Geist V, McDade MC. 2003. Grzimek’s Animal Life Encyclopedia Second Edition, Volume 12-16 Mammals I-V. Gale, Farmington Hills, MI, USA.",LC,0
128,Cheiromeles torquatus,Molossidae,Chiroptera,2,6,1,261,"Hutchins M, Kleiman DG, Geist V, McDade MC. 2003. Grzimek’s Animal Life Encyclopedia Second Edition, Volume 12-16 Mammals I-V. Gale, Farmington Hills, MI, USA.",LC,0
129,Eumops auripendulus,Molossidae,Chiroptera,2,6,1,261,"Hutchins M, Kleiman DG, Geist V, McDade MC. 2003. Grzimek’s Animal Life Encyclopedia Second Edition, Volume 12-16 Mammals I-V. Gale, Farmington Hills, MI, USA.",LC,0
130,Eumops bonariensis,Molossidae,Chiroptera,2,6,1,261,"Hutchins M, Kleiman DG, Geist V, McDade MC. 2003. Grzimek’s Animal Life Encyclopedia Second Edition, Volume 12-16 Mammals I-V. Gale, Farmington Hills, MI, USA.",LC,0
131,Eumops dabbenei,Molossidae,Chiroptera,2,6,1,261,"Hutchins M, Kleiman DG, Geist V, McDade MC. 2003. Grzimek’s Animal Life Encyclopedia Second Edition, Volume 12-16 Mammals I-V. Gale, Farmington Hills, MI, USA.",LC,0
132,Eumops glaucinus,Molossidae,Chiroptera,2,6,1,261,"Hutchins M, Kleiman DG, Geist V, McDade MC. 2003. Grzimek’s Animal Life Encyclopedia Second Edition, Volume 12-16 Mammals I-V. Gale, Farmington Hills, MI, USA.",LC,0
133,Eumops hansae,Molossidae,Chiroptera,2,6,1,261,"Hutchins M, Kleiman DG, Geist V, McDade MC. 2003. Grzimek’s Animal Life Encyclopedia Second Edition, Volume 12-16 Mammals I-V. Gale, Farmington Hills, MI, USA.",LC,0
135,Eumops perotis,Molossidae,Chiroptera,2,6,1,261,"Hutchins M, Kleiman DG, Geist V, McDade MC. 2003. Grzimek’s Animal Life Encyclopedia Second Edition, Volume 12-16 Mammals I-V. Gale, Farmington Hills, MI, USA.",LC,0
136,Eumops underwoodi,Molossidae,Chiroptera,2,6,1,261,"Hutchins M, Kleiman DG, Geist V, McDade MC. 2003. Grzimek’s Animal Life Encyclopedia Second Edition, Volume 12-16 Mammals I-V. Gale, Farmington Hills, MI, USA.",LC,0
138,Molossops aequatorianus,Molossidae,Chiroptera,2,6,1,261,"Hutchins M, Kleiman DG, Geist V, McDade MC. 2003. Grzimek’s Animal Life Encyclopedia Second Edition, Volume 12-16 Mammals I-V. Gale, Farmington Hills, MI, USA.",EN,1
140,Molossops mattogrossensis,Molossidae,Chiroptera,2,6,1,261,"Hutchins M, Kleiman DG, Geist V, McDade MC. 2003. Grzimek’s Animal Life Encyclopedia Second Edition, Volume 12-16 Mammals I-V. Gale, Farmington Hills, MI, USA.",LC,0
143,Molossops temminckii,Molossidae,Chiroptera,2,6,1,261,"Hutchins M, Kleiman DG, Geist V, McDade MC. 2003. Grzimek’s Animal Life Encyclopedia Second Edition, Volume 12-16 Mammals I-V. Gale, Farmington Hills, MI, USA.",LC,0
146,Molossus bondae,Molossidae,Chiroptera,2,6,1,261,"Hutchins M, Kleiman DG, Geist V, McDade MC. 2003. Grzimek’s Animal Life Encyclopedia Second Edition, Volume 12-16 Mammals I-V. Gale, Farmington Hills, MI, USA.",LC,0
147,Molossus molossus,Molossidae,Chiroptera,2,6,1,261,"Hutchins M, Kleiman DG, Geist V, McDade MC. 2003. Grzimek’s Animal Life Encyclopedia Second Edition, Volume 12-16 Mammals I-V. Gale, Farmington Hills, MI, USA.",LC,0
148,Molossus pretiosus,Molossidae,Chiroptera,2,6,1,261,"Hutchins M, Kleiman DG, Geist V, McDade MC. 2003. Grzimek’s Animal Life Encyclopedia Second Edition, Volume 12-16 Mammals I-V. Gale, Farmington Hills, MI, USA.",LC,0
149,Molossus sinaloae,Molossidae,Chiroptera,2,6,1,261,"Hutchins M, Kleiman DG, Geist V, McDade MC. 2003. Grzimek’s Animal Life Encyclopedia Second Edition, Volume 12-16 Mammals I-V. Gale, Farmington Hills, MI, USA.",LC,0
150,Mops brachypterus,Molossidae,Chiroptera,2,6,1,261,"Hutchins M, Kleiman DG, Geist V, McDade MC. 2003. Grzimek’s Animal Life Encyclopedia Second Edition, Volume 12-16 Mammals I-V. Gale, Farmington Hills, MI, USA.",LC,0
151,Mops condylurus,Molossidae,Chiroptera,2,6,1,261,"Hutchins M, Kleiman DG, Geist V, McDade MC. 2003. Grzimek’s Animal Life Encyclopedia Second Edition, Volume 12-16 Mammals I-V. Gale, Farmington Hills, MI, USA.",LC,0
152,Mops congicus,Molossidae,Chiroptera,2,6,1,261,"Hutchins M, Kleiman DG, Geist V, McDade MC. 2003. Grzimek’s Animal Life Encyclopedia Second Edition, Volume 12-16 Mammals I-V. Gale, Farmington Hills, MI, USA.",LC,0
153,Mops demonstrator,Molossidae,Chiroptera,2,6,1,261,"Hutchins M, Kleiman DG, Geist V, McDade MC. 2003. Grzimek’s Animal Life Encyclopedia Second Edition, Volume 12-16 Mammals I-V. Gale, Farmington Hills, MI, USA.",LC,0
154,Mops midas,Molossidae,Chiroptera,2,6,1,261,"Hutchins M, Kleiman DG, Geist V, McDade MC. 2003. Grzimek’s Animal Life Encyclopedia Second Edition, Volume 12-16 Mammals I-V. Gale, Farmington Hills, MI, USA.",LC,0
155,Mops mops,Molossidae,Chiroptera,2,6,1,261,"Hutchins M, Kleiman DG, Geist V, McDade MC. 2003. Grzimek’s Animal Life Encyclopedia Second Edition, Volume 12-16 Mammals I-V. Gale, Farmington Hills, MI, USA.",NT,0
156,Mops nanulus,Molossidae,Chiroptera,2,6,1,261,"Hutchins M, Kleiman DG, Geist V, McDade MC. 2003. Grzimek’s Animal Life Encyclopedia Second Edition, Volume 12-16 Mammals I-V. Gale, Farmington Hills, MI, USA.",LC,0
158,Mops niveiventer,Molossidae,Chiroptera,2,6,1,261,"Hutchins M, Kleiman DG, Geist V, McDade MC. 2003. Grzimek’s Animal Life Encyclopedia Second Edition, Volume 12-16 Mammals I-V. Gale, Farmington Hills, MI, USA.",LC,0
159,Mops petersoni,Molossidae,Chiroptera,2,6,1,261,"Hutchins M, Kleiman DG, Geist V, McDade MC. 2003. Grzimek’s Animal Life Encyclopedia Second Edition, Volume 12-16 Mammals I-V. Gale, Farmington Hills, MI, USA.",NT,0
161,Mops spurrelli,Molossidae,Chiroptera,2,6,1,261,"Hutchins M, Kleiman DG, Geist V, McDade MC. 2003. Grzimek’s Animal Life Encyclopedia Second Edition, Volume 12-16 Mammals I-V. Gale, Farmington Hills, MI, USA.",LC,0
162,Mops thersites,Molossidae,Chiroptera,2,6,1,261,"Hutchins M, Kleiman DG, Geist V, McDade MC. 2003. Grzimek’s Animal Life Encyclopedia Second Edition, Volume 12-16 Mammals I-V. Gale, Farmington Hills, MI, USA.",LC,0
164,Mormopterus acetabulosus,Molossidae,Chiroptera,2,6,1,261,"Hutchins M, Kleiman DG, Geist V, McDade MC. 2003. Grzimek’s Animal Life Encyclopedia Second Edition, Volume 12-16 Mammals I-V. Gale, Farmington Hills, MI, USA.",EN,1
165,Mormopterus beccarii,Molossidae,Chiroptera,2,6,1,261,"Hutchins M, Kleiman DG, Geist V, McDade MC. 2003. Grzimek’s Animal Life Encyclopedia Second Edition, Volume 12-16 Mammals I-V. Gale, Farmington Hills, MI, USA.",LC,0
167,Mormopterus jugularis,Molossidae,Chiroptera,2,6,1,261,"Hutchins M, Kleiman DG, Geist V, McDade MC. 2003. Grzimek’s Animal Life Encyclopedia Second Edition, Volume 12-16 Mammals I-V. Gale, Farmington Hills, MI, USA.",LC,0
168,Mormopterus kalinowskii,Molossidae,Chiroptera,2,6,1,261,"Hutchins M, Kleiman DG, Geist V, McDade MC. 2003. Grzimek’s Animal Life Encyclopedia Second Edition, Volume 12-16 Mammals I-V. Gale, Farmington Hills, MI, USA.",LC,0
169,Mormopterus minutus,Molossidae,Chiroptera,2,6,1,261,"Hutchins M, Kleiman DG, Geist V, McDade MC. 2003. Grzimek’s Animal Life Encyclopedia Second Edition, Volume 12-16 Mammals I-V. Gale, Farmington Hills, MI, USA.",VU,1
170,Mormopterus norfolkensis,Molossidae,Chiroptera,2,6,1,261,"Hutchins M, Kleiman DG, Geist V, McDade MC. 2003. Grzimek’s Animal Life Encyclopedia Second Edition, Volume 12-16 Mammals I-V. Gale, Farmington Hills, MI, USA.",VU,1
172,Mormopterus phrudus,Molossidae,Chiroptera,2,6,1,261,"Hutchins M, Kleiman DG, Geist V, McDade MC. 2003. Grzimek’s Animal Life Encyclopedia Second Edition, Volume 12-16 Mammals I-V. Gale, Farmington Hills, MI, USA.",VU,1
173,Mormopterus planiceps,Molossidae,Chiroptera,2,6,1,261,"Hutchins M, Kleiman DG, Geist V, McDade MC. 2003. Grzimek’s Animal Life Encyclopedia Second Edition, Volume 12-16 Mammals I-V. Gale, Farmington Hills, MI, USA.",LC,0
176,Myopterus whitleyi,Molossidae,Chiroptera,2,6,1,261,"Hutchins M, Kleiman DG, Geist V, McDade MC. 2003. Grzimek’s Animal Life Encyclopedia Second Edition, Volume 12-16 Mammals I-V. Gale, Farmington Hills, MI, USA.",LC,0
177,Nyctinomops aurispinosus,Molossidae,Chiroptera,2,6,1,261,"Hutchins M, Kleiman DG, Geist V, McDade MC. 2003. Grzimek’s Animal Life Encyclopedia Second Edition, Volume 12-16 Mammals I-V. Gale, Farmington Hills, MI, USA.",LC,0
178,Nyctinomops femorosaccus,Molossidae,Chiroptera,2,6,1,261,"Hutchins M, Kleiman DG, Geist V, McDade MC. 2003. Grzimek’s Animal Life Encyclopedia Second Edition, Volume 12-16 Mammals I-V. Gale, Farmington Hills, MI, USA.",LC,0
179,Nyctinomops laticaudatus,Molossidae,Chiroptera,2,6,1,261,"Hutchins M, Kleiman DG, Geist V, McDade MC. 2003. Grzimek’s Animal Life Encyclopedia Second Edition, Volume 12-16 Mammals I-V. Gale, Farmington Hills, MI, USA.",LC,0
180,Nyctinomops macrotis,Molossidae,Chiroptera,2,6,1,261,"Hutchins M, Kleiman DG, Geist V, McDade MC. 2003. Grzimek’s Animal Life Encyclopedia Second Edition, Volume 12-16 Mammals I-V. Gale, Farmington Hills, MI, USA.",LC,0
182,Otomops martiensseni,Molossidae,Chiroptera,2,6,1,261,"Hutchins M, Kleiman DG, Geist V, McDade MC. 2003. Grzimek’s Animal Life Encyclopedia Second Edition, Volume 12-16 Mammals I-V. Gale, Farmington Hills, MI, USA.",NT,0
186,Promops centralis,Molossidae,Chiroptera,2,6,1,261,"Hutchins M, Kleiman DG, Geist V, McDade MC. 2003. Grzimek’s Animal Life Encyclopedia Second Edition, Volume 12-16 Mammals I-V. Gale, Farmington Hills, MI, USA.",LC,0
187,Promops nasutus,Molossidae,Chiroptera,2,6,1,261,"Hutchins M, Kleiman DG, Geist V, McDade MC. 2003. Grzimek’s Animal Life Encyclopedia Second Edition, Volume 12-16 Mammals I-V. Gale, Farmington Hills, MI, USA.",LC,0
188,Tadarida aegyptiaca,Molossidae,Chiroptera,2,6,1,261,"Hutchins M, Kleiman DG, Geist V, McDade MC. 2003. Grzimek’s Animal Life Encyclopedia Second Edition, Volume 12-16 Mammals I-V. Gale, Farmington Hills, MI, USA.",LC,0
190,Tadarida brasiliensis,Molossidae,Chiroptera,2,6,1,261,"Hutchins M, Kleiman DG, Geist V, McDade MC. 2003. Grzimek’s Animal Life Encyclopedia Second Edition, Volume 12-16 Mammals I-V. Gale, Farmington Hills, MI, USA.",LC,0
192,Tadarida fulminans,Molossidae,Chiroptera,2,6,1,261,"Hutchins M, Kleiman DG, Geist V, McDade MC. 2003. Grzimek’s Animal Life Encyclopedia Second Edition, Volume 12-16 Mammals I-V. Gale, Farmington Hills, MI, USA.",LC,0
193,Tadarida lobata,Molossidae,Chiroptera,2,6,1,261,"Hutchins M, Kleiman DG, Geist V, McDade MC. 2003. Grzimek’s Animal Life Encyclopedia Second Edition, Volume 12-16 Mammals I-V. Gale, Farmington Hills, MI, USA.",LC,0
194,Tadarida teniotis,Molossidae,Chiroptera,2,6,1,261,"Hutchins M, Kleiman DG, Geist V, McDade MC. 2003. Grzimek’s Animal Life Encyclopedia Second Edition, Volume 12-16 Mammals I-V. Gale, Farmington Hills, MI, USA.",LC,0
197,Mormoops megalophylla,Mormoopidae,Chiroptera,2,6,1,261,"Hutchins M, Kleiman DG, Geist V, McDade MC. 2003. Grzimek’s Animal Life Encyclopedia Second Edition, Volume 12-16 Mammals I-V. Gale, Farmington Hills, MI, USA.",LC,0
198,Pteronotus davyi,Mormoopidae,Chiroptera,2,6,1,261,"Hutchins M, Kleiman DG, Geist V, McDade MC. 2003. Grzimek’s Animal Life Encyclopedia Second Edition, Volume 12-16 Mammals I-V. Gale, Farmington Hills, MI, USA.",LC,0
199,Pteronotus gymnonotus,Mormoopidae,Chiroptera,2,6,1,261,"Hutchins M, Kleiman DG, Geist V, McDade MC. 2003. Grzimek’s Animal Life Encyclopedia Second Edition, Volume 12-16 Mammals I-V. Gale, Farmington Hills, MI, USA.",LC,0
200,Pteronotus macleayii,Mormoopidae,Chiroptera,2,6,1,261,"Hutchins M, Kleiman DG, Geist V, McDade MC. 2003. Grzimek’s Animal Life Encyclopedia Second Edition, Volume 12-16 Mammals I-V. Gale, Farmington Hills, MI, USA.",LC,0
201,Pteronotus parnellii,Mormoopidae,Chiroptera,2,6,1,261,"Hutchins M, Kleiman DG, Geist V, McDade MC. 2003. Grzimek’s Animal Life Encyclopedia Second Edition, Volume 12-16 Mammals I-V. Gale, Farmington Hills, MI, USA.",LC,0
202,Pteronotus personatus,Mormoopidae,Chiroptera,2,6,1,261,"Hutchins M, Kleiman DG, Geist V, McDade MC. 2003. Grzimek’s Animal Life Encyclopedia Second Edition, Volume 12-16 Mammals I-V. Gale, Farmington Hills, MI, USA.",LC,0
203,Pteronotus quadridens,Mormoopidae,Chiroptera,2,6,1,261,"Hutchins M, Kleiman DG, Geist V, McDade MC. 2003. Grzimek’s Animal Life Encyclopedia Second Edition, Volume 12-16 Mammals I-V. Gale, Farmington Hills, MI, USA.",LC,0
204,Martes americana,Mustelidae,Carnivora,2,1,1,211,"Long JL. 2003. Introduced Mammals of the World, Their history, distribution, and influence. CSIRO Publishing, Collingwood VIC, Australia. ; Klein, S., 1983. The encyclopedia of North American wildlife. Facts on File, INC., NY, USA.",LC,0
205,Eliomys quercinus,Myoxidae,Rodentia,2,1,1,211,"Hutchins M, Kleiman DG, Geist V, McDade MC. 2003. Grzimek’s Animal Life Encyclopedia Second Edition, Volume 12-16 Mammals I-V. Gale, Farmington Hills, MI, USA.; Alderton, D. 1996. Rodents of the world. Facts on File, INC., NY, USA.",NT,0
206,Graphiurus kelleni,Myoxidae,Rodentia,2,1,1,211,"Hutchins M, Kleiman DG, Geist V, McDade MC. 2003. Grzimek’s Animal Life Encyclopedia Second Edition, Volume 12-16 Mammals I-V. Gale, Farmington Hills, MI, USA.; Alderton, D. 1996. Rodents of the world. Facts on File, INC., NY, USA. Skinner, J. D., Chimimba, C. T. 2005. The Mammals of Southern African Subregion. Cambridge University Press, Cape Town, South Africa. ",LC,0
207,Graphiurus murinus,Myoxidae,Rodentia,2,1,1,211,"Hutchins M, Kleiman DG, Geist V, McDade MC. 2003. Grzimek’s Animal Life Encyclopedia Second Edition, Volume 12-16 Mammals I-V. Gale, Farmington Hills, MI, USA.; Alderton, D. 1996. Rodents of the world. Facts on File, INC., NY, USA. Skinner, J. D., Chimimba, C. T. 2005. The Mammals of Southern African Subregion. Cambridge University Press, Cape Town, South Africa. ",LC,0
208,Cyclopes didactylus,Myrmecophagidae,Xenarthra,2,1,1,211,"Hutchins M, Kleiman DG, Geist V, McDade MC. 2003. Grzimek’s Animal Life Encyclopedia Second Edition, Volume 12-16 Mammals I-V. Gale, Farmington Hills, MI, USA.",LC,0
209,Tamandua mexicana,Myrmecophagidae,Xenarthra,2,1,1,211,"Hutchins M, Kleiman DG, Geist V, McDade MC. 2003. Grzimek’s Animal Life Encyclopedia Second Edition, Volume 12-16 Mammals I-V. Gale, Farmington Hills, MI, USA. ; Gould, E., McKay, G. 1990. Encyclopedia of Animals Mammals. Weldon Owen Inc. San Francisco, California USA. ",LC,0
210,Mystacina tuberculata,Mystacinidae,Chiroptera,2,6,1,261,"Hutchins M, Kleiman DG, Geist V, McDade MC. 2003. Grzimek’s Animal Life Encyclopedia Second Edition, Volume 12-16 Mammals I-V. Gale, Farmington Hills, MI, USA.",VU,1
211,Myzopoda aurita,Myzopodidae,Chiroptera,2,6,1,261,"Hutchins M, Kleiman DG, Geist V, McDade MC. 2003. Grzimek’s Animal Life Encyclopedia Second Edition, Volume 12-16 Mammals I-V. Gale, Farmington Hills, MI, USA.",LC,0
214,Natalus stramineus,Natalidae,Chiroptera,2,6,1,261,"Hutchins M, Kleiman DG, Geist V, McDade MC. 2003. Grzimek’s Animal Life Encyclopedia Second Edition, Volume 12-16 Mammals I-V. Gale, Farmington Hills, MI, USA.",LC,0
216,Natalus tumidirostris,Natalidae,Chiroptera,2,6,1,261,"Hutchins M, Kleiman DG, Geist V, McDade MC. 2003. Grzimek’s Animal Life Encyclopedia Second Edition, Volume 12-16 Mammals I-V. Gale, Farmington Hills, MI, USA.",LC,0
217,Noctilio albiventris,Noctilionidae,Chiroptera,2,6,1,261,"Hutchins M, Kleiman DG, Geist V, McDade MC. 2003. Grzimek’s Animal Life Encyclopedia Second Edition, Volume 12-16 Mammals I-V. Gale, Farmington Hills, MI, USA.",LC,0
218,Noctilio leporinus,Noctilionidae,Chiroptera,2,6,1,261,"Hutchins M, Kleiman DG, Geist V, McDade MC. 2003. Grzimek’s Animal Life Encyclopedia Second Edition, Volume 12-16 Mammals I-V. Gale, Farmington Hills, MI, USA.",LC,0
219,Nycteris arge,Nycteridae,Chiroptera,2,6,1,261,"Hutchins M, Kleiman DG, Geist V, McDade MC. 2003. Grzimek’s Animal Life Encyclopedia Second Edition, Volume 12-16 Mammals I-V. Gale, Farmington Hills, MI, USA.",LC,0
220,Nycteris gambiensis,Nycteridae,Chiroptera,2,6,1,261,"Hutchins M, Kleiman DG, Geist V, McDade MC. 2003. Grzimek’s Animal Life Encyclopedia Second Edition, Volume 12-16 Mammals I-V. Gale, Farmington Hills, MI, USA.",LC,0
221,Nycteris grandis,Nycteridae,Chiroptera,2,6,1,261,"Hutchins M, Kleiman DG, Geist V, McDade MC. 2003. Grzimek’s Animal Life Encyclopedia Second Edition, Volume 12-16 Mammals I-V. Gale, Farmington Hills, MI, USA.",LC,0
222,Nycteris hispida,Nycteridae,Chiroptera,2,6,1,261,"Hutchins M, Kleiman DG, Geist V, McDade MC. 2003. Grzimek’s Animal Life Encyclopedia Second Edition, Volume 12-16 Mammals I-V. Gale, Farmington Hills, MI, USA.",LC,0
223,Nycteris intermedia,Nycteridae,Chiroptera,2,6,1,261,"Hutchins M, Kleiman DG, Geist V, McDade MC. 2003. Grzimek’s Animal Life Encyclopedia Second Edition, Volume 12-16 Mammals I-V. Gale, Farmington Hills, MI, USA.",LC,0
224,Nycteris javanica,Nycteridae,Chiroptera,2,6,1,261,"Hutchins M, Kleiman DG, Geist V, McDade MC. 2003. Grzimek’s Animal Life Encyclopedia Second Edition, Volume 12-16 Mammals I-V. Gale, Farmington Hills, MI, USA.",VU,1
225,Nycteris macrotis,Nycteridae,Chiroptera,2,6,1,261,"Hutchins M, Kleiman DG, Geist V, McDade MC. 2003. Grzimek’s Animal Life Encyclopedia Second Edition, Volume 12-16 Mammals I-V. Gale, Farmington Hills, MI, USA.",LC,0
227,Nycteris nana,Nycteridae,Chiroptera,2,6,1,261,"Hutchins M, Kleiman DG, Geist V, McDade MC. 2003. Grzimek’s Animal Life Encyclopedia Second Edition, Volume 12-16 Mammals I-V. Gale, Farmington Hills, MI, USA.",LC,0
228,Nycteris thebaica,Nycteridae,Chiroptera,2,6,1,261,"Hutchins M, Kleiman DG, Geist V, McDade MC. 2003. Grzimek’s Animal Life Encyclopedia Second Edition, Volume 12-16 Mammals I-V. Gale, Farmington Hills, MI, USA.",LC,0
230,Nycteris tragata,Nycteridae,Chiroptera,2,6,1,261,"Hutchins M, Kleiman DG, Geist V, McDade MC. 2003. Grzimek’s Animal Life Encyclopedia Second Edition, Volume 12-16 Mammals I-V. Gale, Farmington Hills, MI, USA.",NT,0
231,Nycteris woodi,Nycteridae,Chiroptera,2,6,1,261,"Hutchins M, Kleiman DG, Geist V, McDade MC. 2003. Grzimek’s Animal Life Encyclopedia Second Edition, Volume 12-16 Mammals I-V. Gale, Farmington Hills, MI, USA.",LC,0
232,Dactylopsila megalura,Petauridae,Diprotodontia,2,1,1,211,"Hutchins M, Kleiman DG, Geist V, McDade MC. 2003. Grzimek’s Animal Life Encyclopedia Second Edition, Volume 12-16 Mammals I-V. Gale, Farmington Hills, MI, USA.",LC,0
234,Dactylopsila tatei,Petauridae,Diprotodontia,2,1,1,211,"Hutchins M, Kleiman DG, Geist V, McDade MC. 2003. Grzimek’s Animal Life Encyclopedia Second Edition, Volume 12-16 Mammals I-V. Gale, Farmington Hills, MI, USA.",EN,1
235,Dactylopsila trivirgata,Petauridae,Diprotodontia,2,1,1,211,"Hutchins M, Kleiman DG, Geist V, McDade MC. 2003. Grzimek’s Animal Life Encyclopedia Second Edition, Volume 12-16 Mammals I-V. Gale, Farmington Hills, MI, USA.",LC,0
237,Anoura geoffroyi,Phyllostomidae,Chiroptera,2,6,1,261,"Hutchins M, Kleiman DG, Geist V, McDade MC. 2003. Grzimek’s Animal Life Encyclopedia Second Edition, Volume 12-16 Mammals I-V. Gale, Farmington Hills, MI, USA.",LC,0
238,Chrotopterus auritus,Phyllostomidae,Chiroptera,2,6,1,261,"Hutchins M, Kleiman DG, Geist V, McDade MC. 2003. Grzimek’s Animal Life Encyclopedia Second Edition, Volume 12-16 Mammals I-V. Gale, Farmington Hills, MI, USA.",LC,0
239,Desmodus rotundus,Phyllostomidae,Chiroptera,2,6,1,261,"Hutchins M, Kleiman DG, Geist V, McDade MC. 2003. Grzimek’s Animal Life Encyclopedia Second Edition, Volume 12-16 Mammals I-V. Gale, Farmington Hills, MI, USA.",LC,0
240,Diaemus youngi,Phyllostomidae,Chiroptera,2,6,1,261,"Hutchins M, Kleiman DG, Geist V, McDade MC. 2003. Grzimek’s Animal Life Encyclopedia Second Edition, Volume 12-16 Mammals I-V. Gale, Farmington Hills, MI, USA.",LC,0
241,Diphylla ecaudata,Phyllostomidae,Chiroptera,2,6,1,261,"Hutchins M, Kleiman DG, Geist V, McDade MC. 2003. Grzimek’s Animal Life Encyclopedia Second Edition, Volume 12-16 Mammals I-V. Gale, Farmington Hills, MI, USA.",LC,0
242,Lonchorhina aurita,Phyllostomidae,Chiroptera,2,6,1,261,"Hutchins M, Kleiman DG, Geist V, McDade MC. 2003. Grzimek’s Animal Life Encyclopedia Second Edition, Volume 12-16 Mammals I-V. Gale, Farmington Hills, MI, USA., Nowak RM. 1999. Walker’s Mammals of the World, Vol. 1. Sixth Ed. The Johns Hopkins University Press, Maryland, USA.",LC,0
243,Lonchorhina fernandezi,Phyllostomidae,Chiroptera,2,6,1,261,"Hutchins M, Kleiman DG, Geist V, McDade MC. 2003. Grzimek’s Animal Life Encyclopedia Second Edition, Volume 12-16 Mammals I-V. Gale, Farmington Hills, MI, USA., Nowak RM. 1999. Walker’s Mammals of the World, Vol. 1. Sixth Ed. The Johns Hopkins University Press, Maryland, USA.",EN,1
244,Lonchorhina marinkellei,Phyllostomidae,Chiroptera,2,6,1,261,"Hutchins M, Kleiman DG, Geist V, McDade MC. 2003. Grzimek’s Animal Life Encyclopedia Second Edition, Volume 12-16 Mammals I-V. Gale, Farmington Hills, MI, USA., Nowak RM. 1999. Walker’s Mammals of the World, Vol. 1. Sixth Ed. The Johns Hopkins University Press, Maryland, USA.",VU,1
245,Lonchorhina orinocensis,Phyllostomidae,Chiroptera,2,6,1,261,"Hutchins M, Kleiman DG, Geist V, McDade MC. 2003. Grzimek’s Animal Life Encyclopedia Second Edition, Volume 12-16 Mammals I-V. Gale, Farmington Hills, MI, USA., Nowak RM. 1999. Walker’s Mammals of the World, Vol. 1. Sixth Ed. The Johns Hopkins University Press, Maryland, USA.",VU,1
246,Macrophyllum macrophyllum,Phyllostomidae,Chiroptera,2,6,1,261,"Hutchins M, Kleiman DG, Geist V, McDade MC. 2003. Grzimek’s Animal Life Encyclopedia Second Edition, Volume 12-16 Mammals I-V. Gale, Farmington Hills, MI, USA., Nowak RM. 1999. Walker’s Mammals of the World, Vol. 1. Sixth Ed. The Johns Hopkins University Press, Maryland, USA.",LC,0
247,Macrotus californicus,Phyllostomidae,Chiroptera,2,6,1,261,"Hutchins M, Kleiman DG, Geist V, McDade MC. 2003. Grzimek’s Animal Life Encyclopedia Second Edition, Volume 12-16 Mammals I-V. Gale, Farmington Hills, MI, USA.",LC,0
251,Micronycteris hirsuta,Phyllostomidae,Chiroptera,2,6,1,261,"Hutchins M, Kleiman DG, Geist V, McDade MC. 2003. Grzimek’s Animal Life Encyclopedia Second Edition, Volume 12-16 Mammals I-V. Gale, Farmington Hills, MI, USA., Nowak RM. 1999. Walker’s Mammals of the World, Vol. 1. Sixth Ed. The Johns Hopkins University Press, Maryland, USA.",LC,0
252,Micronycteris megalotis,Phyllostomidae,Chiroptera,2,6,1,261,"Hutchins M, Kleiman DG, Geist V, McDade MC. 2003. Grzimek’s Animal Life Encyclopedia Second Edition, Volume 12-16 Mammals I-V. Gale, Farmington Hills, MI, USA., Nowak RM. 1999. Walker’s Mammals of the World, Vol. 1. Sixth Ed. The Johns Hopkins University Press, Maryland, USA.",LC,0
253,Micronycteris minuta,Phyllostomidae,Chiroptera,2,6,1,261,"Hutchins M, Kleiman DG, Geist V, McDade MC. 2003. Grzimek’s Animal Life Encyclopedia Second Edition, Volume 12-16 Mammals I-V. Gale, Farmington Hills, MI, USA., Nowak RM. 1999. Walker’s Mammals of the World, Vol. 1. Sixth Ed. The Johns Hopkins University Press, Maryland, USA.",LC,0
256,Micronycteris schmidtorum,Phyllostomidae,Chiroptera,2,6,1,261,"Hutchins M, Kleiman DG, Geist V, McDade MC. 2003. Grzimek’s Animal Life Encyclopedia Second Edition, Volume 12-16 Mammals I-V. Gale, Farmington Hills, MI, USA., Nowak RM. 1999. Walker’s Mammals of the World, Vol. 1. Sixth Ed. The Johns Hopkins University Press, Maryland, USA.",LC,0
262,Trachops cirrhosus,Phyllostomidae,Chiroptera,2,6,1,261,"Hutchins M, Kleiman DG, Geist V, McDade MC. 2003. Grzimek’s Animal Life Encyclopedia Second Edition, Volume 12-16 Mammals I-V. Gale, Farmington Hills, MI, USA., Nowak RM. 1999. Walker’s Mammals of the World, Vol. 1. Sixth Ed. The Johns Hopkins University Press, Maryland, USA.",LC,0
263,Vampyrum spectrum,Phyllostomidae,Chiroptera,2,6,1,261,"Hutchins M, Kleiman DG, Geist V, McDade MC. 2003. Grzimek’s Animal Life Encyclopedia Second Edition, Volume 12-16 Mammals I-V. Gale, Farmington Hills, MI, USA.",NT,0
264,Bassariscus sumichrasti,Procyonidae,Carnivora,2,1,1,211,"Hutchins M, Kleiman DG, Geist V, McDade MC. 2003. Grzimek’s Animal Life Encyclopedia Second Edition, Volume 12-16 Mammals I-V. Gale, Farmington Hills, MI, USA.",LC,0
266,Asellia patrizii,Rhinolophidae,Chiroptera,2,6,1,261,"Hutchins M, Kleiman DG, Geist V, McDade MC. 2003. Grzimek’s Animal Life Encyclopedia Second Edition, Volume 12-16 Mammals I-V. Gale, Farmington Hills, MI, USA.",LC,0
267,Asellia tridens,Rhinolophidae,Chiroptera,2,6,1,261,"Hutchins M, Kleiman DG, Geist V, McDade MC. 2003. Grzimek’s Animal Life Encyclopedia Second Edition, Volume 12-16 Mammals I-V. Gale, Farmington Hills, MI, USA.",LC,0
268,Aselliscus stoliczkanus,Rhinolophidae,Chiroptera,2,6,1,261,"Hutchins M, Kleiman DG, Geist V, McDade MC. 2003. Grzimek’s Animal Life Encyclopedia Second Edition, Volume 12-16 Mammals I-V. Gale, Farmington Hills, MI, USA.",LC,0
269,Cloeotis percivali,Rhinolophidae,Chiroptera,2,6,1,261,"Hutchins M, Kleiman DG, Geist V, McDade MC. 2003. Grzimek’s Animal Life Encyclopedia Second Edition, Volume 12-16 Mammals I-V. Gale, Farmington Hills, MI, USA.",LC,0
272,Coelops robinsoni,Rhinolophidae,Chiroptera,2,6,1,261,"Hutchins M, Kleiman DG, Geist V, McDade MC. 2003. Grzimek’s Animal Life Encyclopedia Second Edition, Volume 12-16 Mammals I-V. Gale, Farmington Hills, MI, USA.",VU,1
273,Hipposideros abae,Rhinolophidae,Chiroptera,2,6,1,261,"Hutchins M, Kleiman DG, Geist V, McDade MC. 2003. Grzimek’s Animal Life Encyclopedia Second Edition, Volume 12-16 Mammals I-V. Gale, Farmington Hills, MI, USA.",LC,0
274,Hipposideros armiger,Rhinolophidae,Chiroptera,2,6,1,261,"Hutchins M, Kleiman DG, Geist V, McDade MC. 2003. Grzimek’s Animal Life Encyclopedia Second Edition, Volume 12-16 Mammals I-V. Gale, Farmington Hills, MI, USA.",LC,0
275,Hipposideros beatus,Rhinolophidae,Chiroptera,2,6,1,261,"Hutchins M, Kleiman DG, Geist V, McDade MC. 2003. Grzimek’s Animal Life Encyclopedia Second Edition, Volume 12-16 Mammals I-V. Gale, Farmington Hills, MI, USA.",LC,0
276,Hipposideros bicolor,Rhinolophidae,Chiroptera,2,6,1,261,"Hutchins M, Kleiman DG, Geist V, McDade MC. 2003. Grzimek’s Animal Life Encyclopedia Second Edition, Volume 12-16 Mammals I-V. Gale, Farmington Hills, MI, USA.",LC,0
278,Hipposideros caffer,Rhinolophidae,Chiroptera,2,6,1,261,"Hutchins M, Kleiman DG, Geist V, McDade MC. 2003. Grzimek’s Animal Life Encyclopedia Second Edition, Volume 12-16 Mammals I-V. Gale, Farmington Hills, MI, USA.",LC,0
280,Hipposideros cineraceus,Rhinolophidae,Chiroptera,2,6,1,261,"Hutchins M, Kleiman DG, Geist V, McDade MC. 2003. Grzimek’s Animal Life Encyclopedia Second Edition, Volume 12-16 Mammals I-V. Gale, Farmington Hills, MI, USA.",LC,0
283,Hipposideros coxi,Rhinolophidae,Chiroptera,2,6,1,261,"Hutchins M, Kleiman DG, Geist V, McDade MC. 2003. Grzimek’s Animal Life Encyclopedia Second Edition, Volume 12-16 Mammals I-V. Gale, Farmington Hills, MI, USA.",EN,1
285,Hipposideros curtus,Rhinolophidae,Chiroptera,2,6,1,261,"Hutchins M, Kleiman DG, Geist V, McDade MC. 2003. Grzimek’s Animal Life Encyclopedia Second Edition, Volume 12-16 Mammals I-V. Gale, Farmington Hills, MI, USA.",EN,1
286,Hipposideros cyclops,Rhinolophidae,Chiroptera,2,6,1,261,"Hutchins M, Kleiman DG, Geist V, McDade MC. 2003. Grzimek’s Animal Life Encyclopedia Second Edition, Volume 12-16 Mammals I-V. Gale, Farmington Hills, MI, USA.",LC,0
287,Hipposideros diadema,Rhinolophidae,Chiroptera,2,6,1,261,"Hutchins M, Kleiman DG, Geist V, McDade MC. 2003. Grzimek’s Animal Life Encyclopedia Second Edition, Volume 12-16 Mammals I-V. Gale, Farmington Hills, MI, USA.",LC,0
289,Hipposideros doriae,Rhinolophidae,Chiroptera,2,6,1,261,"Hutchins M, Kleiman DG, Geist V, McDade MC. 2003. Grzimek’s Animal Life Encyclopedia Second Edition, Volume 12-16 Mammals I-V. Gale, Farmington Hills, MI, USA.",NT,0
290,Hipposideros dyacorum,Rhinolophidae,Chiroptera,2,6,1,261,"Hutchins M, Kleiman DG, Geist V, McDade MC. 2003. Grzimek’s Animal Life Encyclopedia Second Edition, Volume 12-16 Mammals I-V. Gale, Farmington Hills, MI, USA.",LC,0
291,Hipposideros fuliginosus,Rhinolophidae,Chiroptera,2,6,1,261,"Hutchins M, Kleiman DG, Geist V, McDade MC. 2003. Grzimek’s Animal Life Encyclopedia Second Edition, Volume 12-16 Mammals I-V. Gale, Farmington Hills, MI, USA.",LC,0
292,Hipposideros fulvus,Rhinolophidae,Chiroptera,2,6,1,261,"Hutchins M, Kleiman DG, Geist V, McDade MC. 2003. Grzimek’s Animal Life Encyclopedia Second Edition, Volume 12-16 Mammals I-V. Gale, Farmington Hills, MI, USA.",LC,0
293,Hipposideros galeritus,Rhinolophidae,Chiroptera,2,6,1,261,"Hutchins M, Kleiman DG, Geist V, McDade MC. 2003. Grzimek’s Animal Life Encyclopedia Second Edition, Volume 12-16 Mammals I-V. Gale, Farmington Hills, MI, USA.",LC,0
294,Hipposideros halophyllus,Rhinolophidae,Chiroptera,2,6,1,261,"Hutchins M, Kleiman DG, Geist V, McDade MC. 2003. Grzimek’s Animal Life Encyclopedia Second Edition, Volume 12-16 Mammals I-V. Gale, Farmington Hills, MI, USA.",VU,1
296,Hipposideros jonesi,Rhinolophidae,Chiroptera,2,6,1,261,"Hutchins M, Kleiman DG, Geist V, McDade MC. 2003. Grzimek’s Animal Life Encyclopedia Second Edition, Volume 12-16 Mammals I-V. Gale, Farmington Hills, MI, USA.",NT,0
297,Hipposideros lamottei,Rhinolophidae,Chiroptera,2,6,1,261,"Hutchins M, Kleiman DG, Geist V, McDade MC. 2003. Grzimek’s Animal Life Encyclopedia Second Edition, Volume 12-16 Mammals I-V. Gale, Farmington Hills, MI, USA.",CR,1
298,Hipposideros lankadiva,Rhinolophidae,Chiroptera,2,6,1,261,"Hutchins M, Kleiman DG, Geist V, McDade MC. 2003. Grzimek’s Animal Life Encyclopedia Second Edition, Volume 12-16 Mammals I-V. Gale, Farmington Hills, MI, USA.",LC,0
300,Hipposideros larvatus,Rhinolophidae,Chiroptera,2,6,1,261,"Hutchins M, Kleiman DG, Geist V, McDade MC. 2003. Grzimek’s Animal Life Encyclopedia Second Edition, Volume 12-16 Mammals I-V. Gale, Farmington Hills, MI, USA.",LC,0
301,Hipposideros lekaguli,Rhinolophidae,Chiroptera,2,6,1,261,"Hutchins M, Kleiman DG, Geist V, McDade MC. 2003. Grzimek’s Animal Life Encyclopedia Second Edition, Volume 12-16 Mammals I-V. Gale, Farmington Hills, MI, USA.",NT,0
302,Hipposideros lylei,Rhinolophidae,Chiroptera,2,6,1,261,"Hutchins M, Kleiman DG, Geist V, McDade MC. 2003. Grzimek’s Animal Life Encyclopedia Second Edition, Volume 12-16 Mammals I-V. Gale, Farmington Hills, MI, USA.",LC,0
304,Hipposideros marisae,Rhinolophidae,Chiroptera,2,6,1,261,"Hutchins M, Kleiman DG, Geist V, McDade MC. 2003. Grzimek’s Animal Life Encyclopedia Second Edition, Volume 12-16 Mammals I-V. Gale, Farmington Hills, MI, USA.",VU,1
305,Hipposideros megalotis,Rhinolophidae,Chiroptera,2,6,1,261,"Hutchins M, Kleiman DG, Geist V, McDade MC. 2003. Grzimek’s Animal Life Encyclopedia Second Edition, Volume 12-16 Mammals I-V. Gale, Farmington Hills, MI, USA.",LC,0
307,Hipposideros obscurus,Rhinolophidae,Chiroptera,2,6,1,261,"Hutchins M, Kleiman DG, Geist V, McDade MC. 2003. Grzimek’s Animal Life Encyclopedia Second Edition, Volume 12-16 Mammals I-V. Gale, Farmington Hills, MI, USA.",LC,0
308,Hipposideros pomona,Rhinolophidae,Chiroptera,2,6,1,261,"Hutchins M, Kleiman DG, Geist V, McDade MC. 2003. Grzimek’s Animal Life Encyclopedia Second Edition, Volume 12-16 Mammals I-V. Gale, Farmington Hills, MI, USA.",LC,0
309,Hipposideros pratti,Rhinolophidae,Chiroptera,2,6,1,261,"Hutchins M, Kleiman DG, Geist V, McDade MC. 2003. Grzimek’s Animal Life Encyclopedia Second Edition, Volume 12-16 Mammals I-V. Gale, Farmington Hills, MI, USA.",LC,0
310,Hipposideros pygmaeus,Rhinolophidae,Chiroptera,2,6,1,261,"Hutchins M, Kleiman DG, Geist V, McDade MC. 2003. Grzimek’s Animal Life Encyclopedia Second Edition, Volume 12-16 Mammals I-V. Gale, Farmington Hills, MI, USA.",LC,0
311,Hipposideros ridleyi,Rhinolophidae,Chiroptera,2,6,1,261,"Hutchins M, Kleiman DG, Geist V, McDade MC. 2003. Grzimek’s Animal Life Encyclopedia Second Edition, Volume 12-16 Mammals I-V. Gale, Farmington Hills, MI, USA.",VU,1
312,Hipposideros ruber,Rhinolophidae,Chiroptera,2,6,1,261,"Hutchins M, Kleiman DG, Geist V, McDade MC. 2003. Grzimek’s Animal Life Encyclopedia Second Edition, Volume 12-16 Mammals I-V. Gale, Farmington Hills, MI, USA.",LC,0
315,Hipposideros speoris,Rhinolophidae,Chiroptera,2,6,1,261,"Hutchins M, Kleiman DG, Geist V, McDade MC. 2003. Grzimek’s Animal Life Encyclopedia Second Edition, Volume 12-16 Mammals I-V. Gale, Farmington Hills, MI, USA.",LC,0
316,Hipposideros stenotis,Rhinolophidae,Chiroptera,2,6,1,261,"Hutchins M, Kleiman DG, Geist V, McDade MC. 2003. Grzimek’s Animal Life Encyclopedia Second Edition, Volume 12-16 Mammals I-V. Gale, Farmington Hills, MI, USA.",LC,0
317,Hipposideros turpis,Rhinolophidae,Chiroptera,2,6,1,261,"Hutchins M, Kleiman DG, Geist V, McDade MC. 2003. Grzimek’s Animal Life Encyclopedia Second Edition, Volume 12-16 Mammals I-V. Gale, Farmington Hills, MI, USA.",EN,1
319,Rhinolophus acuminatus,Rhinolophidae,Chiroptera,2,6,1,261,"Hutchins M, Kleiman DG, Geist V, McDade MC. 2003. Grzimek’s Animal Life Encyclopedia Second Edition, Volume 12-16 Mammals I-V. Gale, Farmington Hills, MI, USA.",LC,0
321,Rhinolophus affinis,Rhinolophidae,Chiroptera,2,6,1,261,"Hutchins M, Kleiman DG, Geist V, McDade MC. 2003. Grzimek’s Animal Life Encyclopedia Second Edition, Volume 12-16 Mammals I-V. Gale, Farmington Hills, MI, USA.",LC,0
322,Rhinolophus alcyone,Rhinolophidae,Chiroptera,2,6,1,261,"Hutchins M, Kleiman DG, Geist V, McDade MC. 2003. Grzimek’s Animal Life Encyclopedia Second Edition, Volume 12-16 Mammals I-V. Gale, Farmington Hills, MI, USA.",LC,0
324,Rhinolophus blasii,Rhinolophidae,Chiroptera,2,6,1,261,"Hutchins M, Kleiman DG, Geist V, McDade MC. 2003. Grzimek’s Animal Life Encyclopedia Second Edition, Volume 12-16 Mammals I-V. Gale, Farmington Hills, MI, USA.",LC,0
325,Rhinolophus borneensis,Rhinolophidae,Chiroptera,2,6,1,261,"Hutchins M, Kleiman DG, Geist V, McDade MC. 2003. Grzimek’s Animal Life Encyclopedia Second Edition, Volume 12-16 Mammals I-V. Gale, Farmington Hills, MI, USA.",LC,0
326,Rhinolophus canuti,Rhinolophidae,Chiroptera,2,6,1,261,"Hutchins M, Kleiman DG, Geist V, McDade MC. 2003. Grzimek’s Animal Life Encyclopedia Second Edition, Volume 12-16 Mammals I-V. Gale, Farmington Hills, MI, USA.",VU,1
327,Rhinolophus capensis,Rhinolophidae,Chiroptera,2,6,1,261,"Hutchins M, Kleiman DG, Geist V, McDade MC. 2003. Grzimek’s Animal Life Encyclopedia Second Edition, Volume 12-16 Mammals I-V. Gale, Farmington Hills, MI, USA.",LC,0
328,Rhinolophus celebensis,Rhinolophidae,Chiroptera,2,6,1,261,"Hutchins M, Kleiman DG, Geist V, McDade MC. 2003. Grzimek’s Animal Life Encyclopedia Second Edition, Volume 12-16 Mammals I-V. Gale, Farmington Hills, MI, USA.",LC,0
329,Rhinolophus clivosus,Rhinolophidae,Chiroptera,2,6,1,261,"Hutchins M, Kleiman DG, Geist V, McDade MC. 2003. Grzimek’s Animal Life Encyclopedia Second Edition, Volume 12-16 Mammals I-V. Gale, Farmington Hills, MI, USA.",LC,0
330,Rhinolophus coelophyllus,Rhinolophidae,Chiroptera,2,6,1,261,"Hutchins M, Kleiman DG, Geist V, McDade MC. 2003. Grzimek’s Animal Life Encyclopedia Second Edition, Volume 12-16 Mammals I-V. Gale, Farmington Hills, MI, USA.",LC,0
331,Rhinolophus cognatus,Rhinolophidae,Chiroptera,2,6,1,261,"Hutchins M, Kleiman DG, Geist V, McDade MC. 2003. Grzimek’s Animal Life Encyclopedia Second Edition, Volume 12-16 Mammals I-V. Gale, Farmington Hills, MI, USA.",EN,1
333,Rhinolophus creaghi,Rhinolophidae,Chiroptera,2,6,1,261,"Hutchins M, Kleiman DG, Geist V, McDade MC. 2003. Grzimek’s Animal Life Encyclopedia Second Edition, Volume 12-16 Mammals I-V. Gale, Farmington Hills, MI, USA.",LC,0
334,Rhinolophus darlingi,Rhinolophidae,Chiroptera,2,6,1,261,"Hutchins M, Kleiman DG, Geist V, McDade MC. 2003. Grzimek’s Animal Life Encyclopedia Second Edition, Volume 12-16 Mammals I-V. Gale, Farmington Hills, MI, USA.",LC,0
335,Rhinolophus deckenii,Rhinolophidae,Chiroptera,2,6,1,261,"Hutchins M, Kleiman DG, Geist V, McDade MC. 2003. Grzimek’s Animal Life Encyclopedia Second Edition, Volume 12-16 Mammals I-V. Gale, Farmington Hills, MI, USA.",NT,0
336,Rhinolophus denti,Rhinolophidae,Chiroptera,2,6,1,261,"Hutchins M, Kleiman DG, Geist V, McDade MC. 2003. Grzimek’s Animal Life Encyclopedia Second Edition, Volume 12-16 Mammals I-V. Gale, Farmington Hills, MI, USA.",LC,0
337,Rhinolophus eloquens,Rhinolophidae,Chiroptera,2,6,1,261,"Hutchins M, Kleiman DG, Geist V, McDade MC. 2003. Grzimek’s Animal Life Encyclopedia Second Edition, Volume 12-16 Mammals I-V. Gale, Farmington Hills, MI, USA.",LC,0
338,Rhinolophus euryale,Rhinolophidae,Chiroptera,2,6,1,261,"Hutchins M, Kleiman DG, Geist V, McDade MC. 2003. Grzimek’s Animal Life Encyclopedia Second Edition, Volume 12-16 Mammals I-V. Gale, Farmington Hills, MI, USA.",NT,0
339,Rhinolophus ferrumequinum,Rhinolophidae,Chiroptera,2,6,1,261,"Hutchins M, Kleiman DG, Geist V, McDade MC. 2003. Grzimek’s Animal Life Encyclopedia Second Edition, Volume 12-16 Mammals I-V. Gale, Farmington Hills, MI, USA.",LC,0
340,Rhinolophus fumigatus,Rhinolophidae,Chiroptera,2,6,1,261,"Hutchins M, Kleiman DG, Geist V, McDade MC. 2003. Grzimek’s Animal Life Encyclopedia Second Edition, Volume 12-16 Mammals I-V. Gale, Farmington Hills, MI, USA.",LC,0
341,Rhinolophus guineensis,Rhinolophidae,Chiroptera,2,6,1,261,"Hutchins M, Kleiman DG, Geist V, McDade MC. 2003. Grzimek’s Animal Life Encyclopedia Second Edition, Volume 12-16 Mammals I-V. Gale, Farmington Hills, MI, USA.",EN,1
343,Rhinolophus hipposideros,Rhinolophidae,Chiroptera,2,6,1,261,"Hutchins M, Kleiman DG, Geist V, McDade MC. 2003. Grzimek’s Animal Life Encyclopedia Second Edition, Volume 12-16 Mammals I-V. Gale, Farmington Hills, MI, USA.",LC,0
345,Rhinolophus inops,Rhinolophidae,Chiroptera,2,6,1,261,"Hutchins M, Kleiman DG, Geist V, McDade MC. 2003. Grzimek’s Animal Life Encyclopedia Second Edition, Volume 12-16 Mammals I-V. Gale, Farmington Hills, MI, USA.",LC,0
347,Rhinolophus landeri,Rhinolophidae,Chiroptera,2,6,1,261,"Hutchins M, Kleiman DG, Geist V, McDade MC. 2003. Grzimek’s Animal Life Encyclopedia Second Edition, Volume 12-16 Mammals I-V. Gale, Farmington Hills, MI, USA.",LC,0
348,Rhinolophus lepidus,Rhinolophidae,Chiroptera,2,6,1,261,"Hutchins M, Kleiman DG, Geist V, McDade MC. 2003. Grzimek’s Animal Life Encyclopedia Second Edition, Volume 12-16 Mammals I-V. Gale, Farmington Hills, MI, USA.",LC,0
349,Rhinolophus luctus,Rhinolophidae,Chiroptera,2,6,1,261,"Hutchins M, Kleiman DG, Geist V, McDade MC. 2003. Grzimek’s Animal Life Encyclopedia Second Edition, Volume 12-16 Mammals I-V. Gale, Farmington Hills, MI, USA.",LC,0
350,Rhinolophus maclaudi,Rhinolophidae,Chiroptera,2,6,1,261,"Hutchins M, Kleiman DG, Geist V, McDade MC. 2003. Grzimek’s Animal Life Encyclopedia Second Edition, Volume 12-16 Mammals I-V. Gale, Farmington Hills, MI, USA.",EN,1
351,Rhinolophus macrotis,Rhinolophidae,Chiroptera,2,6,1,261,"Hutchins M, Kleiman DG, Geist V, McDade MC. 2003. Grzimek’s Animal Life Encyclopedia Second Edition, Volume 12-16 Mammals I-V. Gale, Farmington Hills, MI, USA.",LC,0
352,Rhinolophus malayanus,Rhinolophidae,Chiroptera,2,6,1,261,"Hutchins M, Kleiman DG, Geist V, McDade MC. 2003. Grzimek’s Animal Life Encyclopedia Second Edition, Volume 12-16 Mammals I-V. Gale, Farmington Hills, MI, USA.",LC,0
353,Rhinolophus marshalli,Rhinolophidae,Chiroptera,2,6,1,261,"Hutchins M, Kleiman DG, Geist V, McDade MC. 2003. Grzimek’s Animal Life Encyclopedia Second Edition, Volume 12-16 Mammals I-V. Gale, Farmington Hills, MI, USA.",LC,0
354,Rhinolophus mehelyi,Rhinolophidae,Chiroptera,2,6,1,261,"Hutchins M, Kleiman DG, Geist V, McDade MC. 2003. Grzimek’s Animal Life Encyclopedia Second Edition, Volume 12-16 Mammals I-V. Gale, Farmington Hills, MI, USA.",VU,1
359,Rhinolophus paradoxolophus,Rhinolophidae,Chiroptera,2,6,1,261,"Hutchins M, Kleiman DG, Geist V, McDade MC. 2003. Grzimek’s Animal Life Encyclopedia Second Edition, Volume 12-16 Mammals I-V. Gale, Farmington Hills, MI, USA.",LC,0
361,Rhinolophus pusillus,Rhinolophidae,Chiroptera,2,6,1,261,"Hutchins M, Kleiman DG, Geist V, McDade MC. 2003. Grzimek’s Animal Life Encyclopedia Second Edition, Volume 12-16 Mammals I-V. Gale, Farmington Hills, MI, USA.",LC,0
362,Rhinolophus rex,Rhinolophidae,Chiroptera,2,6,1,261,"Hutchins M, Kleiman DG, Geist V, McDade MC. 2003. Grzimek’s Animal Life Encyclopedia Second Edition, Volume 12-16 Mammals I-V. Gale, Farmington Hills, MI, USA.",EN,1
363,Rhinolophus robinsoni,Rhinolophidae,Chiroptera,2,6,1,261,"Hutchins M, Kleiman DG, Geist V, McDade MC. 2003. Grzimek’s Animal Life Encyclopedia Second Edition, Volume 12-16 Mammals I-V. Gale, Farmington Hills, MI, USA.",NT,0
365,Rhinolophus rufus,Rhinolophidae,Chiroptera,2,6,1,261,"Hutchins M, Kleiman DG, Geist V, McDade MC. 2003. Grzimek’s Animal Life Encyclopedia Second Edition, Volume 12-16 Mammals I-V. Gale, Farmington Hills, MI, USA.",NT,0
366,Rhinolophus sedulus,Rhinolophidae,Chiroptera,2,6,1,261,"Hutchins M, Kleiman DG, Geist V, McDade MC. 2003. Grzimek’s Animal Life Encyclopedia Second Edition, Volume 12-16 Mammals I-V. Gale, Farmington Hills, MI, USA.",NT,0
367,Rhinolophus shameli,Rhinolophidae,Chiroptera,2,6,1,261,"Hutchins M, Kleiman DG, Geist V, McDade MC. 2003. Grzimek’s Animal Life Encyclopedia Second Edition, Volume 12-16 Mammals I-V. Gale, Farmington Hills, MI, USA.",LC,0
370,Rhinolophus simulator,Rhinolophidae,Chiroptera,2,6,1,261,"Hutchins M, Kleiman DG, Geist V, McDade MC. 2003. Grzimek’s Animal Life Encyclopedia Second Edition, Volume 12-16 Mammals I-V. Gale, Farmington Hills, MI, USA.",LC,0
371,Rhinolophus stheno,Rhinolophidae,Chiroptera,2,6,1,261,"Hutchins M, Kleiman DG, Geist V, McDade MC. 2003. Grzimek’s Animal Life Encyclopedia Second Edition, Volume 12-16 Mammals I-V. Gale, Farmington Hills, MI, USA.",LC,0
372,Rhinolophus subbadius,Rhinolophidae,Chiroptera,2,6,1,261,"Hutchins M, Kleiman DG, Geist V, McDade MC. 2003. Grzimek’s Animal Life Encyclopedia Second Edition, Volume 12-16 Mammals I-V. Gale, Farmington Hills, MI, USA.",LC,0
374,Rhinolophus swinnyi,Rhinolophidae,Chiroptera,2,6,1,261,"Hutchins M, Kleiman DG, Geist V, McDade MC. 2003. Grzimek’s Animal Life Encyclopedia Second Edition, Volume 12-16 Mammals I-V. Gale, Farmington Hills, MI, USA.",LC,0
375,Rhinolophus thomasi,Rhinolophidae,Chiroptera,2,6,1,261,"Hutchins M, Kleiman DG, Geist V, McDade MC. 2003. Grzimek’s Animal Life Encyclopedia Second Edition, Volume 12-16 Mammals I-V. Gale, Farmington Hills, MI, USA.",LC,0
376,Rhinolophus trifoliatus,Rhinolophidae,Chiroptera,2,6,1,261,"Hutchins M, Kleiman DG, Geist V, McDade MC. 2003. Grzimek’s Animal Life Encyclopedia Second Edition, Volume 12-16 Mammals I-V. Gale, Farmington Hills, MI, USA.",NT,0
377,Rhinolophus virgo,Rhinolophidae,Chiroptera,2,6,1,261,"Hutchins M, Kleiman DG, Geist V, McDade MC. 2003. Grzimek’s Animal Life Encyclopedia Second Edition, Volume 12-16 Mammals I-V. Gale, Farmington Hills, MI, USA.",LC,0
378,Rhinolophus yunanensis,Rhinolophidae,Chiroptera,2,6,1,261,"Hutchins M, Kleiman DG, Geist V, McDade MC. 2003. Grzimek’s Animal Life Encyclopedia Second Edition, Volume 12-16 Mammals I-V. Gale, Farmington Hills, MI, USA.",LC,0
379,Rhinonicteris aurantia,Rhinolophidae,Chiroptera,2,6,1,261,"Hutchins M, Kleiman DG, Geist V, McDade MC. 2003. Grzimek’s Animal Life Encyclopedia Second Edition, Volume 12-16 Mammals I-V. Gale, Farmington Hills, MI, USA.",LC,0
381,Triaenops persicus,Rhinolophidae,Chiroptera,2,6,1,261,"Hutchins M, Kleiman DG, Geist V, McDade MC. 2003. Grzimek’s Animal Life Encyclopedia Second Edition, Volume 12-16 Mammals I-V. Gale, Farmington Hills, MI, USA.",LC,0
383,Rhinopoma microphyllum,Rhinopomatidae,Chiroptera,2,6,1,261,"Hutchins M, Kleiman DG, Geist V, McDade MC. 2003. Grzimek’s Animal Life Encyclopedia Second Edition, Volume 12-16 Mammals I-V. Gale, Farmington Hills, MI, USA.",LC,0
384,Rhinopoma muscatellum,Rhinopomatidae,Chiroptera,2,6,1,261,"Hutchins M, Kleiman DG, Geist V, McDade MC. 2003. Grzimek’s Animal Life Encyclopedia Second Edition, Volume 12-16 Mammals I-V. Gale, Farmington Hills, MI, USA.",LC,0
387,Sylvisorex vulcanorum,Soricidae,Insectivora,2,1,1,211,"Hutchins M, Kleiman DG, Geist V, McDade MC. 2003. Grzimek’s Animal Life Encyclopedia Second Edition, Volume 12-16 Mammals I-V. Gale, Farmington Hills, MI, USA.",LC,0
388,Tarsius bancanus,Tarsiidae,Primates,2,3,1,231,"Hutchins M, Kleiman DG, Geist V, McDade MC. 2003. Grzimek’s Animal Life Encyclopedia Second Edition, Volume 12-16 Mammals I-V. Gale, Farmington Hills, MI, USA.",VU,1
392,Tarsius syrichta,Tarsiidae,Primates,2,3,1,231,"Hutchins M, Kleiman DG, Geist V, McDade MC. 2003. Grzimek’s Animal Life Encyclopedia Second Edition, Volume 12-16 Mammals I-V. Gale, Farmington Hills, MI, USA.",NT,0
393,Echinops telfairi,Tenrecidae,Insectivora,2,1,1,211,"Hutchins M, Kleiman DG, Geist V, McDade MC. 2003. Grzimek’s Animal Life Encyclopedia Second Edition, Volume 12-16 Mammals I-V. Gale, Farmington Hills, MI, USA.",LC,0
394,Thyroptera discifera,Thyropteridae,Chiroptera,2,6,1,261,"Hutchins M, Kleiman DG, Geist V, McDade MC. 2003. Grzimek’s Animal Life Encyclopedia Second Edition, Volume 12-16 Mammals I-V. Gale, Farmington Hills, MI, USA.",LC,0
395,Thyroptera tricolor,Thyropteridae,Chiroptera,2,6,1,261,"Hutchins M, Kleiman DG, Geist V, McDade MC. 2003. Grzimek’s Animal Life Encyclopedia Second Edition, Volume 12-16 Mammals I-V. Gale, Farmington Hills, MI, USA.",LC,0
397,Dendrogale murina,Tupaiidae,Scandentia,2,1,1,211,"Hutchins M, Kleiman DG, Geist V, McDade MC. 2003. Grzimek’s Animal Life Encyclopedia Second Edition, Volume 12-16 Mammals I-V. Gale, Farmington Hills, MI, USA.",LC,0
398,Ptilocercus lowii,Tupaiidae,Scandentia,2,1,1,211,"Hutchins M, Kleiman DG, Geist V, McDade MC. 2003. Grzimek’s Animal Life Encyclopedia Second Edition, Volume 12-16 Mammals I-V. Gale, Farmington Hills, MI, USA.",LC,0
399,Tupaia belangeri,Tupaiidae,Scandentia,2,1,1,211,"Hutchins M, Kleiman DG, Geist V, McDade MC. 2003. Grzimek’s Animal Life Encyclopedia Second Edition, Volume 12-16 Mammals I-V. Gale, Farmington Hills, MI, USA. ; Gould, E., McKay, G. 1990. Encyclopedia of Animals Mammals. Weldon Owen Inc. San Francisco, California USA.",LC,0
400,Tupaia gracilis,Tupaiidae,Scandentia,2,1,1,211,"Hutchins M, Kleiman DG, Geist V, McDade MC. 2003. Grzimek’s Animal Life Encyclopedia Second Edition, Volume 12-16 Mammals I-V. Gale, Farmington Hills, MI, USA., Nowak RM. 1999. Walker’s Mammals of the World, Vol. 1. Sixth Ed. The Johns Hopkins University Press, Maryland, USA. ",LC,0
401,Tupaia javanica,Tupaiidae,Scandentia,2,1,1,211,"Hutchins M, Kleiman DG, Geist V, McDade MC. 2003. Grzimek’s Animal Life Encyclopedia Second Edition, Volume 12-16 Mammals I-V. Gale, Farmington Hills, MI, USA.",LC,0
402,Tupaia longipes,Tupaiidae,Scandentia,2,1,1,211,"Hutchins M, Kleiman DG, Geist V, McDade MC. 2003. Grzimek’s Animal Life Encyclopedia Second Edition, Volume 12-16 Mammals I-V. Gale, Farmington Hills, MI, USA., Nowak RM. 1999. Walker’s Mammals of the World, Vol. 1. Sixth Ed. The Johns Hopkins University Press, Maryland, USA. ",LC,0
403,Tupaia minor,Tupaiidae,Scandentia,2,1,1,211,"Hutchins M, Kleiman DG, Geist V, McDade MC. 2003. Grzimek’s Animal Life Encyclopedia Second Edition, Volume 12-16 Mammals I-V. Gale, Farmington Hills, MI, USA.",LC,0
405,Antrozous pallidus,Vespertilionidae,Chiroptera,2,6,1,261,"Hutchins M, Kleiman DG, Geist V, McDade MC. 2003. Grzimek’s Animal Life Encyclopedia Second Edition, Volume 12-16 Mammals I-V. Gale, Farmington Hills, MI, USA.",LC,0
406,Barbastella barbastellus,Vespertilionidae,Chiroptera,2,6,1,261,"Hutchins M, Kleiman DG, Geist V, McDade MC. 2003. Grzimek’s Animal Life Encyclopedia Second Edition, Volume 12-16 Mammals I-V. Gale, Farmington Hills, MI, USA.",NT,0
407,Barbastella leucomelas,Vespertilionidae,Chiroptera,2,6,1,261,"Hutchins M, Kleiman DG, Geist V, McDade MC. 2003. Grzimek’s Animal Life Encyclopedia Second Edition, Volume 12-16 Mammals I-V. Gale, Farmington Hills, MI, USA.",LC,0
411,Chalinolobus dwyeri,Vespertilionidae,Chiroptera,2,6,1,261,"Hutchins M, Kleiman DG, Geist V, McDade MC. 2003. Grzimek’s Animal Life Encyclopedia Second Edition, Volume 12-16 Mammals I-V. Gale, Farmington Hills, MI, USA.",NT,0
414,Chalinolobus gouldii,Vespertilionidae,Chiroptera,2,6,1,261,"Hutchins M, Kleiman DG, Geist V, McDade MC. 2003. Grzimek’s Animal Life Encyclopedia Second Edition, Volume 12-16 Mammals I-V. Gale, Farmington Hills, MI, USA.",LC,0
416,Chalinolobus morio,Vespertilionidae,Chiroptera,2,6,1,261,"Hutchins M, Kleiman DG, Geist V, McDade MC. 2003. Grzimek’s Animal Life Encyclopedia Second Edition, Volume 12-16 Mammals I-V. Gale, Farmington Hills, MI, USA.",LC,0
417,Chalinolobus nigrogriseus,Vespertilionidae,Chiroptera,2,6,1,261,"Hutchins M, Kleiman DG, Geist V, McDade MC. 2003. Grzimek’s Animal Life Encyclopedia Second Edition, Volume 12-16 Mammals I-V. Gale, Farmington Hills, MI, USA.",LC,0
419,Chalinolobus picatus,Vespertilionidae,Chiroptera,2,6,1,261,"Hutchins M, Kleiman DG, Geist V, McDade MC. 2003. Grzimek’s Animal Life Encyclopedia Second Edition, Volume 12-16 Mammals I-V. Gale, Farmington Hills, MI, USA.",NT,0
422,Chalinolobus tuberculatus,Vespertilionidae,Chiroptera,2,6,1,261,"Hutchins M, Kleiman DG, Geist V, McDade MC. 2003. Grzimek’s Animal Life Encyclopedia Second Edition, Volume 12-16 Mammals I-V. Gale, Farmington Hills, MI, USA.",VU,1
426,Eptesicus bottae,Vespertilionidae,Chiroptera,2,6,1,261,"Hutchins M, Kleiman DG, Geist V, McDade MC. 2003. Grzimek’s Animal Life Encyclopedia Second Edition, Volume 12-16 Mammals I-V. Gale, Farmington Hills, MI, USA.",LC,0
427,Eptesicus brasiliensis,Vespertilionidae,Chiroptera,2,6,1,261,"Hutchins M, Kleiman DG, Geist V, McDade MC. 2003. Grzimek’s Animal Life Encyclopedia Second Edition, Volume 12-16 Mammals I-V. Gale, Farmington Hills, MI, USA.",LC,0
431,Eptesicus diminutus,Vespertilionidae,Chiroptera,2,6,1,261,"Hutchins M, Kleiman DG, Geist V, McDade MC. 2003. Grzimek’s Animal Life Encyclopedia Second Edition, Volume 12-16 Mammals I-V. Gale, Farmington Hills, MI, USA.",LC,0
434,Eptesicus floweri,Vespertilionidae,Chiroptera,2,6,1,261,"Hutchins M, Kleiman DG, Geist V, McDade MC. 2003. Grzimek’s Animal Life Encyclopedia Second Edition, Volume 12-16 Mammals I-V. Gale, Farmington Hills, MI, USA.",LC,0
435,Eptesicus furinalis,Vespertilionidae,Chiroptera,2,6,1,261,"Hutchins M, Kleiman DG, Geist V, McDade MC. 2003. Grzimek’s Animal Life Encyclopedia Second Edition, Volume 12-16 Mammals I-V. Gale, Farmington Hills, MI, USA.",LC,0
436,Eptesicus fuscus,Vespertilionidae,Chiroptera,2,6,1,261,"Hutchins M, Kleiman DG, Geist V, McDade MC. 2003. Grzimek’s Animal Life Encyclopedia Second Edition, Volume 12-16 Mammals I-V. Gale, Farmington Hills, MI, USA.",LC,0
437,Eptesicus guadeloupensis,Vespertilionidae,Chiroptera,2,6,1,261,"Hutchins M, Kleiman DG, Geist V, McDade MC. 2003. Grzimek’s Animal Life Encyclopedia Second Edition, Volume 12-16 Mammals I-V. Gale, Farmington Hills, MI, USA.",EN,1
439,Eptesicus hottentotus,Vespertilionidae,Chiroptera,2,6,1,261,"Hutchins M, Kleiman DG, Geist V, McDade MC. 2003. Grzimek’s Animal Life Encyclopedia Second Edition, Volume 12-16 Mammals I-V. Gale, Farmington Hills, MI, USA.",LC,0
440,Eptesicus innoxius,Vespertilionidae,Chiroptera,2,6,1,261,"Hutchins M, Kleiman DG, Geist V, McDade MC. 2003. Grzimek’s Animal Life Encyclopedia Second Edition, Volume 12-16 Mammals I-V. Gale, Farmington Hills, MI, USA.",NT,0
445,Eptesicus pachyotis,Vespertilionidae,Chiroptera,2,6,1,261,"Hutchins M, Kleiman DG, Geist V, McDade MC. 2003. Grzimek’s Animal Life Encyclopedia Second Edition, Volume 12-16 Mammals I-V. Gale, Farmington Hills, MI, USA.",LC,0
453,Eptesicus serotinus,Vespertilionidae,Chiroptera,2,6,1,261,"Hutchins M, Kleiman DG, Geist V, McDade MC. 2003. Grzimek’s Animal Life Encyclopedia Second Edition, Volume 12-16 Mammals I-V. Gale, Farmington Hills, MI, USA.",LC,0
460,Euderma maculatum,Vespertilionidae,Chiroptera,2,6,1,261,"Hutchins M, Kleiman DG, Geist V, McDade MC. 2003. Grzimek’s Animal Life Encyclopedia Second Edition, Volume 12-16 Mammals I-V. Gale, Farmington Hills, MI, USA.",LC,0
461,Eudiscopus denticulus,Vespertilionidae,Chiroptera,2,6,1,261,"Hutchins M, Kleiman DG, Geist V, McDade MC. 2003. Grzimek’s Animal Life Encyclopedia Second Edition, Volume 12-16 Mammals I-V. Gale, Farmington Hills, MI, USA.",LC,0
463,Glischropus tylopus,Vespertilionidae,Chiroptera,2,6,1,261,"Hutchins M, Kleiman DG, Geist V, McDade MC. 2003. Grzimek’s Animal Life Encyclopedia Second Edition, Volume 12-16 Mammals I-V. Gale, Farmington Hills, MI, USA.",LC,0
464,Harpiocephalus harpia,Vespertilionidae,Chiroptera,2,6,1,261,"Hutchins M, Kleiman DG, Geist V, McDade MC. 2003. Grzimek’s Animal Life Encyclopedia Second Edition, Volume 12-16 Mammals I-V. Gale, Farmington Hills, MI, USA.",LC,0
465,Hesperoptenus blanfordi,Vespertilionidae,Chiroptera,2,6,1,261,"Hutchins M, Kleiman DG, Geist V, McDade MC. 2003. Grzimek’s Animal Life Encyclopedia Second Edition, Volume 12-16 Mammals I-V. Gale, Farmington Hills, MI, USA.",LC,0
469,Hesperoptenus tickelli,Vespertilionidae,Chiroptera,2,6,1,261,"Hutchins M, Kleiman DG, Geist V, McDade MC. 2003. Grzimek’s Animal Life Encyclopedia Second Edition, Volume 12-16 Mammals I-V. Gale, Farmington Hills, MI, USA.",LC,0
470,Hesperoptenus tomesi,Vespertilionidae,Chiroptera,2,6,1,261,"Hutchins M, Kleiman DG, Geist V, McDade MC. 2003. Grzimek’s Animal Life Encyclopedia Second Edition, Volume 12-16 Mammals I-V. Gale, Farmington Hills, MI, USA.",VU,1
472,Histiotus macrotus,Vespertilionidae,Chiroptera,2,6,1,261,"Hutchins M, Kleiman DG, Geist V, McDade MC. 2003. Grzimek’s Animal Life Encyclopedia Second Edition, Volume 12-16 Mammals I-V. Gale, Farmington Hills, MI, USA.",LC,0
473,Histiotus montanus,Vespertilionidae,Chiroptera,2,6,1,261,"Hutchins M, Kleiman DG, Geist V, McDade MC. 2003. Grzimek’s Animal Life Encyclopedia Second Edition, Volume 12-16 Mammals I-V. Gale, Farmington Hills, MI, USA.",LC,0
475,Ia io,Vespertilionidae,Chiroptera,2,6,1,261,"Hutchins M, Kleiman DG, Geist V, McDade MC. 2003. Grzimek’s Animal Life Encyclopedia Second Edition, Volume 12-16 Mammals I-V. Gale, Farmington Hills, MI, USA.",NT,0
476,Idionycteris phyllotis,Vespertilionidae,Chiroptera,2,6,1,261,"Hutchins M, Kleiman DG, Geist V, McDade MC. 2003. Grzimek’s Animal Life Encyclopedia Second Edition, Volume 12-16 Mammals I-V. Gale, Farmington Hills, MI, USA.",LC,0
478,Kerivoula africana,Vespertilionidae,Chiroptera,2,6,1,261,"Hutchins M, Kleiman DG, Geist V, McDade MC. 2003. Grzimek’s Animal Life Encyclopedia Second Edition, Volume 12-16 Mammals I-V. Gale, Farmington Hills, MI, USA.",EN,1
480,Kerivoula argentata,Vespertilionidae,Chiroptera,2,6,1,261,"Hutchins M, Kleiman DG, Geist V, McDade MC. 2003. Grzimek’s Animal Life Encyclopedia Second Edition, Volume 12-16 Mammals I-V. Gale, Farmington Hills, MI, USA.",LC,0
485,Kerivoula flora,Vespertilionidae,Chiroptera,2,6,1,261,"Hutchins M, Kleiman DG, Geist V, McDade MC. 2003. Grzimek’s Animal Life Encyclopedia Second Edition, Volume 12-16 Mammals I-V. Gale, Farmington Hills, MI, USA.",VU,1
488,Kerivoula intermedia,Vespertilionidae,Chiroptera,2,6,1,261,"Hutchins M, Kleiman DG, Geist V, McDade MC. 2003. Grzimek’s Animal Life Encyclopedia Second Edition, Volume 12-16 Mammals I-V. Gale, Farmington Hills, MI, USA.",NT,0
490,Kerivoula lanosa,Vespertilionidae,Chiroptera,2,6,1,261,"Hutchins M, Kleiman DG, Geist V, McDade MC. 2003. Grzimek’s Animal Life Encyclopedia Second Edition, Volume 12-16 Mammals I-V. Gale, Farmington Hills, MI, USA.",LC,0
491,Kerivoula minuta,Vespertilionidae,Chiroptera,2,6,1,261,"Hutchins M, Kleiman DG, Geist V, McDade MC. 2003. Grzimek’s Animal Life Encyclopedia Second Edition, Volume 12-16 Mammals I-V. Gale, Farmington Hills, MI, USA.",NT,0
492,Kerivoula muscina,Vespertilionidae,Chiroptera,2,6,1,261,"Hutchins M, Kleiman DG, Geist V, McDade MC. 2003. Grzimek’s Animal Life Encyclopedia Second Edition, Volume 12-16 Mammals I-V. Gale, Farmington Hills, MI, USA.",LC,0
494,Kerivoula papillosa,Vespertilionidae,Chiroptera,2,6,1,261,"Hutchins M, Kleiman DG, Geist V, McDade MC. 2003. Grzimek’s Animal Life Encyclopedia Second Edition, Volume 12-16 Mammals I-V. Gale, Farmington Hills, MI, USA.",LC,0
498,Kerivoula pellucida,Vespertilionidae,Chiroptera,2,6,1,261,"Hutchins M, Kleiman DG, Geist V, McDade MC. 2003. Grzimek’s Animal Life Encyclopedia Second Edition, Volume 12-16 Mammals I-V. Gale, Farmington Hills, MI, USA.",NT,0
499,Kerivoula phalaena,Vespertilionidae,Chiroptera,2,6,1,261,"Hutchins M, Kleiman DG, Geist V, McDade MC. 2003. Grzimek’s Animal Life Encyclopedia Second Edition, Volume 12-16 Mammals I-V. Gale, Farmington Hills, MI, USA.",LC,0
500,Kerivoula picta,Vespertilionidae,Chiroptera,2,6,1,261,"Hutchins M, Kleiman DG, Geist V, McDade MC. 2003. Grzimek’s Animal Life Encyclopedia Second Edition, Volume 12-16 Mammals I-V. Gale, Farmington Hills, MI, USA.",NT,0
503,Kerivoula whiteheadi,Vespertilionidae,Chiroptera,2,6,1,261,"Hutchins M, Kleiman DG, Geist V, McDade MC. 2003. Grzimek’s Animal Life Encyclopedia Second Edition, Volume 12-16 Mammals I-V. Gale, Farmington Hills, MI, USA.",LC,0
506,Laephotis botswanae,Vespertilionidae,Chiroptera,2,6,1,261,"Hutchins M, Kleiman DG, Geist V, McDade MC. 2003. Grzimek’s Animal Life Encyclopedia Second Edition, Volume 12-16 Mammals I-V. Gale, Farmington Hills, MI, USA.",LC,0
507,Laephotis namibensis,Vespertilionidae,Chiroptera,2,6,1,261,"Hutchins M, Kleiman DG, Geist V, McDade MC. 2003. Grzimek’s Animal Life Encyclopedia Second Edition, Volume 12-16 Mammals I-V. Gale, Farmington Hills, MI, USA.",LC,0
508,Laephotis wintoni,Vespertilionidae,Chiroptera,2,6,1,261,"Hutchins M, Kleiman DG, Geist V, McDade MC. 2003. Grzimek’s Animal Life Encyclopedia Second Edition, Volume 12-16 Mammals I-V. Gale, Farmington Hills, MI, USA.",LC,0
509,Lasionycteris noctivagans,Vespertilionidae,Chiroptera,2,6,1,261,"Hutchins M, Kleiman DG, Geist V, McDade MC. 2003. Grzimek’s Animal Life Encyclopedia Second Edition, Volume 12-16 Mammals I-V. Gale, Farmington Hills, MI, USA.",LC,0
510,Lasiurus borealis,Vespertilionidae,Chiroptera,2,6,1,261,"Hutchins M, Kleiman DG, Geist V, McDade MC. 2003. Grzimek’s Animal Life Encyclopedia Second Edition, Volume 12-16 Mammals I-V. Gale, Farmington Hills, MI, USA.",LC,0
512,Lasiurus cinereus,Vespertilionidae,Chiroptera,2,6,1,261,"Hutchins M, Kleiman DG, Geist V, McDade MC. 2003. Grzimek’s Animal Life Encyclopedia Second Edition, Volume 12-16 Mammals I-V. Gale, Farmington Hills, MI, USA.",LC,0
513,Lasiurus ega,Vespertilionidae,Chiroptera,2,6,1,261,"Hutchins M, Kleiman DG, Geist V, McDade MC. 2003. Grzimek’s Animal Life Encyclopedia Second Edition, Volume 12-16 Mammals I-V. Gale, Farmington Hills, MI, USA.",LC,0
515,Lasiurus intermedius,Vespertilionidae,Chiroptera,2,6,1,261,"Hutchins M, Kleiman DG, Geist V, McDade MC. 2003. Grzimek’s Animal Life Encyclopedia Second Edition, Volume 12-16 Mammals I-V. Gale, Farmington Hills, MI, USA.",LC,0
516,Lasiurus seminolus,Vespertilionidae,Chiroptera,2,6,1,261,"Hutchins M, Kleiman DG, Geist V, McDade MC. 2003. Grzimek’s Animal Life Encyclopedia Second Edition, Volume 12-16 Mammals I-V. Gale, Farmington Hills, MI, USA.",LC,0
517,Mimetillus moloneyi,Vespertilionidae,Chiroptera,2,6,1,261,"Hutchins M, Kleiman DG, Geist V, McDade MC. 2003. Grzimek’s Animal Life Encyclopedia Second Edition, Volume 12-16 Mammals I-V. Gale, Farmington Hills, MI, USA.",LC,0
518,Murina aenea,Vespertilionidae,Chiroptera,2,6,1,261,"Hutchins M, Kleiman DG, Geist V, McDade MC. 2003. Grzimek’s Animal Life Encyclopedia Second Edition, Volume 12-16 Mammals I-V. Gale, Farmington Hills, MI, USA.",VU,1
519,Murina aurata,Vespertilionidae,Chiroptera,2,6,1,261,"Hutchins M, Kleiman DG, Geist V, McDade MC. 2003. Grzimek’s Animal Life Encyclopedia Second Edition, Volume 12-16 Mammals I-V. Gale, Farmington Hills, MI, USA.",LC,0
520,Murina cyclotis,Vespertilionidae,Chiroptera,2,6,1,261,"Hutchins M, Kleiman DG, Geist V, McDade MC. 2003. Grzimek’s Animal Life Encyclopedia Second Edition, Volume 12-16 Mammals I-V. Gale, Farmington Hills, MI, USA.",LC,0
521,Murina florium,Vespertilionidae,Chiroptera,2,6,1,261,"Hutchins M, Kleiman DG, Geist V, McDade MC. 2003. Grzimek’s Animal Life Encyclopedia Second Edition, Volume 12-16 Mammals I-V. Gale, Farmington Hills, MI, USA.",LC,0
524,Murina huttoni,Vespertilionidae,Chiroptera,2,6,1,261,"Hutchins M, Kleiman DG, Geist V, McDade MC. 2003. Grzimek’s Animal Life Encyclopedia Second Edition, Volume 12-16 Mammals I-V. Gale, Farmington Hills, MI, USA.",LC,0
525,Murina leucogaster,Vespertilionidae,Chiroptera,2,6,1,261,"Hutchins M, Kleiman DG, Geist V, McDade MC. 2003. Grzimek’s Animal Life Encyclopedia Second Edition, Volume 12-16 Mammals I-V. Gale, Farmington Hills, MI, USA.",LC,0
526,Murina puta,Vespertilionidae,Chiroptera,2,6,1,261,"Hutchins M, Kleiman DG, Geist V, McDade MC. 2003. Grzimek’s Animal Life Encyclopedia Second Edition, Volume 12-16 Mammals I-V. Gale, Farmington Hills, MI, USA.",LC,0
527,Murina rozendaali,Vespertilionidae,Chiroptera,2,6,1,261,"Hutchins M, Kleiman DG, Geist V, McDade MC. 2003. Grzimek’s Animal Life Encyclopedia Second Edition, Volume 12-16 Mammals I-V. Gale, Farmington Hills, MI, USA.",VU,1
529,Murina suilla,Vespertilionidae,Chiroptera,2,6,1,261,"Hutchins M, Kleiman DG, Geist V, McDade MC. 2003. Grzimek’s Animal Life Encyclopedia Second Edition, Volume 12-16 Mammals I-V. Gale, Farmington Hills, MI, USA.",LC,0
530,Murina tenebrosa,Vespertilionidae,Chiroptera,2,6,1,261,"Hutchins M, Kleiman DG, Geist V, McDade MC. 2003. Grzimek’s Animal Life Encyclopedia Second Edition, Volume 12-16 Mammals I-V. Gale, Farmington Hills, MI, USA.",CR,1
532,Murina ussuriensis,Vespertilionidae,Chiroptera,2,6,1,261,"Hutchins M, Kleiman DG, Geist V, McDade MC. 2003. Grzimek’s Animal Life Encyclopedia Second Edition, Volume 12-16 Mammals I-V. Gale, Farmington Hills, MI, USA.",LC,0
534,Myotis adversus,Vespertilionidae,Chiroptera,2,6,1,261,"Hutchins M, Kleiman DG, Geist V, McDade MC. 2003. Grzimek’s Animal Life Encyclopedia Second Edition, Volume 12-16 Mammals I-V. Gale, Farmington Hills, MI, USA.",LC,0
536,Myotis albescens,Vespertilionidae,Chiroptera,2,6,1,261,"Hutchins M, Kleiman DG, Geist V, McDade MC. 2003. Grzimek’s Animal Life Encyclopedia Second Edition, Volume 12-16 Mammals I-V. Gale, Farmington Hills, MI, USA.",LC,0
537,Myotis altarium,Vespertilionidae,Chiroptera,2,6,1,261,"Hutchins M, Kleiman DG, Geist V, McDade MC. 2003. Grzimek’s Animal Life Encyclopedia Second Edition, Volume 12-16 Mammals I-V. Gale, Farmington Hills, MI, USA.",LC,0
538,Myotis annectans,Vespertilionidae,Chiroptera,2,6,1,261,"Hutchins M, Kleiman DG, Geist V, McDade MC. 2003. Grzimek’s Animal Life Encyclopedia Second Edition, Volume 12-16 Mammals I-V. Gale, Farmington Hills, MI, USA.",LC,0
539,Myotis atacamensis,Vespertilionidae,Chiroptera,2,6,1,261,"Hutchins M, Kleiman DG, Geist V, McDade MC. 2003. Grzimek’s Animal Life Encyclopedia Second Edition, Volume 12-16 Mammals I-V. Gale, Farmington Hills, MI, USA.",EN,1
540,Myotis auriculus,Vespertilionidae,Chiroptera,2,6,1,261,"Hutchins M, Kleiman DG, Geist V, McDade MC. 2003. Grzimek’s Animal Life Encyclopedia Second Edition, Volume 12-16 Mammals I-V. Gale, Farmington Hills, MI, USA.",LC,0
542,Myotis austroriparius,Vespertilionidae,Chiroptera,2,6,1,261,"Hutchins M, Kleiman DG, Geist V, McDade MC. 2003. Grzimek’s Animal Life Encyclopedia Second Edition, Volume 12-16 Mammals I-V. Gale, Farmington Hills, MI, USA.",LC,0
544,Myotis blythii,Vespertilionidae,Chiroptera,2,6,1,261,"Hutchins M, Kleiman DG, Geist V, McDade MC. 2003. Grzimek’s Animal Life Encyclopedia Second Edition, Volume 12-16 Mammals I-V. Gale, Farmington Hills, MI, USA.",LC,0
546,Myotis bombinus,Vespertilionidae,Chiroptera,2,6,1,261,"Hutchins M, Kleiman DG, Geist V, McDade MC. 2003. Grzimek’s Animal Life Encyclopedia Second Edition, Volume 12-16 Mammals I-V. Gale, Farmington Hills, MI, USA.",NT,0
548,Myotis californicus,Vespertilionidae,Chiroptera,2,6,1,261,"Hutchins M, Kleiman DG, Geist V, McDade MC. 2003. Grzimek’s Animal Life Encyclopedia Second Edition, Volume 12-16 Mammals I-V. Gale, Farmington Hills, MI, USA.",LC,0
549,Myotis capaccinii,Vespertilionidae,Chiroptera,2,6,1,261,"Hutchins M, Kleiman DG, Geist V, McDade MC. 2003. Grzimek’s Animal Life Encyclopedia Second Edition, Volume 12-16 Mammals I-V. Gale, Farmington Hills, MI, USA.",VU,1
550,Myotis chiloensis,Vespertilionidae,Chiroptera,2,6,1,261,"Hutchins M, Kleiman DG, Geist V, McDade MC. 2003. Grzimek’s Animal Life Encyclopedia Second Edition, Volume 12-16 Mammals I-V. Gale, Farmington Hills, MI, USA.",LC,0
551,Myotis chinensis,Vespertilionidae,Chiroptera,2,6,1,261,"Hutchins M, Kleiman DG, Geist V, McDade MC. 2003. Grzimek’s Animal Life Encyclopedia Second Edition, Volume 12-16 Mammals I-V. Gale, Farmington Hills, MI, USA.",LC,0
553,Myotis dasycneme,Vespertilionidae,Chiroptera,2,6,1,261,"Hutchins M, Kleiman DG, Geist V, McDade MC. 2003. Grzimek’s Animal Life Encyclopedia Second Edition, Volume 12-16 Mammals I-V. Gale, Farmington Hills, MI, USA.",NT,0
555,Myotis dominicensis,Vespertilionidae,Chiroptera,2,6,1,261,"Hutchins M, Kleiman DG, Geist V, McDade MC. 2003. Grzimek’s Animal Life Encyclopedia Second Edition, Volume 12-16 Mammals I-V. Gale, Farmington Hills, MI, USA.",VU,1
556,Myotis elegans,Vespertilionidae,Chiroptera,2,6,1,261,"Hutchins M, Kleiman DG, Geist V, McDade MC. 2003. Grzimek’s Animal Life Encyclopedia Second Edition, Volume 12-16 Mammals I-V. Gale, Farmington Hills, MI, USA.",LC,0
557,Myotis emarginatus,Vespertilionidae,Chiroptera,2,6,1,261,"Hutchins M, Kleiman DG, Geist V, McDade MC. 2003. Grzimek’s Animal Life Encyclopedia Second Edition, Volume 12-16 Mammals I-V. Gale, Farmington Hills, MI, USA.",LC,0
558,Myotis evotis,Vespertilionidae,Chiroptera,2,6,1,261,"Hutchins M, Kleiman DG, Geist V, McDade MC. 2003. Grzimek’s Animal Life Encyclopedia Second Edition, Volume 12-16 Mammals I-V. Gale, Farmington Hills, MI, USA.",LC,0
559,Myotis findleyi,Vespertilionidae,Chiroptera,2,6,1,261,"Hutchins M, Kleiman DG, Geist V, McDade MC. 2003. Grzimek’s Animal Life Encyclopedia Second Edition, Volume 12-16 Mammals I-V. Gale, Farmington Hills, MI, USA.",EN,1
560,Myotis formosus,Vespertilionidae,Chiroptera,2,6,1,261,"Hutchins M, Kleiman DG, Geist V, McDade MC. 2003. Grzimek’s Animal Life Encyclopedia Second Edition, Volume 12-16 Mammals I-V. Gale, Farmington Hills, MI, USA.",NT,0
561,Myotis fortidens,Vespertilionidae,Chiroptera,2,6,1,261,"Hutchins M, Kleiman DG, Geist V, McDade MC. 2003. Grzimek’s Animal Life Encyclopedia Second Edition, Volume 12-16 Mammals I-V. Gale, Farmington Hills, MI, USA.",LC,0
563,Myotis goudoti,Vespertilionidae,Chiroptera,2,6,1,261,"Hutchins M, Kleiman DG, Geist V, McDade MC. 2003. Grzimek’s Animal Life Encyclopedia Second Edition, Volume 12-16 Mammals I-V. Gale, Farmington Hills, MI, USA.",LC,0
564,Myotis grisescens,Vespertilionidae,Chiroptera,2,6,1,261,"Hutchins M, Kleiman DG, Geist V, McDade MC. 2003. Grzimek’s Animal Life Encyclopedia Second Edition, Volume 12-16 Mammals I-V. Gale, Farmington Hills, MI, USA.",VU,1
565,Myotis hasseltii,Vespertilionidae,Chiroptera,2,6,1,261,"Hutchins M, Kleiman DG, Geist V, McDade MC. 2003. Grzimek’s Animal Life Encyclopedia Second Edition, Volume 12-16 Mammals I-V. Gale, Farmington Hills, MI, USA.",LC,0
566,Myotis horsfieldii,Vespertilionidae,Chiroptera,2,6,1,261,"Hutchins M, Kleiman DG, Geist V, McDade MC. 2003. Grzimek’s Animal Life Encyclopedia Second Edition, Volume 12-16 Mammals I-V. Gale, Farmington Hills, MI, USA.",LC,0
568,Myotis ikonnikovi,Vespertilionidae,Chiroptera,2,6,1,261,"Hutchins M, Kleiman DG, Geist V, McDade MC. 2003. Grzimek’s Animal Life Encyclopedia Second Edition, Volume 12-16 Mammals I-V. Gale, Farmington Hills, MI, USA.",LC,0
570,Myotis keaysi,Vespertilionidae,Chiroptera,2,6,1,261,"Hutchins M, Kleiman DG, Geist V, McDade MC. 2003. Grzimek’s Animal Life Encyclopedia Second Edition, Volume 12-16 Mammals I-V. Gale, Farmington Hills, MI, USA.",LC,0
571,Myotis keenii,Vespertilionidae,Chiroptera,2,6,1,261,"Hutchins M, Kleiman DG, Geist V, McDade MC. 2003. Grzimek’s Animal Life Encyclopedia Second Edition, Volume 12-16 Mammals I-V. Gale, Farmington Hills, MI, USA.",LC,0
572,Myotis leibii,Vespertilionidae,Chiroptera,2,6,1,261,"Hutchins M, Kleiman DG, Geist V, McDade MC. 2003. Grzimek’s Animal Life Encyclopedia Second Edition, Volume 12-16 Mammals I-V. Gale, Farmington Hills, MI, USA.",EN,1
574,Myotis levis,Vespertilionidae,Chiroptera,2,6,1,261,"Hutchins M, Kleiman DG, Geist V, McDade MC. 2003. Grzimek’s Animal Life Encyclopedia Second Edition, Volume 12-16 Mammals I-V. Gale, Farmington Hills, MI, USA.",LC,0
576,Myotis lucifugus,Vespertilionidae,Chiroptera,2,6,1,261,"Hutchins M, Kleiman DG, Geist V, McDade MC. 2003. Grzimek’s Animal Life Encyclopedia Second Edition, Volume 12-16 Mammals I-V. Gale, Farmington Hills, MI, USA.",EN,1
577,Myotis macrodactylus,Vespertilionidae,Chiroptera,2,6,1,261,"Hutchins M, Kleiman DG, Geist V, McDade MC. 2003. Grzimek’s Animal Life Encyclopedia Second Edition, Volume 12-16 Mammals I-V. Gale, Farmington Hills, MI, USA.",LC,0
578,Myotis macrotarsus,Vespertilionidae,Chiroptera,2,6,1,261,"Hutchins M, Kleiman DG, Geist V, McDade MC. 2003. Grzimek’s Animal Life Encyclopedia Second Edition, Volume 12-16 Mammals I-V. Gale, Farmington Hills, MI, USA.",LC,0
579,Myotis martiniquensis,Vespertilionidae,Chiroptera,2,6,1,261,"Hutchins M, Kleiman DG, Geist V, McDade MC. 2003. Grzimek’s Animal Life Encyclopedia Second Edition, Volume 12-16 Mammals I-V. Gale, Farmington Hills, MI, USA.",NT,0
583,Myotis muricola,Vespertilionidae,Chiroptera,2,6,1,261,"Hutchins M, Kleiman DG, Geist V, McDade MC. 2003. Grzimek’s Animal Life Encyclopedia Second Edition, Volume 12-16 Mammals I-V. Gale, Farmington Hills, MI, USA.",LC,0
584,Myotis myotis,Vespertilionidae,Chiroptera,2,6,1,261,"Hutchins M, Kleiman DG, Geist V, McDade MC. 2003. Grzimek’s Animal Life Encyclopedia Second Edition, Volume 12-16 Mammals I-V. Gale, Farmington Hills, MI, USA.",LC,0
585,Myotis mystacinus,Vespertilionidae,Chiroptera,2,6,1,261,"Hutchins M, Kleiman DG, Geist V, McDade MC. 2003. Grzimek’s Animal Life Encyclopedia Second Edition, Volume 12-16 Mammals I-V. Gale, Farmington Hills, MI, USA.",LC,0
586,Myotis nattereri,Vespertilionidae,Chiroptera,2,6,1,261,"Hutchins M, Kleiman DG, Geist V, McDade MC. 2003. Grzimek’s Animal Life Encyclopedia Second Edition, Volume 12-16 Mammals I-V. Gale, Farmington Hills, MI, USA.",LC,0
587,Myotis nesopolus,Vespertilionidae,Chiroptera,2,6,1,261,"Hutchins M, Kleiman DG, Geist V, McDade MC. 2003. Grzimek’s Animal Life Encyclopedia Second Edition, Volume 12-16 Mammals I-V. Gale, Farmington Hills, MI, USA.",LC,0
588,Myotis nigricans,Vespertilionidae,Chiroptera,2,6,1,261,"Hutchins M, Kleiman DG, Geist V, McDade MC. 2003. Grzimek’s Animal Life Encyclopedia Second Edition, Volume 12-16 Mammals I-V. Gale, Farmington Hills, MI, USA.",LC,0
590,Myotis oxyotus,Vespertilionidae,Chiroptera,2,6,1,261,"Hutchins M, Kleiman DG, Geist V, McDade MC. 2003. Grzimek’s Animal Life Encyclopedia Second Edition, Volume 12-16 Mammals I-V. Gale, Farmington Hills, MI, USA.",LC,0
592,Myotis peninsularis,Vespertilionidae,Chiroptera,2,6,1,261,"Hutchins M, Kleiman DG, Geist V, McDade MC. 2003. Grzimek’s Animal Life Encyclopedia Second Edition, Volume 12-16 Mammals I-V. Gale, Farmington Hills, MI, USA.",EN,1
593,Myotis pequinius,Vespertilionidae,Chiroptera,2,6,1,261,"Hutchins M, Kleiman DG, Geist V, McDade MC. 2003. Grzimek’s Animal Life Encyclopedia Second Edition, Volume 12-16 Mammals I-V. Gale, Farmington Hills, MI, USA.",LC,0
594,Myotis planiceps,Vespertilionidae,Chiroptera,2,6,1,261,"Hutchins M, Kleiman DG, Geist V, McDade MC. 2003. Grzimek’s Animal Life Encyclopedia Second Edition, Volume 12-16 Mammals I-V. Gale, Farmington Hills, MI, USA.",EN,1
595,Myotis pruinosus,Vespertilionidae,Chiroptera,2,6,1,261,"Hutchins M, Kleiman DG, Geist V, McDade MC. 2003. Grzimek’s Animal Life Encyclopedia Second Edition, Volume 12-16 Mammals I-V. Gale, Farmington Hills, MI, USA.",EN,1
597,Myotis ridleyi,Vespertilionidae,Chiroptera,2,6,1,261,"Hutchins M, Kleiman DG, Geist V, McDade MC. 2003. Grzimek’s Animal Life Encyclopedia Second Edition, Volume 12-16 Mammals I-V. Gale, Farmington Hills, MI, USA.",NT,0
598,Myotis riparius,Vespertilionidae,Chiroptera,2,6,1,261,"Hutchins M, Kleiman DG, Geist V, McDade MC. 2003. Grzimek’s Animal Life Encyclopedia Second Edition, Volume 12-16 Mammals I-V. Gale, Farmington Hills, MI, USA.",LC,0
599,Myotis rosseti,Vespertilionidae,Chiroptera,2,6,1,261,"Hutchins M, Kleiman DG, Geist V, McDade MC. 2003. Grzimek’s Animal Life Encyclopedia Second Edition, Volume 12-16 Mammals I-V. Gale, Farmington Hills, MI, USA.",LC,0
600,Myotis ruber,Vespertilionidae,Chiroptera,2,6,1,261,"Hutchins M, Kleiman DG, Geist V, McDade MC. 2003. Grzimek’s Animal Life Encyclopedia Second Edition, Volume 12-16 Mammals I-V. Gale, Farmington Hills, MI, USA.",NT,0
602,Myotis scotti,Vespertilionidae,Chiroptera,2,6,1,261,"Hutchins M, Kleiman DG, Geist V, McDade MC. 2003. Grzimek’s Animal Life Encyclopedia Second Edition, Volume 12-16 Mammals I-V. Gale, Farmington Hills, MI, USA.",VU,1
604,Myotis sicarius,Vespertilionidae,Chiroptera,2,6,1,261,"Hutchins M, Kleiman DG, Geist V, McDade MC. 2003. Grzimek’s Animal Life Encyclopedia Second Edition, Volume 12-16 Mammals I-V. Gale, Farmington Hills, MI, USA.",VU,1
605,Myotis siligorensis,Vespertilionidae,Chiroptera,2,6,1,261,"Hutchins M, Kleiman DG, Geist V, McDade MC. 2003. Grzimek’s Animal Life Encyclopedia Second Edition, Volume 12-16 Mammals I-V. Gale, Farmington Hills, MI, USA.",LC,0
607,Myotis sodalis,Vespertilionidae,Chiroptera,2,6,1,261,"Hutchins M, Kleiman DG, Geist V, McDade MC. 2003. Grzimek’s Animal Life Encyclopedia Second Edition, Volume 12-16 Mammals I-V. Gale, Farmington Hills, MI, USA.",NT,0
609,Myotis thysanodes,Vespertilionidae,Chiroptera,2,6,1,261,"Hutchins M, Kleiman DG, Geist V, McDade MC. 2003. Grzimek’s Animal Life Encyclopedia Second Edition, Volume 12-16 Mammals I-V. Gale, Farmington Hills, MI, USA.",LC,0
610,Myotis tricolor,Vespertilionidae,Chiroptera,2,6,1,261,"Hutchins M, Kleiman DG, Geist V, McDade MC. 2003. Grzimek’s Animal Life Encyclopedia Second Edition, Volume 12-16 Mammals I-V. Gale, Farmington Hills, MI, USA.",LC,0
611,Myotis velifer,Vespertilionidae,Chiroptera,2,6,1,261,"Hutchins M, Kleiman DG, Geist V, McDade MC. 2003. Grzimek’s Animal Life Encyclopedia Second Edition, Volume 12-16 Mammals I-V. Gale, Farmington Hills, MI, USA.",LC,0
612,Myotis vivesi,Vespertilionidae,Chiroptera,2,6,1,261,"Hutchins M, Kleiman DG, Geist V, McDade MC. 2003. Grzimek’s Animal Life Encyclopedia Second Edition, Volume 12-16 Mammals I-V. Gale, Farmington Hills, MI, USA.",VU,1
613,Myotis volans,Vespertilionidae,Chiroptera,2,6,1,261,"Hutchins M, Kleiman DG, Geist V, McDade MC. 2003. Grzimek’s Animal Life Encyclopedia Second Edition, Volume 12-16 Mammals I-V. Gale, Farmington Hills, MI, USA.",LC,0
614,Myotis welwitschii,Vespertilionidae,Chiroptera,2,6,1,261,"Hutchins M, Kleiman DG, Geist V, McDade MC. 2003. Grzimek’s Animal Life Encyclopedia Second Edition, Volume 12-16 Mammals I-V. Gale, Farmington Hills, MI, USA.",LC,0
616,Myotis yumanensis,Vespertilionidae,Chiroptera,2,6,1,261,"Hutchins M, Kleiman DG, Geist V, McDade MC. 2003. Grzimek’s Animal Life Encyclopedia Second Edition, Volume 12-16 Mammals I-V. Gale, Farmington Hills, MI, USA.",LC,0
617,Nyctalus aviator,Vespertilionidae,Chiroptera,2,6,1,261,"Hutchins M, Kleiman DG, Geist V, McDade MC. 2003. Grzimek’s Animal Life Encyclopedia Second Edition, Volume 12-16 Mammals I-V. Gale, Farmington Hills, MI, USA.",NT,0
618,Nyctalus azoreum,Vespertilionidae,Chiroptera,2,6,1,261,"Hutchins M, Kleiman DG, Geist V, McDade MC. 2003. Grzimek’s Animal Life Encyclopedia Second Edition, Volume 12-16 Mammals I-V. Gale, Farmington Hills, MI, USA.",VU,1
619,Nyctalus lasiopterus,Vespertilionidae,Chiroptera,2,6,1,261,"Hutchins M, Kleiman DG, Geist V, McDade MC. 2003. Grzimek’s Animal Life Encyclopedia Second Edition, Volume 12-16 Mammals I-V. Gale, Farmington Hills, MI, USA.",VU,1
620,Nyctalus leisleri,Vespertilionidae,Chiroptera,2,6,1,261,"Hutchins M, Kleiman DG, Geist V, McDade MC. 2003. Grzimek’s Animal Life Encyclopedia Second Edition, Volume 12-16 Mammals I-V. Gale, Farmington Hills, MI, USA.",LC,0
621,Nyctalus montanus,Vespertilionidae,Chiroptera,2,6,1,261,"Hutchins M, Kleiman DG, Geist V, McDade MC. 2003. Grzimek’s Animal Life Encyclopedia Second Edition, Volume 12-16 Mammals I-V. Gale, Farmington Hills, MI, USA.",LC,0
622,Nyctalus noctula,Vespertilionidae,Chiroptera,2,6,1,261,"Hutchins M, Kleiman DG, Geist V, McDade MC. 2003. Grzimek’s Animal Life Encyclopedia Second Edition, Volume 12-16 Mammals I-V. Gale, Farmington Hills, MI, USA.",LC,0
626,Nycticeius humeralis,Vespertilionidae,Chiroptera,2,6,1,261,"Hutchins M, Kleiman DG, Geist V, McDade MC. 2003. Grzimek’s Animal Life Encyclopedia Second Edition, Volume 12-16 Mammals I-V. Gale, Farmington Hills, MI, USA.",LC,0
630,Nyctophilus arnhemensis,Vespertilionidae,Chiroptera,2,6,1,261,"Hutchins M, Kleiman DG, Geist V, McDade MC. 2003. Grzimek’s Animal Life Encyclopedia Second Edition, Volume 12-16 Mammals I-V. Gale, Farmington Hills, MI, USA.",LC,0
631,Nyctophilus geoffroyi,Vespertilionidae,Chiroptera,2,6,1,261,"Hutchins M, Kleiman DG, Geist V, McDade MC. 2003. Grzimek’s Animal Life Encyclopedia Second Edition, Volume 12-16 Mammals I-V. Gale, Farmington Hills, MI, USA.",LC,0
632,Nyctophilus gouldi,Vespertilionidae,Chiroptera,2,6,1,261,"Hutchins M, Kleiman DG, Geist V, McDade MC. 2003. Grzimek’s Animal Life Encyclopedia Second Edition, Volume 12-16 Mammals I-V. Gale, Farmington Hills, MI, USA.",LC,0
635,Nyctophilus microtis,Vespertilionidae,Chiroptera,2,6,1,261,"Hutchins M, Kleiman DG, Geist V, McDade MC. 2003. Grzimek’s Animal Life Encyclopedia Second Edition, Volume 12-16 Mammals I-V. Gale, Farmington Hills, MI, USA.",LC,0
637,Nyctophilus walkeri,Vespertilionidae,Chiroptera,2,6,1,261,"Hutchins M, Kleiman DG, Geist V, McDade MC. 2003. Grzimek’s Animal Life Encyclopedia Second Edition, Volume 12-16 Mammals I-V. Gale, Farmington Hills, MI, USA.",LC,0
639,Pharotis imogene,Vespertilionidae,Chiroptera,2,6,1,261,"Hutchins M, Kleiman DG, Geist V, McDade MC. 2003. Grzimek’s Animal Life Encyclopedia Second Edition, Volume 12-16 Mammals I-V. Gale, Farmington Hills, MI, USA.",CR,1
640,Philetor brachypterus,Vespertilionidae,Chiroptera,2,6,1,261,"Hutchins M, Kleiman DG, Geist V, McDade MC. 2003. Grzimek’s Animal Life Encyclopedia Second Edition, Volume 12-16 Mammals I-V. Gale, Farmington Hills, MI, USA.",LC,0
652,Pipistrellus ceylonicus,Vespertilionidae,Chiroptera,2,6,1,261,"Hutchins M, Kleiman DG, Geist V, McDade MC. 2003. Grzimek’s Animal Life Encyclopedia Second Edition, Volume 12-16 Mammals I-V. Gale, Farmington Hills, MI, USA.",LC,0
656,Pipistrellus coromandra,Vespertilionidae,Chiroptera,2,6,1,261,"Hutchins M, Kleiman DG, Geist V, McDade MC. 2003. Grzimek’s Animal Life Encyclopedia Second Edition, Volume 12-16 Mammals I-V. Gale, Farmington Hills, MI, USA.",LC,0
658,Pipistrellus crassulus,Vespertilionidae,Chiroptera,2,6,1,261,"Hutchins M, Kleiman DG, Geist V, McDade MC. 2003. Grzimek’s Animal Life Encyclopedia Second Edition, Volume 12-16 Mammals I-V. Gale, Farmington Hills, MI, USA.",LC,0
662,Pipistrellus endoi,Vespertilionidae,Chiroptera,2,6,1,261,"Hutchins M, Kleiman DG, Geist V, McDade MC. 2003. Grzimek’s Animal Life Encyclopedia Second Edition, Volume 12-16 Mammals I-V. Gale, Farmington Hills, MI, USA.",NT,0
664,Pipistrellus imbricatus,Vespertilionidae,Chiroptera,2,6,1,261,"Hutchins M, Kleiman DG, Geist V, McDade MC. 2003. Grzimek’s Animal Life Encyclopedia Second Edition, Volume 12-16 Mammals I-V. Gale, Farmington Hills, MI, USA.",LC,0
666,Pipistrellus javanicus,Vespertilionidae,Chiroptera,2,6,1,261,"Hutchins M, Kleiman DG, Geist V, McDade MC. 2003. Grzimek’s Animal Life Encyclopedia Second Edition, Volume 12-16 Mammals I-V. Gale, Farmington Hills, MI, USA.",LC,0
671,Pipistrellus kuhlii,Vespertilionidae,Chiroptera,2,6,1,261,"Hutchins M, Kleiman DG, Geist V, McDade MC. 2003. Grzimek’s Animal Life Encyclopedia Second Edition, Volume 12-16 Mammals I-V. Gale, Farmington Hills, MI, USA.",LC,0
674,Pipistrellus maderensis,Vespertilionidae,Chiroptera,2,6,1,261,"Hutchins M, Kleiman DG, Geist V, McDade MC. 2003. Grzimek’s Animal Life Encyclopedia Second Edition, Volume 12-16 Mammals I-V. Gale, Farmington Hills, MI, USA.",VU,1
679,Pipistrellus nanulus,Vespertilionidae,Chiroptera,2,6,1,261,"Hutchins M, Kleiman DG, Geist V, McDade MC. 2003. Grzimek’s Animal Life Encyclopedia Second Edition, Volume 12-16 Mammals I-V. Gale, Farmington Hills, MI, USA.",LC,0
681,Pipistrellus nathusii,Vespertilionidae,Chiroptera,2,6,1,261,"Hutchins M, Kleiman DG, Geist V, McDade MC. 2003. Grzimek’s Animal Life Encyclopedia Second Edition, Volume 12-16 Mammals I-V. Gale, Farmington Hills, MI, USA.",LC,0
682,Pipistrellus paterculus,Vespertilionidae,Chiroptera,2,6,1,261,"Hutchins M, Kleiman DG, Geist V, McDade MC. 2003. Grzimek’s Animal Life Encyclopedia Second Edition, Volume 12-16 Mammals I-V. Gale, Farmington Hills, MI, USA.",LC,0
686,Pipistrellus pipistrellus,Vespertilionidae,Chiroptera,2,6,1,261,"Hutchins M, Kleiman DG, Geist V, McDade MC. 2003. Grzimek’s Animal Life Encyclopedia Second Edition, Volume 12-16 Mammals I-V. Gale, Farmington Hills, MI, USA.",LC,0
689,Pipistrellus rusticus,Vespertilionidae,Chiroptera,2,6,1,261,"Hutchins M, Kleiman DG, Geist V, McDade MC. 2003. Grzimek’s Animal Life Encyclopedia Second Edition, Volume 12-16 Mammals I-V. Gale, Farmington Hills, MI, USA.",LC,0
692,Pipistrellus stenopterus,Vespertilionidae,Chiroptera,2,6,1,261,"Hutchins M, Kleiman DG, Geist V, McDade MC. 2003. Grzimek’s Animal Life Encyclopedia Second Edition, Volume 12-16 Mammals I-V. Gale, Farmington Hills, MI, USA.",LC,0
693,Pipistrellus sturdeei,Vespertilionidae,Chiroptera,2,6,1,261,"Hutchins M, Kleiman DG, Geist V, McDade MC. 2003. Grzimek’s Animal Life Encyclopedia Second Edition, Volume 12-16 Mammals I-V. Gale, Farmington Hills, MI, USA.",EX,1
696,Pipistrellus tenuis,Vespertilionidae,Chiroptera,2,6,1,261,"Hutchins M, Kleiman DG, Geist V, McDade MC. 2003. Grzimek’s Animal Life Encyclopedia Second Edition, Volume 12-16 Mammals I-V. Gale, Farmington Hills, MI, USA.",LC,0
697,Plecotus auritus,Vespertilionidae,Chiroptera,2,6,1,261,"Hutchins M, Kleiman DG, Geist V, McDade MC. 2003. Grzimek’s Animal Life Encyclopedia Second Edition, Volume 12-16 Mammals I-V. Gale, Farmington Hills, MI, USA.",LC,0
698,Plecotus austriacus,Vespertilionidae,Chiroptera,2,6,1,261,"Hutchins M, Kleiman DG, Geist V, McDade MC. 2003. Grzimek’s Animal Life Encyclopedia Second Edition, Volume 12-16 Mammals I-V. Gale, Farmington Hills, MI, USA.",NT,0
701,Plecotus taivanus,Vespertilionidae,Chiroptera,2,6,1,261,"Hutchins M, Kleiman DG, Geist V, McDade MC. 2003. Grzimek’s Animal Life Encyclopedia Second Edition, Volume 12-16 Mammals I-V. Gale, Farmington Hills, MI, USA.",NT,0
702,Plecotus teneriffae,Vespertilionidae,Chiroptera,2,6,1,261,"Hutchins M, Kleiman DG, Geist V, McDade MC. 2003. Grzimek’s Animal Life Encyclopedia Second Edition, Volume 12-16 Mammals I-V. Gale, Farmington Hills, MI, USA.",VU,1
713,Scotoecus hirundo,Vespertilionidae,Chiroptera,2,6,1,261,"Hutchins M, Kleiman DG, Geist V, McDade MC. 2003. Grzimek’s Animal Life Encyclopedia Second Edition, Volume 12-16 Mammals I-V. Gale, Farmington Hills, MI, USA.",LC,0
714,Scotoecus pallidus,Vespertilionidae,Chiroptera,2,6,1,261,"Hutchins M, Kleiman DG, Geist V, McDade MC. 2003. Grzimek’s Animal Life Encyclopedia Second Edition, Volume 12-16 Mammals I-V. Gale, Farmington Hills, MI, USA.",LC,0
716,Scotomanes ornatus,Vespertilionidae,Chiroptera,2,6,1,261,"Hutchins M, Kleiman DG, Geist V, McDade MC. 2003. Grzimek’s Animal Life Encyclopedia Second Edition, Volume 12-16 Mammals I-V. Gale, Farmington Hills, MI, USA.",LC,0
719,Scotophilus dinganii,Vespertilionidae,Chiroptera,2,6,1,261,"Hutchins M, Kleiman DG, Geist V, McDade MC. 2003. Grzimek’s Animal Life Encyclopedia Second Edition, Volume 12-16 Mammals I-V. Gale, Farmington Hills, MI, USA.",LC,0
721,Scotophilus kuhlii,Vespertilionidae,Chiroptera,2,6,1,261,"Hutchins M, Kleiman DG, Geist V, McDade MC. 2003. Grzimek’s Animal Life Encyclopedia Second Edition, Volume 12-16 Mammals I-V. Gale, Farmington Hills, MI, USA.",LC,0
722,Scotophilus leucogaster,Vespertilionidae,Chiroptera,2,6,1,261,"Hutchins M, Kleiman DG, Geist V, McDade MC. 2003. Grzimek’s Animal Life Encyclopedia Second Edition, Volume 12-16 Mammals I-V. Gale, Farmington Hills, MI, USA.",LC,0
723,Scotophilus nigrita,Vespertilionidae,Chiroptera,2,6,1,261,"Hutchins M, Kleiman DG, Geist V, McDade MC. 2003. Grzimek’s Animal Life Encyclopedia Second Edition, Volume 12-16 Mammals I-V. Gale, Farmington Hills, MI, USA.",LC,0
724,Scotophilus nux,Vespertilionidae,Chiroptera,2,6,1,261,"Hutchins M, Kleiman DG, Geist V, McDade MC. 2003. Grzimek’s Animal Life Encyclopedia Second Edition, Volume 12-16 Mammals I-V. Gale, Farmington Hills, MI, USA.",LC,0
725,Scotophilus robustus,Vespertilionidae,Chiroptera,2,6,1,261,"Hutchins M, Kleiman DG, Geist V, McDade MC. 2003. Grzimek’s Animal Life Encyclopedia Second Edition, Volume 12-16 Mammals I-V. Gale, Farmington Hills, MI, USA.",LC,0
726,Scotophilus viridis,Vespertilionidae,Chiroptera,2,6,1,261,"Hutchins M, Kleiman DG, Geist V, McDade MC. 2003. Grzimek’s Animal Life Encyclopedia Second Edition, Volume 12-16 Mammals I-V. Gale, Farmington Hills, MI, USA.",LC,0
727,Tomopeas ravus,Vespertilionidae,Chiroptera,2,6,1,261,"Hutchins M, Kleiman DG, Geist V, McDade MC. 2003. Grzimek’s Animal Life Encyclopedia Second Edition, Volume 12-16 Mammals I-V. Gale, Farmington Hills, MI, USA.",EN,1
728,Tylonycteris pachypus,Vespertilionidae,Chiroptera,2,6,1,261,"Hutchins M, Kleiman DG, Geist V, McDade MC. 2003. Grzimek’s Animal Life Encyclopedia Second Edition, Volume 12-16 Mammals I-V. Gale, Farmington Hills, MI, USA.",LC,0
729,Tylonycteris robustula,Vespertilionidae,Chiroptera,2,6,1,261,"Hutchins M, Kleiman DG, Geist V, McDade MC. 2003. Grzimek’s Animal Life Encyclopedia Second Edition, Volume 12-16 Mammals I-V. Gale, Farmington Hills, MI, USA.",LC,0
730,Vespertilio murinus,Vespertilionidae,Chiroptera,2,6,1,261,"Hutchins M, Kleiman DG, Geist V, McDade MC. 2003. Grzimek’s Animal Life Encyclopedia Second Edition, Volume 12-16 Mammals I-V. Gale, Farmington Hills, MI, USA.",LC,0
733,Genetta angolensis,Viverridae,Carnivora,2,1,1,211,"Hutchins M, Kleiman DG, Geist V, McDade MC. 2003. Grzimek’s Animal Life Encyclopedia Second Edition, Volume 12-16 Mammals I-V. Gale, Farmington Hills, MI, USA., Nowak RM. 1999. Walker’s Mammals of the World, Vol. 1. Sixth Ed. The Johns Hopkins University Press, Maryland, USA.; Macdonald, D. W. 2006. The Princeton Encyclopedia of Mammals. Princeton University Press, Princeton, NJ. ",LC,0
734,Genetta genetta,Viverridae,Carnivora,2,1,1,211,"Hutchins M, Kleiman DG, Geist V, McDade MC. 2003. Grzimek’s Animal Life Encyclopedia Second Edition, Volume 12-16 Mammals I-V. Gale, Farmington Hills, MI, USA., Long JL. 2003. Introduced Mammals of the World, Their history, distribution, and influence. CSIRO Publishing, Collingwood VIC, Australia.; Macdonald, D. W. 2006. The Princeton Encyclopedia of Mammals. Princeton University Press, Princeton, NJ. ",LC,0
735,Genetta johnstoni,Viverridae,Carnivora,2,1,1,211,"Hutchins M, Kleiman DG, Geist V, McDade MC. 2003. Grzimek’s Animal Life Encyclopedia Second Edition, Volume 12-16 Mammals I-V. Gale, Farmington Hills, MI, USA., Nowak RM. 1999. Walker’s Mammals of the World, Vol. 1. Sixth Ed. The Johns Hopkins University Press, Maryland, USA.; Macdonald, D. W. 2006. The Princeton Encyclopedia of Mammals. Princeton University Press, Princeton, NJ. ",NT,0
736,Genetta maculata,Viverridae,Carnivora,2,1,1,211,"Hutchins M, Kleiman DG, Geist V, McDade MC. 2003. Grzimek’s Animal Life Encyclopedia Second Edition, Volume 12-16 Mammals I-V. Gale, Farmington Hills, MI, USA., Nowak RM. 1999. Walker’s Mammals of the World, Vol. 1. Sixth Ed. The Johns Hopkins University Press, Maryland, USA.; Macdonald, D. W. 2006. The Princeton Encyclopedia of Mammals. Princeton University Press, Princeton, NJ. ",LC,0
737,Genetta servalina,Viverridae,Carnivora,2,1,1,211,"Hutchins M, Kleiman DG, Geist V, McDade MC. 2003. Grzimek’s Animal Life Encyclopedia Second Edition, Volume 12-16 Mammals I-V. Gale, Farmington Hills, MI, USA.; Macdonald, D. W. 2006. The Princeton Encyclopedia of Mammals. Princeton University Press, Princeton, NJ. ",LC,0
738,Genetta thierryi,Viverridae,Carnivora,2,1,1,211,"Hutchins M, Kleiman DG, Geist V, McDade MC. 2003. Grzimek’s Animal Life Encyclopedia Second Edition, Volume 12-16 Mammals I-V. Gale, Farmington Hills, MI, USA., Nowak RM. 1999. Walker’s Mammals of the World, Vol. 1. Sixth Ed. The Johns Hopkins University Press, Maryland, USA.; Macdonald, D. W. 2006. The Princeton Encyclopedia of Mammals. Princeton University Press, Princeton, NJ. ",LC,0
739,Genetta tigrina,Viverridae,Carnivora,2,1,1,211,"Hutchins M, Kleiman DG, Geist V, McDade MC. 2003. Grzimek’s Animal Life Encyclopedia Second Edition, Volume 12-16 Mammals I-V. Gale, Farmington Hills, MI, USA.",LC,0
740,Genetta victoriae,Viverridae,Carnivora,2,1,1,211,"Hutchins M, Kleiman DG, Geist V, McDade MC. 2003. Grzimek’s Animal Life Encyclopedia Second Edition, Volume 12-16 Mammals I-V. Gale, Farmington Hills, MI, USA., Nowak RM. 1999. Walker’s Mammals of the World, Vol. 1. Sixth Ed. The Johns Hopkins University Press, Maryland, USA.; Macdonald, D. W. 2006. The Princeton Encyclopedia of Mammals. Princeton University Press, Princeton, NJ. ",LC,0
741,Prionodon linsang,Viverridae,Carnivora,2,1,1,211,"Hutchins M, Kleiman DG, Geist V, McDade MC. 2003. Grzimek’s Animal Life Encyclopedia Second Edition, Volume 12-16 Mammals I-V. Gale, Farmington Hills, MI, USA.",LC,0
742,Prionodon pardicolor,Viverridae,Carnivora,2,1,1,211,"Hutchins M, Kleiman DG, Geist V, McDade MC. 2003. Grzimek’s Animal Life Encyclopedia Second Edition, Volume 12-16 Mammals I-V. Gale, Farmington Hills, MI, USA.; Wilson DE. 2009. Handbook of the Mammals of the World. Vol.1 Carnivores. Lynx Edicions, Barcelona. , Nowak RM. 1999. Walker’s Mammals of the World, Vol. 1. Sixth Ed. The Johns Hopkins University Press, Maryland, USA. Nowak RM. 1999. Walker’s Mammals of the World, Vol. 1. Sixth Ed. The Johns Hopkins University Press, Maryland, USA.",LC,0
744,Caenolestes caniventer,Caenolestidae,Paucituberculata,3,1,1,311,"Hutchins M, Kleiman DG, Geist V, McDade MC. 2003. Grzimek’s Animal Life Encyclopedia Second Edition, Volume 12-16 Mammals I-V. Gale, Farmington Hills, MI, USA., Nowak RM. 1999. Walker’s Mammals of the World, Vol. 1. Sixth Ed. The Johns Hopkins University Press, Maryland, USA.",NT,0
745,Caenolestes convelatus,Caenolestidae,Paucituberculata,3,1,1,311,"Hutchins M, Kleiman DG, Geist V, McDade MC. 2003. Grzimek’s Animal Life Encyclopedia Second Edition, Volume 12-16 Mammals I-V. Gale, Farmington Hills, MI, USA., Nowak RM. 1999. Walker’s Mammals of the World, Vol. 1. Sixth Ed. The Johns Hopkins University Press, Maryland, USA.",VU,1
746,Caenolestes fuliginosus,Caenolestidae,Paucituberculata,3,1,1,311,"Hutchins M, Kleiman DG, Geist V, McDade MC. 2003. Grzimek’s Animal Life Encyclopedia Second Edition, Volume 12-16 Mammals I-V. Gale, Farmington Hills, MI, USA., Nowak RM. 1999. Walker’s Mammals of the World, Vol. 1. Sixth Ed. The Johns Hopkins University Press, Maryland, USA.",LC,0
748,Atelocynus microtis,Canidae,Carnivora,3,1,1,311,"Hutchins M, Kleiman DG, Geist V, McDade MC. 2003. Grzimek’s Animal Life Encyclopedia Second Edition, Volume 12-16 Mammals I-V. Gale, Farmington Hills, MI, USA.",NT,0
749,Canis adustus,Canidae,Carnivora,3,1,1,311,"Hutchins M, Kleiman DG, Geist V, McDade MC. 2003. Grzimek’s Animal Life Encyclopedia Second Edition, Volume 12-16 Mammals I-V. Gale, Farmington Hills, MI, USA.",LC,0
750,Canis aureus,Canidae,Carnivora,3,1,1,311,"Hutchins M, Kleiman DG, Geist V, McDade MC. 2003. Grzimek’s Animal Life Encyclopedia Second Edition, Volume 12-16 Mammals I-V. Gale, Farmington Hills, MI, USA.",LC,0
752,Canis latrans,Canidae,Carnivora,3,1,1,311,"Hutchins M, Kleiman DG, Geist V, McDade MC. 2003. Grzimek’s Animal Life Encyclopedia Second Edition, Volume 12-16 Mammals I-V. Gale, Farmington Hills, MI, USA.",LC,0
753,Canis lupus,Canidae,Carnivora,3,1,1,311,"Hutchins M, Kleiman DG, Geist V, McDade MC. 2003. Grzimek’s Animal Life Encyclopedia Second Edition, Volume 12-16 Mammals I-V. Gale, Farmington Hills, MI, USA.",LC,0
754,Canis mesomelas,Canidae,Carnivora,3,1,1,311,"Hutchins M, Kleiman DG, Geist V, McDade MC. 2003. Grzimek’s Animal Life Encyclopedia Second Edition, Volume 12-16 Mammals I-V. Gale, Farmington Hills, MI, USA.",LC,0
756,Canis rufus,Canidae,Carnivora,3,1,1,311,"Hutchins M, Kleiman DG, Geist V, McDade MC. 2003. Grzimek’s Animal Life Encyclopedia Second Edition, Volume 12-16 Mammals I-V. Gale, Farmington Hills, MI, USA.",CR,1
757,Canis simensis,Canidae,Carnivora,3,1,1,311,"Hutchins M, Kleiman DG, Geist V, McDade MC. 2003. Grzimek’s Animal Life Encyclopedia Second Edition, Volume 12-16 Mammals I-V. Gale, Farmington Hills, MI, USA.",EN,1
758,Cerdocyon thous,Canidae,Carnivora,3,1,1,311,"Hutchins M, Kleiman DG, Geist V, McDade MC. 2003. Grzimek’s Animal Life Encyclopedia Second Edition, Volume 12-16 Mammals I-V. Gale, Farmington Hills, MI, USA.",LC,0
759,Chrysocyon brachyurus,Canidae,Carnivora,3,1,1,311,"Hutchins M, Kleiman DG, Geist V, McDade MC. 2003. Grzimek’s Animal Life Encyclopedia Second Edition, Volume 12-16 Mammals I-V. Gale, Farmington Hills, MI, USA.",NT,0
760,Cuon alpinus,Canidae,Carnivora,3,1,1,311,"Hutchins M, Kleiman DG, Geist V, McDade MC. 2003. Grzimek’s Animal Life Encyclopedia Second Edition, Volume 12-16 Mammals I-V. Gale, Farmington Hills, MI, USA.",EN,1
761,Dusicyon australis,Canidae,Carnivora,3,1,1,311,"Hutchins M, Kleiman DG, Geist V, McDade MC. 2003. Grzimek’s Animal Life Encyclopedia Second Edition, Volume 12-16 Mammals I-V. Gale, Farmington Hills, MI, USA.",EX,1
762,Dusicyon avus,Canidae,Carnivora,3,1,1,311,"Hutchins M, Kleiman DG, Geist V, McDade MC. 2003. Grzimek’s Animal Life Encyclopedia Second Edition, Volume 12-16 Mammals I-V. Gale, Farmington Hills, MI, USA.",EX,1
763,Lycaon pictus,Canidae,Carnivora,3,1,1,311,"Hutchins M, Kleiman DG, Geist V, McDade MC. 2003. Grzimek’s Animal Life Encyclopedia Second Edition, Volume 12-16 Mammals I-V. Gale, Farmington Hills, MI, USA.",EN,1
764,Nyctereutes procyonoides,Canidae,Carnivora,3,1,1,311,"Hutchins M, Kleiman DG, Geist V, McDade MC. 2003. Grzimek’s Animal Life Encyclopedia Second Edition, Volume 12-16 Mammals I-V. Gale, Farmington Hills, MI, USA.",LC,0
765,Otocyon megalotis,Canidae,Carnivora,3,1,1,311,"Hutchins M, Kleiman DG, Geist V, McDade MC. 2003. Grzimek’s Animal Life Encyclopedia Second Edition, Volume 12-16 Mammals I-V. Gale, Farmington Hills, MI, USA.",LC,0
775,Speothos venaticus,Canidae,Carnivora,3,1,1,311,"Hutchins M, Kleiman DG, Geist V, McDade MC. 2003. Grzimek’s Animal Life Encyclopedia Second Edition, Volume 12-16 Mammals I-V. Gale, Farmington Hills, MI, USA.",NT,0
778,Urocyon cinereoargenteus,Canidae,Carnivora,3,1,1,311,"Hutchins M, Kleiman DG, Geist V, McDade MC. 2003. Grzimek’s Animal Life Encyclopedia Second Edition, Volume 12-16 Mammals I-V. Gale, Farmington Hills, MI, USA.",LC,0
779,Urocyon littoralis,Canidae,Carnivora,3,1,1,311,"Hutchins M, Kleiman DG, Geist V, McDade MC. 2003. Grzimek’s Animal Life Encyclopedia Second Edition, Volume 12-16 Mammals I-V. Gale, Farmington Hills, MI, USA.",NT,0
780,Vulpes bengalensis,Canidae,Carnivora,3,1,1,311,"Hutchins M, Kleiman DG, Geist V, McDade MC. 2003. Grzimek’s Animal Life Encyclopedia Second Edition, Volume 12-16 Mammals I-V. Gale, Farmington Hills, MI, USA.",LC,0
781,Vulpes cana,Canidae,Carnivora,3,1,1,311,"Hutchins M, Kleiman DG, Geist V, McDade MC. 2003. Grzimek’s Animal Life Encyclopedia Second Edition, Volume 12-16 Mammals I-V. Gale, Farmington Hills, MI, USA.",LC,0
782,Vulpes chama,Canidae,Carnivora,3,1,1,311,"Hutchins M, Kleiman DG, Geist V, McDade MC. 2003. Grzimek’s Animal Life Encyclopedia Second Edition, Volume 12-16 Mammals I-V. Gale, Farmington Hills, MI, USA.",LC,0
783,Vulpes corsac,Canidae,Carnivora,3,1,1,311,"Hutchins M, Kleiman DG, Geist V, McDade MC. 2003. Grzimek’s Animal Life Encyclopedia Second Edition, Volume 12-16 Mammals I-V. Gale, Farmington Hills, MI, USA.",LC,0
784,Vulpes ferrilata,Canidae,Carnivora,3,1,1,311,"Hutchins M, Kleiman DG, Geist V, McDade MC. 2003. Grzimek’s Animal Life Encyclopedia Second Edition, Volume 12-16 Mammals I-V. Gale, Farmington Hills, MI, USA.",LC,0
785,Vulpes pallida,Canidae,Carnivora,3,1,1,311,"Hutchins M, Kleiman DG, Geist V, McDade MC. 2003. Grzimek’s Animal Life Encyclopedia Second Edition, Volume 12-16 Mammals I-V. Gale, Farmington Hills, MI, USA.",LC,0
787,Vulpes velox,Canidae,Carnivora,3,1,1,311,"Hutchins M, Kleiman DG, Geist V, McDade MC. 2003. Grzimek’s Animal Life Encyclopedia Second Edition, Volume 12-16 Mammals I-V. Gale, Farmington Hills, MI, USA.",LC,0
788,Vulpes vulpes,Canidae,Carnivora,3,1,1,311,"Hutchins M, Kleiman DG, Geist V, McDade MC. 2003. Grzimek’s Animal Life Encyclopedia Second Edition, Volume 12-16 Mammals I-V. Gale, Farmington Hills, MI, USA.",LC,0
789,Vulpes zerda,Canidae,Carnivora,3,1,1,311,"Hutchins M, Kleiman DG, Geist V, McDade MC. 2003. Grzimek’s Animal Life Encyclopedia Second Edition, Volume 12-16 Mammals I-V. Gale, Farmington Hills, MI, USA.",LC,0
791,Cabassous chacoensis,Dasypodidae,Xenarthra,3,1,1,311,"Hutchins M, Kleiman DG, Geist V, McDade MC. 2003. Grzimek’s Animal Life Encyclopedia Second Edition, Volume 12-16 Mammals I-V. Gale, Farmington Hills, MI, USA.",NT,0
792,Cabassous tatouay,Dasypodidae,Xenarthra,3,1,1,311,"Hutchins M, Kleiman DG, Geist V, McDade MC. 2003. Grzimek’s Animal Life Encyclopedia Second Edition, Volume 12-16 Mammals I-V. Gale, Farmington Hills, MI, USA.",LC,0
793,Cabassous unicinctus,Dasypodidae,Xenarthra,3,1,1,311,"Hutchins M, Kleiman DG, Geist V, McDade MC. 2003. Grzimek’s Animal Life Encyclopedia Second Edition, Volume 12-16 Mammals I-V. Gale, Farmington Hills, MI, USA.",LC,0
795,Chaetophractus vellerosus,Dasypodidae,Xenarthra,3,1,1,311,"Hutchins M, Kleiman DG, Geist V, McDade MC. 2003. Grzimek’s Animal Life Encyclopedia Second Edition, Volume 12-16 Mammals I-V. Gale, Farmington Hills, MI, USA.",LC,0
796,Chaetophractus villosus,Dasypodidae,Xenarthra,3,1,1,311,"Hutchins M, Kleiman DG, Geist V, McDade MC. 2003. Grzimek’s Animal Life Encyclopedia Second Edition, Volume 12-16 Mammals I-V. Gale, Farmington Hills, MI, USA.",LC,0
800,Dasypus hybridus,Dasypodidae,Xenarthra,3,1,1,311,"Hutchins M, Kleiman DG, Geist V, McDade MC. 2003. Grzimek’s Animal Life Encyclopedia Second Edition, Volume 12-16 Mammals I-V. Gale, Farmington Hills, MI, USA.",NT,0
801,Dasypus kappleri,Dasypodidae,Xenarthra,3,1,1,311,"Hutchins M, Kleiman DG, Geist V, McDade MC. 2003. Grzimek’s Animal Life Encyclopedia Second Edition, Volume 12-16 Mammals I-V. Gale, Farmington Hills, MI, USA.",LC,0
802,Dasypus novemcinctus,Dasypodidae,Xenarthra,3,1,1,311,"Hutchins M, Kleiman DG, Geist V, McDade MC. 2003. Grzimek’s Animal Life Encyclopedia Second Edition, Volume 12-16 Mammals I-V. Gale, Farmington Hills, MI, USA.",LC,0
804,Dasypus sabanicola,Dasypodidae,Xenarthra,3,1,1,311,"Hutchins M, Kleiman DG, Geist V, McDade MC. 2003. Grzimek’s Animal Life Encyclopedia Second Edition, Volume 12-16 Mammals I-V. Gale, Farmington Hills, MI, USA.",NT,0
805,Dasypus septemcinctus,Dasypodidae,Xenarthra,3,1,1,311,"Hutchins M, Kleiman DG, Geist V, McDade MC. 2003. Grzimek’s Animal Life Encyclopedia Second Edition, Volume 12-16 Mammals I-V. Gale, Farmington Hills, MI, USA.",LC,0
806,Euphractus sexcinctus,Dasypodidae,Xenarthra,3,1,1,311,"Hutchins M, Kleiman DG, Geist V, McDade MC. 2003. Grzimek’s Animal Life Encyclopedia Second Edition, Volume 12-16 Mammals I-V. Gale, Farmington Hills, MI, USA.",LC,0
813,Priodontes maximus,Dasypodidae,Xenarthra,3,1,1,311,"Hutchins M, Kleiman DG, Geist V, McDade MC. 2003. Grzimek’s Animal Life Encyclopedia Second Edition, Volume 12-16 Mammals I-V. Gale, Farmington Hills, MI, USA.",VU,1
815,Tolypeutes matacus,Dasypodidae,Xenarthra,3,1,1,311,"Hutchins M, Kleiman DG, Geist V, McDade MC. 2003. Grzimek’s Animal Life Encyclopedia Second Edition, Volume 12-16 Mammals I-V. Gale, Farmington Hills, MI, USA.",NT,0
816,Tolypeutes tricinctus,Dasypodidae,Xenarthra,3,1,1,311,"Hutchins M, Kleiman DG, Geist V, McDade MC. 2003. Grzimek’s Animal Life Encyclopedia Second Edition, Volume 12-16 Mammals I-V. Gale, Farmington Hills, MI, USA.",VU,1
817,Zaedyus pichiy,Dasypodidae,Xenarthra,3,1,1,311,"Hutchins M, Kleiman DG, Geist V, McDade MC. 2003. Grzimek’s Animal Life Encyclopedia Second Edition, Volume 12-16 Mammals I-V. Gale, Farmington Hills, MI, USA.",NT,0
818,Antechinus bellus,Dasyuridae,Dasyuromorphia,3,1,1,311,"Hutchins M, Kleiman DG, Geist V, McDade MC. 2003. Grzimek’s Animal Life Encyclopedia Second Edition, Volume 12-16 Mammals I-V. Gale, Farmington Hills, MI, USA., Nowak RM. 1999. Walker’s Mammals of the World, Vol. 1. Sixth Ed. The Johns Hopkins University Press, Maryland, USA.",VU,1
819,Antechinus flavipes,Dasyuridae,Dasyuromorphia,3,1,1,311,"Hutchins M, Kleiman DG, Geist V, McDade MC. 2003. Grzimek’s Animal Life Encyclopedia Second Edition, Volume 12-16 Mammals I-V. Gale, Farmington Hills, MI, USA., Nowak RM. 1999. Walker’s Mammals of the World, Vol. 1. Sixth Ed. The Johns Hopkins University Press, Maryland, USA.",LC,0
820,Antechinus godmani,Dasyuridae,Dasyuromorphia,3,1,1,311,"Hutchins M, Kleiman DG, Geist V, McDade MC. 2003. Grzimek’s Animal Life Encyclopedia Second Edition, Volume 12-16 Mammals I-V. Gale, Farmington Hills, MI, USA., Nowak RM. 1999. Walker’s Mammals of the World, Vol. 1. Sixth Ed. The Johns Hopkins University Press, Maryland, USA.",LC,0
821,Antechinus leo,Dasyuridae,Dasyuromorphia,3,1,1,311,"Hutchins M, Kleiman DG, Geist V, McDade MC. 2003. Grzimek’s Animal Life Encyclopedia Second Edition, Volume 12-16 Mammals I-V. Gale, Farmington Hills, MI, USA., Nowak RM. 1999. Walker’s Mammals of the World, Vol. 1. Sixth Ed. The Johns Hopkins University Press, Maryland, USA.",LC,0
823,Antechinus minimus,Dasyuridae,Dasyuromorphia,3,1,1,311,"Hutchins M, Kleiman DG, Geist V, McDade MC. 2003. Grzimek’s Animal Life Encyclopedia Second Edition, Volume 12-16 Mammals I-V. Gale, Farmington Hills, MI, USA., Nowak RM. 1999. Walker’s Mammals of the World, Vol. 1. Sixth Ed. The Johns Hopkins University Press, Maryland, USA.",LC,0
825,Antechinus stuartii,Dasyuridae,Dasyuromorphia,3,1,1,311,"Hutchins M, Kleiman DG, Geist V, McDade MC. 2003. Grzimek’s Animal Life Encyclopedia Second Edition, Volume 12-16 Mammals I-V. Gale, Farmington Hills, MI, USA., Nowak RM. 1999. Walker’s Mammals of the World, Vol. 1. Sixth Ed. The Johns Hopkins University Press, Maryland, USA.",LC,0
826,Antechinus swainsonii,Dasyuridae,Dasyuromorphia,3,1,1,311,"Hutchins M, Kleiman DG, Geist V, McDade MC. 2003. Grzimek’s Animal Life Encyclopedia Second Edition, Volume 12-16 Mammals I-V. Gale, Farmington Hills, MI, USA., Nowak RM. 1999. Walker’s Mammals of the World, Vol. 1. Sixth Ed. The Johns Hopkins University Press, Maryland, USA.",LC,0
829,Dasykaluta rosamondae,Dasyuridae,Dasyuromorphia,3,1,1,311,"Hutchins M, Kleiman DG, Geist V, McDade MC. 2003. Grzimek’s Animal Life Encyclopedia Second Edition, Volume 12-16 Mammals I-V. Gale, Farmington Hills, MI, USA.",LC,0
830,Dasyurus albopunctatus,Dasyuridae,Dasyuromorphia,3,1,1,311,"Hutchins M, Kleiman DG, Geist V, McDade MC. 2003. Grzimek’s Animal Life Encyclopedia Second Edition, Volume 12-16 Mammals I-V. Gale, Farmington Hills, MI, USA.",NT,0
831,Dasyurus geoffroii,Dasyuridae,Dasyuromorphia,3,1,1,311,"Hutchins M, Kleiman DG, Geist V, McDade MC. 2003. Grzimek’s Animal Life Encyclopedia Second Edition, Volume 12-16 Mammals I-V. Gale, Farmington Hills, MI, USA.",NT,0
832,Dasyurus hallucatus,Dasyuridae,Dasyuromorphia,3,1,1,311,"Hutchins M, Kleiman DG, Geist V, McDade MC. 2003. Grzimek’s Animal Life Encyclopedia Second Edition, Volume 12-16 Mammals I-V. Gale, Farmington Hills, MI, USA.",EN,1
833,Dasyurus maculatus,Dasyuridae,Dasyuromorphia,3,1,1,311,"Hutchins M, Kleiman DG, Geist V, McDade MC. 2003. Grzimek’s Animal Life Encyclopedia Second Edition, Volume 12-16 Mammals I-V. Gale, Farmington Hills, MI, USA.",NT,0
834,Dasyurus spartacus,Dasyuridae,Dasyuromorphia,3,1,1,311,"Hutchins M, Kleiman DG, Geist V, McDade MC. 2003. Grzimek’s Animal Life Encyclopedia Second Edition, Volume 12-16 Mammals I-V. Gale, Farmington Hills, MI, USA., Nowak RM. 1999. Walker’s Mammals of the World, Vol. 1. Sixth Ed. The Johns Hopkins University Press, Maryland, USA.",NT,0
835,Dasyurus viverrinus,Dasyuridae,Dasyuromorphia,3,1,1,311,"Hutchins M, Kleiman DG, Geist V, McDade MC. 2003. Grzimek’s Animal Life Encyclopedia Second Edition, Volume 12-16 Mammals I-V. Gale, Farmington Hills, MI, USA.",EN,1
836,Myoictis melas,Dasyuridae,Dasyuromorphia,3,1,1,311,"Hutchins M, Kleiman DG, Geist V, McDade MC. 2003. Grzimek’s Animal Life Encyclopedia Second Edition, Volume 12-16 Mammals I-V. Gale, Farmington Hills, MI, USA., Nowak RM. 1999. Walker’s Mammals of the World, Vol. 1. Sixth Ed. The Johns Hopkins University Press, Maryland, USA.",LC,0
837,Ningaui ridei,Dasyuridae,Dasyuromorphia,3,1,1,311,"Hutchins M, Kleiman DG, Geist V, McDade MC. 2003. Grzimek’s Animal Life Encyclopedia Second Edition, Volume 12-16 Mammals I-V. Gale, Farmington Hills, MI, USA.",LC,0
838,Ningaui timealeyi,Dasyuridae,Dasyuromorphia,3,1,1,311,"Hutchins M, Kleiman DG, Geist V, McDade MC. 2003. Grzimek’s Animal Life Encyclopedia Second Edition, Volume 12-16 Mammals I-V. Gale, Farmington Hills, MI, USA.",LC,0
840,Parantechinus apicalis,Dasyuridae,Dasyuromorphia,3,1,1,311,"Hutchins M, Kleiman DG, Geist V, McDade MC. 2003. Grzimek’s Animal Life Encyclopedia Second Edition, Volume 12-16 Mammals I-V. Gale, Farmington Hills, MI, USA.",EN,1
842,Phascogale calura,Dasyuridae,Dasyuromorphia,3,1,1,311,"Hutchins M, Kleiman DG, Geist V, McDade MC. 2003. Grzimek’s Animal Life Encyclopedia Second Edition, Volume 12-16 Mammals I-V. Gale, Farmington Hills, MI, USA.",NT,0
843,Phascolosorex doriae,Dasyuridae,Dasyuromorphia,3,1,1,311,"Hutchins M, Kleiman DG, Geist V, McDade MC. 2003. Grzimek’s Animal Life Encyclopedia Second Edition, Volume 12-16 Mammals I-V. Gale, Farmington Hills, MI, USA., Nowak RM. 1999. Walker’s Mammals of the World, Vol. 1. Sixth Ed. The Johns Hopkins University Press, Maryland, USA.",LC,0
844,Phascolosorex dorsalis,Dasyuridae,Dasyuromorphia,3,1,1,311,"Hutchins M, Kleiman DG, Geist V, McDade MC. 2003. Grzimek’s Animal Life Encyclopedia Second Edition, Volume 12-16 Mammals I-V. Gale, Farmington Hills, MI, USA., Nowak RM. 1999. Walker’s Mammals of the World, Vol. 1. Sixth Ed. The Johns Hopkins University Press, Maryland, USA.",LC,0
845,Planigale gilesi,Dasyuridae,Dasyuromorphia,3,1,1,311,"Hutchins M, Kleiman DG, Geist V, McDade MC. 2003. Grzimek’s Animal Life Encyclopedia Second Edition, Volume 12-16 Mammals I-V. Gale, Farmington Hills, MI, USA., Nowak RM. 1999. Walker’s Mammals of the World, Vol. 1. Sixth Ed. The Johns Hopkins University Press, Maryland, USA.",LC,0
846,Planigale ingrami,Dasyuridae,Dasyuromorphia,3,1,1,311,"Hutchins M, Kleiman DG, Geist V, McDade MC. 2003. Grzimek’s Animal Life Encyclopedia Second Edition, Volume 12-16 Mammals I-V. Gale, Farmington Hills, MI, USA., Nowak RM. 1999. Walker’s Mammals of the World, Vol. 1. Sixth Ed. The Johns Hopkins University Press, Maryland, USA.",LC,0
847,Planigale maculata,Dasyuridae,Dasyuromorphia,3,1,1,311,"Hutchins M, Kleiman DG, Geist V, McDade MC. 2003. Grzimek’s Animal Life Encyclopedia Second Edition, Volume 12-16 Mammals I-V. Gale, Farmington Hills, MI, USA., Nowak RM. 1999. Walker’s Mammals of the World, Vol. 1. Sixth Ed. The Johns Hopkins University Press, Maryland, USA.",LC,0
848,Planigale novaeguineae,Dasyuridae,Dasyuromorphia,3,1,1,311,"Hutchins M, Kleiman DG, Geist V, McDade MC. 2003. Grzimek’s Animal Life Encyclopedia Second Edition, Volume 12-16 Mammals I-V. Gale, Farmington Hills, MI, USA., Nowak RM. 1999. Walker’s Mammals of the World, Vol. 1. Sixth Ed. The Johns Hopkins University Press, Maryland, USA.",LC,0
849,Planigale tenuirostris,Dasyuridae,Dasyuromorphia,3,1,1,311,"Hutchins M, Kleiman DG, Geist V, McDade MC. 2003. Grzimek’s Animal Life Encyclopedia Second Edition, Volume 12-16 Mammals I-V. Gale, Farmington Hills, MI, USA., Nowak RM. 1999. Walker’s Mammals of the World, Vol. 1. Sixth Ed. The Johns Hopkins University Press, Maryland, USA.",LC,0
850,Pseudantechinus macdonnellensis,Dasyuridae,Dasyuromorphia,3,1,1,311,"Hutchins M, Kleiman DG, Geist V, McDade MC. 2003. Grzimek’s Animal Life Encyclopedia Second Edition, Volume 12-16 Mammals I-V. Gale, Farmington Hills, MI, USA., Nowak RM. 1999. Walker’s Mammals of the World, Vol. 1. Sixth Ed. The Johns Hopkins University Press, Maryland, USA.",LC,0
851,Pseudantechinus ningbing,Dasyuridae,Dasyuromorphia,3,1,1,311,"Hutchins M, Kleiman DG, Geist V, McDade MC. 2003. Grzimek’s Animal Life Encyclopedia Second Edition, Volume 12-16 Mammals I-V. Gale, Farmington Hills, MI, USA., Nowak RM. 1999. Walker’s Mammals of the World, Vol. 1. Sixth Ed. The Johns Hopkins University Press, Maryland, USA.",LC,0
852,Pseudantechinus woolleyae,Dasyuridae,Dasyuromorphia,3,1,1,311,"Hutchins M, Kleiman DG, Geist V, McDade MC. 2003. Grzimek’s Animal Life Encyclopedia Second Edition, Volume 12-16 Mammals I-V. Gale, Farmington Hills, MI, USA., Nowak RM. 1999. Walker’s Mammals of the World, Vol. 1. Sixth Ed. The Johns Hopkins University Press, Maryland, USA.",LC,0
853,Sarcophilus harrisii,Dasyuridae,Dasyuromorphia,3,1,1,311,"Hutchins M, Kleiman DG, Geist V, McDade MC. 2003. Grzimek’s Animal Life Encyclopedia Second Edition, Volume 12-16 Mammals I-V. Gale, Farmington Hills, MI, USA., Nowak RM. 1999. Walker’s Mammals of the World, Vol. 1. Sixth Ed. The Johns Hopkins University Press, Maryland, USA.",EN,1
857,Sminthopsis butleri,Dasyuridae,Dasyuromorphia,3,1,1,311,"Hutchins M, Kleiman DG, Geist V, McDade MC. 2003. Grzimek’s Animal Life Encyclopedia Second Edition, Volume 12-16 Mammals I-V. Gale, Farmington Hills, MI, USA., Nowak RM. 1999. Walker’s Mammals of the World, Vol. 1. Sixth Ed. The Johns Hopkins University Press, Maryland, USA.",VU,1
858,Sminthopsis crassicaudata,Dasyuridae,Dasyuromorphia,3,1,1,311,"Hutchins M, Kleiman DG, Geist V, McDade MC. 2003. Grzimek’s Animal Life Encyclopedia Second Edition, Volume 12-16 Mammals I-V. Gale, Farmington Hills, MI, USA., Nowak RM. 1999. Walker’s Mammals of the World, Vol. 1. Sixth Ed. The Johns Hopkins University Press, Maryland, USA.",LC,0
859,Sminthopsis dolichura,Dasyuridae,Dasyuromorphia,3,1,1,311,"Hutchins M, Kleiman DG, Geist V, McDade MC. 2003. Grzimek’s Animal Life Encyclopedia Second Edition, Volume 12-16 Mammals I-V. Gale, Farmington Hills, MI, USA., Nowak RM. 1999. Walker’s Mammals of the World, Vol. 1. Sixth Ed. The Johns Hopkins University Press, Maryland, USA.",LC,0
860,Sminthopsis douglasi,Dasyuridae,Dasyuromorphia,3,1,1,311,"Hutchins M, Kleiman DG, Geist V, McDade MC. 2003. Grzimek’s Animal Life Encyclopedia Second Edition, Volume 12-16 Mammals I-V. Gale, Farmington Hills, MI, USA., Nowak RM. 1999. Walker’s Mammals of the World, Vol. 1. Sixth Ed. The Johns Hopkins University Press, Maryland, USA.",NT,0
862,Sminthopsis gilberti,Dasyuridae,Dasyuromorphia,3,1,1,311,"Hutchins M, Kleiman DG, Geist V, McDade MC. 2003. Grzimek’s Animal Life Encyclopedia Second Edition, Volume 12-16 Mammals I-V. Gale, Farmington Hills, MI, USA., Nowak RM. 1999. Walker’s Mammals of the World, Vol. 1. Sixth Ed. The Johns Hopkins University Press, Maryland, USA.",LC,0
863,Sminthopsis granulipes,Dasyuridae,Dasyuromorphia,3,1,1,311,"Hutchins M, Kleiman DG, Geist V, McDade MC. 2003. Grzimek’s Animal Life Encyclopedia Second Edition, Volume 12-16 Mammals I-V. Gale, Farmington Hills, MI, USA., Nowak RM. 1999. Walker’s Mammals of the World, Vol. 1. Sixth Ed. The Johns Hopkins University Press, Maryland, USA.",LC,0
864,Sminthopsis griseoventer,Dasyuridae,Dasyuromorphia,3,1,1,311,"Hutchins M, Kleiman DG, Geist V, McDade MC. 2003. Grzimek’s Animal Life Encyclopedia Second Edition, Volume 12-16 Mammals I-V. Gale, Farmington Hills, MI, USA., Nowak RM. 1999. Walker’s Mammals of the World, Vol. 1. Sixth Ed. The Johns Hopkins University Press, Maryland, USA.",LC,0
865,Sminthopsis hirtipes,Dasyuridae,Dasyuromorphia,3,1,1,311,"Hutchins M, Kleiman DG, Geist V, McDade MC. 2003. Grzimek’s Animal Life Encyclopedia Second Edition, Volume 12-16 Mammals I-V. Gale, Farmington Hills, MI, USA., Nowak RM. 1999. Walker’s Mammals of the World, Vol. 1. Sixth Ed. The Johns Hopkins University Press, Maryland, USA.",LC,0
867,Sminthopsis leucopus,Dasyuridae,Dasyuromorphia,3,1,1,311,"Hutchins M, Kleiman DG, Geist V, McDade MC. 2003. Grzimek’s Animal Life Encyclopedia Second Edition, Volume 12-16 Mammals I-V. Gale, Farmington Hills, MI, USA., Nowak RM. 1999. Walker’s Mammals of the World, Vol. 1. Sixth Ed. The Johns Hopkins University Press, Maryland, USA.",LC,0
868,Sminthopsis longicaudata,Dasyuridae,Dasyuromorphia,3,1,1,311,"Hutchins M, Kleiman DG, Geist V, McDade MC. 2003. Grzimek’s Animal Life Encyclopedia Second Edition, Volume 12-16 Mammals I-V. Gale, Farmington Hills, MI, USA., Nowak RM. 1999. Walker’s Mammals of the World, Vol. 1. Sixth Ed. The Johns Hopkins University Press, Maryland, USA.",LC,0
869,Sminthopsis macroura,Dasyuridae,Dasyuromorphia,3,1,1,311,"Hutchins M, Kleiman DG, Geist V, McDade MC. 2003. Grzimek’s Animal Life Encyclopedia Second Edition, Volume 12-16 Mammals I-V. Gale, Farmington Hills, MI, USA., Nowak RM. 1999. Walker’s Mammals of the World, Vol. 1. Sixth Ed. The Johns Hopkins University Press, Maryland, USA.",LC,0
870,Sminthopsis murina,Dasyuridae,Dasyuromorphia,3,1,1,311,"Hutchins M, Kleiman DG, Geist V, McDade MC. 2003. Grzimek’s Animal Life Encyclopedia Second Edition, Volume 12-16 Mammals I-V. Gale, Farmington Hills, MI, USA., Nowak RM. 1999. Walker’s Mammals of the World, Vol. 1. Sixth Ed. The Johns Hopkins University Press, Maryland, USA.",LC,0
871,Sminthopsis ooldea,Dasyuridae,Dasyuromorphia,3,1,1,311,"Hutchins M, Kleiman DG, Geist V, McDade MC. 2003. Grzimek’s Animal Life Encyclopedia Second Edition, Volume 12-16 Mammals I-V. Gale, Farmington Hills, MI, USA., Nowak RM. 1999. Walker’s Mammals of the World, Vol. 1. Sixth Ed. The Johns Hopkins University Press, Maryland, USA.",LC,0
872,Sminthopsis psammophila,Dasyuridae,Dasyuromorphia,3,1,1,311,"Hutchins M, Kleiman DG, Geist V, McDade MC. 2003. Grzimek’s Animal Life Encyclopedia Second Edition, Volume 12-16 Mammals I-V. Gale, Farmington Hills, MI, USA., Nowak RM. 1999. Walker’s Mammals of the World, Vol. 1. Sixth Ed. The Johns Hopkins University Press, Maryland, USA.",VU,1
873,Sminthopsis virginiae,Dasyuridae,Dasyuromorphia,3,1,1,311,"Hutchins M, Kleiman DG, Geist V, McDade MC. 2003. Grzimek’s Animal Life Encyclopedia Second Edition, Volume 12-16 Mammals I-V. Gale, Farmington Hills, MI, USA., Nowak RM. 1999. Walker’s Mammals of the World, Vol. 1. Sixth Ed. The Johns Hopkins University Press, Maryland, USA.",LC,0
874,Sminthopsis youngsoni,Dasyuridae,Dasyuromorphia,3,1,1,311,"Hutchins M, Kleiman DG, Geist V, McDade MC. 2003. Grzimek’s Animal Life Encyclopedia Second Edition, Volume 12-16 Mammals I-V. Gale, Farmington Hills, MI, USA., Nowak RM. 1999. Walker’s Mammals of the World, Vol. 1. Sixth Ed. The Johns Hopkins University Press, Maryland, USA.",LC,0
875,Didelphis virginiana,Didelphidae,Didelphimorphia,3,1,1,311,"Hutchins M, Kleiman DG, Geist V, McDade MC. 2003. Grzimek’s Animal Life Encyclopedia Second Edition, Volume 12-16 Mammals I-V. Gale, Farmington Hills, MI, USA., Nowak RM. 1999. Walker’s Mammals of the World, Vol. 1. Sixth Ed. The Johns Hopkins University Press, Maryland, USA. ; Burton, M., Burton R. 1975. Encyclopedia of Mammals. Octopus Books Limited, London W1. ; Gould, E., McKay, G. 1990. Encyclopedia of Animals Mammals. Weldon Owen Inc. San Francisco, California USA.",LC,0
876,Lestodelphys halli,Didelphidae,Didelphimorphia,3,1,1,311,"Hutchins M, Kleiman DG, Geist V, McDade MC. 2003. Grzimek’s Animal Life Encyclopedia Second Edition, Volume 12-16 Mammals I-V. Gale, Farmington Hills, MI, USA.",LC,0
878,Metachirus nudicaudatus,Didelphidae,Didelphimorphia,3,1,1,311,"Hutchins M, Kleiman DG, Geist V, McDade MC. 2003. Grzimek’s Animal Life Encyclopedia Second Edition, Volume 12-16 Mammals I-V. Gale, Farmington Hills, MI, USA.",LC,0
879,Monodelphis adusta,Didelphidae,Didelphimorphia,3,1,1,311,"Nowak RM. 1999. Walker’s Mammals of the World, Vol. 1. Sixth Ed. The Johns Hopkins University Press, Maryland, USA",LC,0
880,Monodelphis americana,Didelphidae,Didelphimorphia,3,1,1,311,"Nowak RM. 1999. Walker’s Mammals of the World, Vol. 1. Sixth Ed. The Johns Hopkins University Press, Maryland, USA.; Macdonald, D. W. 2006. The Princeton Encyclopedia of Mammals. Princeton University Press, Princeton, NJ. ",LC,0
881,Monodelphis brevicaudata,Didelphidae,Didelphimorphia,3,1,1,311,"Hutchins M, Kleiman DG, Geist V, McDade MC. 2003. Grzimek’s Animal Life Encyclopedia Second Edition, Volume 12-16 Mammals I-V. Gale, Farmington Hills, MI, USA.; Macdonald, D. W. 2006. The Princeton Encyclopedia of Mammals. Princeton University Press, Princeton, NJ. ",LC,0
882,Monodelphis dimidiata,Didelphidae,Didelphimorphia,3,1,1,311,"Hutchins M, Kleiman DG, Geist V, McDade MC. 2003. Grzimek’s Animal Life Encyclopedia Second Edition, Volume 12-16 Mammals I-V. Gale, Farmington Hills, MI, USA.; Macdonald, D. W. 2006. The Princeton Encyclopedia of Mammals. Princeton University Press, Princeton, NJ. ",LC,0
883,Monodelphis domestica,Didelphidae,Didelphimorphia,3,1,1,311,"Nowak RM. 1999. Walker’s Mammals of the World, Vol. 1. Sixth Ed. The Johns Hopkins University Press, Maryland, USA.; Macdonald, D. W. 2006. The Princeton Encyclopedia of Mammals. Princeton University Press, Princeton, NJ. ",LC,0
884,Monodelphis emiliae,Didelphidae,Didelphimorphia,3,1,1,311,"Nowak RM. 1999. Walker’s Mammals of the World, Vol. 1. Sixth Ed. The Johns Hopkins University Press, Maryland, USA.; Macdonald, D. W. 2006. The Princeton Encyclopedia of Mammals. Princeton University Press, Princeton, NJ. ",LC,0
886,Monodelphis kunsi,Didelphidae,Didelphimorphia,3,1,1,311,"Hutchins M, Kleiman DG, Geist V, McDade MC. 2003. Grzimek’s Animal Life Encyclopedia Second Edition, Volume 12-16 Mammals I-V. Gale, Farmington Hills, MI, USA.; Macdonald, D. W. 2006. The Princeton Encyclopedia of Mammals. Princeton University Press, Princeton, NJ. ",LC,0
888,Monodelphis osgoodi,Didelphidae,Didelphimorphia,3,1,1,311,"Nowak RM. 1999. Walker’s Mammals of the World, Vol. 1. Sixth Ed. The Johns Hopkins University Press, Maryland, USA.; Macdonald, D. W. 2006. The Princeton Encyclopedia of Mammals. Princeton University Press, Princeton, NJ. ",LC,0
890,Monodelphis scalops,Didelphidae,Didelphimorphia,3,1,1,311,"Nowak RM. 1999. Walker’s Mammals of the World, Vol. 1. Sixth Ed. The Johns Hopkins University Press, Maryland, USA.; Macdonald, D. W. 2006. The Princeton Encyclopedia of Mammals. Princeton University Press, Princeton, NJ. ",LC,0
893,Monodelphis unistriata,Didelphidae,Didelphimorphia,3,1,1,311,"Nowak RM. 1999. Walker’s Mammals of the World, Vol. 1. Sixth Ed. The Johns Hopkins University Press, Maryland, USA.; Macdonald, D. W. 2006. The Princeton Encyclopedia of Mammals. Princeton University Press, Princeton, NJ. ",CR,1
894,Philander andersoni,Didelphidae,Didelphimorphia,3,1,1,311,"Hutchins M, Kleiman DG, Geist V, McDade MC. 2003. Grzimek’s Animal Life Encyclopedia Second Edition, Volume 12-16 Mammals I-V. Gale, Farmington Hills, MI, USA.",LC,0
895,Atelerix albiventris,Erinaceidae,Insectivora,3,1,1,311,"Hutchins M, Kleiman DG, Geist V, McDade MC. 2003. Grzimek’s Animal Life Encyclopedia Second Edition, Volume 12-16 Mammals I-V. Gale, Farmington Hills, MI, USA.",LC,0
896,Atelerix algirus,Erinaceidae,Insectivora,3,1,1,311,"Hutchins M, Kleiman DG, Geist V, McDade MC. 2003. Grzimek’s Animal Life Encyclopedia Second Edition, Volume 12-16 Mammals I-V. Gale, Farmington Hills, MI, USA.",LC,0
897,Atelerix frontalis,Erinaceidae,Insectivora,3,1,1,311,"Hutchins M, Kleiman DG, Geist V, McDade MC. 2003. Grzimek’s Animal Life Encyclopedia Second Edition, Volume 12-16 Mammals I-V. Gale, Farmington Hills, MI, USA.",LC,0
898,Atelerix sclateri,Erinaceidae,Insectivora,3,1,1,311,"Hutchins M, Kleiman DG, Geist V, McDade MC. 2003. Grzimek’s Animal Life Encyclopedia Second Edition, Volume 12-16 Mammals I-V. Gale, Farmington Hills, MI, USA.",LC,0
899,Echinosorex gymnura,Erinaceidae,Insectivora,3,1,1,311,"Hutchins M, Kleiman DG, Geist V, McDade MC. 2003. Grzimek’s Animal Life Encyclopedia Second Edition, Volume 12-16 Mammals I-V. Gale, Farmington Hills, MI, USA.",LC,0
900,Erinaceus amurensis,Erinaceidae,Insectivora,3,1,1,311,"Hutchins M, Kleiman DG, Geist V, McDade MC. 2003. Grzimek’s Animal Life Encyclopedia Second Edition, Volume 12-16 Mammals I-V. Gale, Farmington Hills, MI, USA.",LC,0
901,Erinaceus concolor,Erinaceidae,Insectivora,3,1,1,311,"Hutchins M, Kleiman DG, Geist V, McDade MC. 2003. Grzimek’s Animal Life Encyclopedia Second Edition, Volume 12-16 Mammals I-V. Gale, Farmington Hills, MI, USA.",LC,0
902,Erinaceus europaeus,Erinaceidae,Insectivora,3,1,1,311,"Hutchins M, Kleiman DG, Geist V, McDade MC. 2003. Grzimek’s Animal Life Encyclopedia Second Edition, Volume 12-16 Mammals I-V. Gale, Farmington Hills, MI, USA.",LC,0
904,Hemiechinus auritus,Erinaceidae,Insectivora,3,1,1,311,"Hutchins M, Kleiman DG, Geist V, McDade MC. 2003. Grzimek’s Animal Life Encyclopedia Second Edition, Volume 12-16 Mammals I-V. Gale, Farmington Hills, MI, USA.",LC,0
905,Hemiechinus collaris,Erinaceidae,Insectivora,3,1,1,311,"Hutchins M, Kleiman DG, Geist V, McDade MC. 2003. Grzimek’s Animal Life Encyclopedia Second Edition, Volume 12-16 Mammals I-V. Gale, Farmington Hills, MI, USA.",LC,0
911,Hylomys suillus,Erinaceidae,Insectivora,3,1,1,311,"Hutchins M, Kleiman DG, Geist V, McDade MC. 2003. Grzimek’s Animal Life Encyclopedia Second Edition, Volume 12-16 Mammals I-V. Gale, Farmington Hills, MI, USA.",LC,0
912,Mesechinus dauuricus,Erinaceidae,Insectivora,3,1,1,311,"Hutchins M, Kleiman DG, Geist V, McDade MC. 2003. Grzimek’s Animal Life Encyclopedia Second Edition, Volume 12-16 Mammals I-V. Gale, Farmington Hills, MI, USA.",LC,0
913,Mesechinus hughi,Erinaceidae,Insectivora,3,1,1,311,"Hutchins M, Kleiman DG, Geist V, McDade MC. 2003. Grzimek’s Animal Life Encyclopedia Second Edition, Volume 12-16 Mammals I-V. Gale, Farmington Hills, MI, USA.",LC,0
914,Podogymnura aureospinula,Erinaceidae,Insectivora,3,1,1,311,"Hutchins M, Kleiman DG, Geist V, McDade MC. 2003. Grzimek’s Animal Life Encyclopedia Second Edition, Volume 12-16 Mammals I-V. Gale, Farmington Hills, MI, USA.",EN,1
915,Podogymnura truei,Erinaceidae,Insectivora,3,1,1,311,"Hutchins M, Kleiman DG, Geist V, McDade MC. 2003. Grzimek’s Animal Life Encyclopedia Second Edition, Volume 12-16 Mammals I-V. Gale, Farmington Hills, MI, USA.",LC,0
916,Acinonyx jubatus,Felidae,Carnivora,3,1,1,311,"Hutchins M, Kleiman DG, Geist V, McDade MC. 2003. Grzimek’s Animal Life Encyclopedia Second Edition, Volume 12-16 Mammals I-V. Gale, Farmington Hills, MI, USA.",VU,1
917,Caracal caracal,Felidae,Carnivora,3,1,1,311,"Hutchins M, Kleiman DG, Geist V, McDade MC. 2003. Grzimek’s Animal Life Encyclopedia Second Edition, Volume 12-16 Mammals I-V. Gale, Farmington Hills, MI, USA.; Wilson DE. 2009. Handbook of the Mammals of the World. Vol.1 Carnivores. Lynx Edicions, Barcelona. ",LC,0
918,Catopuma temminckii,Felidae,Carnivora,3,1,1,311,"Hutchins M, Kleiman DG, Geist V, McDade MC. 2003. Grzimek’s Animal Life Encyclopedia Second Edition, Volume 12-16 Mammals I-V. Gale, Farmington Hills, MI, USA.",NT,0
920,Felis bieti,Felidae,Carnivora,3,1,1,311,"Hutchins M, Kleiman DG, Geist V, McDade MC. 2003. Grzimek’s Animal Life Encyclopedia Second Edition, Volume 12-16 Mammals I-V. Gale, Farmington Hills, MI, USA.",VU,1
921,Felis chaus,Felidae,Carnivora,3,1,1,311,"Hutchins M, Kleiman DG, Geist V, McDade MC. 2003. Grzimek’s Animal Life Encyclopedia Second Edition, Volume 12-16 Mammals I-V. Gale, Farmington Hills, MI, USA.",LC,0
922,Felis margarita,Felidae,Carnivora,3,1,1,311,"Hutchins M, Kleiman DG, Geist V, McDade MC. 2003. Grzimek’s Animal Life Encyclopedia Second Edition, Volume 12-16 Mammals I-V. Gale, Farmington Hills, MI, USA.",LC,0
923,Felis nigripes,Felidae,Carnivora,3,1,1,311,"Hutchins M, Kleiman DG, Geist V, McDade MC. 2003. Grzimek’s Animal Life Encyclopedia Second Edition, Volume 12-16 Mammals I-V. Gale, Farmington Hills, MI, USA.",VU,1
924,Felis silvestris,Felidae,Carnivora,3,1,1,311,"Hutchins M, Kleiman DG, Geist V, McDade MC. 2003. Grzimek’s Animal Life Encyclopedia Second Edition, Volume 12-16 Mammals I-V. Gale, Farmington Hills, MI, USA.",LC,0
926,Leopardus pardalis,Felidae,Carnivora,3,1,1,311,"Hutchins M, Kleiman DG, Geist V, McDade MC. 2003. Grzimek’s Animal Life Encyclopedia Second Edition, Volume 12-16 Mammals I-V. Gale, Farmington Hills, MI, USA.",LC,0
927,Leopardus tigrinus,Felidae,Carnivora,3,1,1,311,"Hutchins M, Kleiman DG, Geist V, McDade MC. 2003. Grzimek’s Animal Life Encyclopedia Second Edition, Volume 12-16 Mammals I-V. Gale, Farmington Hills, MI, USA.",VU,1
928,Leopardus wiedii,Felidae,Carnivora,3,1,1,311,"Hutchins M, Kleiman DG, Geist V, McDade MC. 2003. Grzimek’s Animal Life Encyclopedia Second Edition, Volume 12-16 Mammals I-V. Gale, Farmington Hills, MI, USA.",NT,0
929,Leptailurus serval,Felidae,Carnivora,3,1,1,311,"Hutchins M, Kleiman DG, Geist V, McDade MC. 2003. Grzimek’s Animal Life Encyclopedia Second Edition, Volume 12-16 Mammals I-V. Gale, Farmington Hills, MI, USA.",LC,0
930,Lynx canadensis,Felidae,Carnivora,3,1,1,311,"Hutchins M, Kleiman DG, Geist V, McDade MC. 2003. Grzimek’s Animal Life Encyclopedia Second Edition, Volume 12-16 Mammals I-V. Gale, Farmington Hills, MI, USA.",LC,0
931,Lynx lynx,Felidae,Carnivora,3,1,1,311,"Hutchins M, Kleiman DG, Geist V, McDade MC. 2003. Grzimek’s Animal Life Encyclopedia Second Edition, Volume 12-16 Mammals I-V. Gale, Farmington Hills, MI, USA.",LC,0
932,Lynx pardinus,Felidae,Carnivora,3,1,1,311,"Hutchins M, Kleiman DG, Geist V, McDade MC. 2003. Grzimek’s Animal Life Encyclopedia Second Edition, Volume 12-16 Mammals I-V. Gale, Farmington Hills, MI, USA.",EN,1
933,Lynx rufus,Felidae,Carnivora,3,1,1,311,"Hutchins M, Kleiman DG, Geist V, McDade MC. 2003. Grzimek’s Animal Life Encyclopedia Second Edition, Volume 12-16 Mammals I-V. Gale, Farmington Hills, MI, USA.",LC,0
934,Neofelis nebulosa,Felidae,Carnivora,3,1,1,311,"Hutchins M, Kleiman DG, Geist V, McDade MC. 2003. Grzimek’s Animal Life Encyclopedia Second Edition, Volume 12-16 Mammals I-V. Gale, Farmington Hills, MI, USA.",VU,1
939,Otocolobus manul,Felidae,Carnivora,3,1,1,311,"Hutchins M, Kleiman DG, Geist V, McDade MC. 2003. Grzimek’s Animal Life Encyclopedia Second Edition, Volume 12-16 Mammals I-V. Gale, Farmington Hills, MI, USA.",LC,0
940,Panthera leo,Felidae,Carnivora,3,1,1,311,"Hutchins M, Kleiman DG, Geist V, McDade MC. 2003. Grzimek’s Animal Life Encyclopedia Second Edition, Volume 12-16 Mammals I-V. Gale, Farmington Hills, MI, USA.; Macdonald, D. W. 2006. The Princeton Encyclopedia of Mammals. Princeton University Press, Princeton, NJ. ",VU,1
941,Panthera onca,Felidae,Carnivora,3,1,1,311,"Hutchins M, Kleiman DG, Geist V, McDade MC. 2003. Grzimek’s Animal Life Encyclopedia Second Edition, Volume 12-16 Mammals I-V. Gale, Farmington Hills, MI, USA.",NT,0
942,Panthera pardus,Felidae,Carnivora,3,1,1,311,"Hutchins M, Kleiman DG, Geist V, McDade MC. 2003. Grzimek’s Animal Life Encyclopedia Second Edition, Volume 12-16 Mammals I-V. Gale, Farmington Hills, MI, USA.; Macdonald, D. W. 2006. The Princeton Encyclopedia of Mammals. Princeton University Press, Princeton, NJ. ",VU,1
943,Panthera tigris,Felidae,Carnivora,3,1,1,311,"Hutchins M, Kleiman DG, Geist V, McDade MC. 2003. Grzimek’s Animal Life Encyclopedia Second Edition, Volume 12-16 Mammals I-V. Gale, Farmington Hills, MI, USA. ; Burton, M., Burton R. 1975. Encyclopedia of Mammals. Octopus Books Limited, London W1.",EN,1
944,Pardofelis marmorata,Felidae,Carnivora,3,1,1,311,"Hutchins M, Kleiman DG, Geist V, McDade MC. 2003. Grzimek’s Animal Life Encyclopedia Second Edition, Volume 12-16 Mammals I-V. Gale, Farmington Hills, MI, USA.; Wilson DE. 2009. Handbook of the Mammals of the World. Vol.1 Carnivores. Lynx Edicions, Barcelona. ",NT,0
945,Prionailurus bengalensis,Felidae,Carnivora,3,1,1,311,"Hutchins M, Kleiman DG, Geist V, McDade MC. 2003. Grzimek’s Animal Life Encyclopedia Second Edition, Volume 12-16 Mammals I-V. Gale, Farmington Hills, MI, USA.",LC,0
946,Prionailurus planiceps,Felidae,Carnivora,3,1,1,311,"Hutchins M, Kleiman DG, Geist V, McDade MC. 2003. Grzimek’s Animal Life Encyclopedia Second Edition, Volume 12-16 Mammals I-V. Gale, Farmington Hills, MI, USA.; Wilson DE. 2009. Handbook of the Mammals of the World. Vol.1 Carnivores. Lynx Edicions, Barcelona. ",EN,1
947,Prionailurus rubiginosus,Felidae,Carnivora,3,1,1,311,"Hutchins M, Kleiman DG, Geist V, McDade MC. 2003. Grzimek’s Animal Life Encyclopedia Second Edition, Volume 12-16 Mammals I-V. Gale, Farmington Hills, MI, USA.; Wilson DE. 2009. Handbook of the Mammals of the World. Vol.1 Carnivores. Lynx Edicions, Barcelona. ",NT,0
948,Prionailurus viverrinus,Felidae,Carnivora,3,1,1,311,"Hutchins M, Kleiman DG, Geist V, McDade MC. 2003. Grzimek’s Animal Life Encyclopedia Second Edition, Volume 12-16 Mammals I-V. Gale, Farmington Hills, MI, USA.; Wilson DE. 2009. Handbook of the Mammals of the World. Vol.1 Carnivores. Lynx Edicions, Barcelona. ",VU,1
950,Puma concolor,Felidae,Carnivora,3,1,1,311,"Hutchins M, Kleiman DG, Geist V, McDade MC. 2003. Grzimek’s Animal Life Encyclopedia Second Edition, Volume 12-16 Mammals I-V. Gale, Farmington Hills, MI, USA.",LC,0
952,Bdeogale crassicauda,Herpestidae,Carnivora,3,1,1,311,"Hutchins M, Kleiman DG, Geist V, McDade MC. 2003. Grzimek’s Animal Life Encyclopedia Second Edition, Volume 12-16 Mammals I-V. Gale, Farmington Hills, MI, USA.",LC,0
953,Bdeogale jacksoni,Herpestidae,Carnivora,3,1,1,311,"Hutchins M, Kleiman DG, Geist V, McDade MC. 2003. Grzimek’s Animal Life Encyclopedia Second Edition, Volume 12-16 Mammals I-V. Gale, Farmington Hills, MI, USA.",NT,0
954,Bdeogale nigripes,Herpestidae,Carnivora,3,1,1,311,"Hutchins M, Kleiman DG, Geist V, McDade MC. 2003. Grzimek’s Animal Life Encyclopedia Second Edition, Volume 12-16 Mammals I-V. Gale, Farmington Hills, MI, USA.",LC,0
955,Crossarchus alexandri,Herpestidae,Carnivora,3,1,1,311,"Hutchins M, Kleiman DG, Geist V, McDade MC. 2003. Grzimek’s Animal Life Encyclopedia Second Edition, Volume 12-16 Mammals I-V. Gale, Farmington Hills, MI, USA., Nowak RM. 1999. Walker’s Mammals of the World, Vol. 1. Sixth Ed. The Johns Hopkins University Press, Maryland, USA.",LC,0
956,Crossarchus ansorgei,Herpestidae,Carnivora,3,1,1,311,"Hutchins M, Kleiman DG, Geist V, McDade MC. 2003. Grzimek’s Animal Life Encyclopedia Second Edition, Volume 12-16 Mammals I-V. Gale, Farmington Hills, MI, USA., Nowak RM. 1999. Walker’s Mammals of the World, Vol. 1. Sixth Ed. The Johns Hopkins University Press, Maryland, USA.",LC,0
957,Crossarchus obscurus,Herpestidae,Carnivora,3,1,1,311,"Hutchins M, Kleiman DG, Geist V, McDade MC. 2003. Grzimek’s Animal Life Encyclopedia Second Edition, Volume 12-16 Mammals I-V. Gale, Farmington Hills, MI, USA., Nowak RM. 1999. Walker’s Mammals of the World, Vol. 1. Sixth Ed. The Johns Hopkins University Press, Maryland, USA.",LC,0
958,Cynictis penicillata,Herpestidae,Carnivora,3,1,1,311,"Hutchins M, Kleiman DG, Geist V, McDade MC. 2003. Grzimek’s Animal Life Encyclopedia Second Edition, Volume 12-16 Mammals I-V. Gale, Farmington Hills, MI, USA.",LC,0
964,Galidia elegans,Herpestidae,Carnivora,3,1,1,311,"Hutchins M, Kleiman DG, Geist V, McDade MC. 2003. Grzimek’s Animal Life Encyclopedia Second Edition, Volume 12-16 Mammals I-V. Gale, Farmington Hills, MI, USA.",LC,0
965,Galidictis fasciata,Herpestidae,Carnivora,3,1,1,311,"Hutchins M, Kleiman DG, Geist V, McDade MC. 2003. Grzimek’s Animal Life Encyclopedia Second Edition, Volume 12-16 Mammals I-V. Gale, Farmington Hills, MI, USA., Nowak RM. 1999. Walker’s Mammals of the World, Vol. 1. Sixth Ed. The Johns Hopkins University Press, Maryland, USA.; Garbutt, N. 2007. Mammal of Madagascar: A complete guide. Yale University Press, New Haven, CT.",VU,1
966,Helogale hirtula,Herpestidae,Carnivora,3,1,1,311,"Hutchins M, Kleiman DG, Geist V, McDade MC. 2003. Grzimek’s Animal Life Encyclopedia Second Edition, Volume 12-16 Mammals I-V. Gale, Farmington Hills, MI, USA.",LC,0
967,Helogale parvula,Herpestidae,Carnivora,3,1,1,311,"Hutchins M, Kleiman DG, Geist V, McDade MC. 2003. Grzimek’s Animal Life Encyclopedia Second Edition, Volume 12-16 Mammals I-V. Gale, Farmington Hills, MI, USA.",LC,0
968,Herpestes brachyurus,Herpestidae,Carnivora,3,1,1,311,"Hutchins M, Kleiman DG, Geist V, McDade MC. 2003. Grzimek’s Animal Life Encyclopedia Second Edition, Volume 12-16 Mammals I-V. Gale, Farmington Hills, MI, USA.",NT,0
969,Herpestes edwardsii,Herpestidae,Carnivora,3,1,1,311,"Hutchins M, Kleiman DG, Geist V, McDade MC. 2003. Grzimek’s Animal Life Encyclopedia Second Edition, Volume 12-16 Mammals I-V. Gale, Farmington Hills, MI, USA.",LC,0
970,Herpestes ichneumon,Herpestidae,Carnivora,3,1,1,311,"Hutchins M, Kleiman DG, Geist V, McDade MC. 2003. Grzimek’s Animal Life Encyclopedia Second Edition, Volume 12-16 Mammals I-V. Gale, Farmington Hills, MI, USA.",LC,0
971,Herpestes javanicus,Herpestidae,Carnivora,3,1,1,311,"Hutchins M, Kleiman DG, Geist V, McDade MC. 2003. Grzimek’s Animal Life Encyclopedia Second Edition, Volume 12-16 Mammals I-V. Gale, Farmington Hills, MI, USA.",LC,0
972,Herpestes naso,Herpestidae,Carnivora,3,1,1,311,"Hutchins M, Kleiman DG, Geist V, McDade MC. 2003. Grzimek’s Animal Life Encyclopedia Second Edition, Volume 12-16 Mammals I-V. Gale, Farmington Hills, MI, USA.",LC,0
974,Herpestes semitorquatus,Herpestidae,Carnivora,3,1,1,311,"Hutchins M, Kleiman DG, Geist V, McDade MC. 2003. Grzimek’s Animal Life Encyclopedia Second Edition, Volume 12-16 Mammals I-V. Gale, Farmington Hills, MI, USA.",NT,0
975,Herpestes smithii,Herpestidae,Carnivora,3,1,1,311,"Hutchins M, Kleiman DG, Geist V, McDade MC. 2003. Grzimek’s Animal Life Encyclopedia Second Edition, Volume 12-16 Mammals I-V. Gale, Farmington Hills, MI, USA.",LC,0
976,Herpestes urva,Herpestidae,Carnivora,3,1,1,311,"Hutchins M, Kleiman DG, Geist V, McDade MC. 2003. Grzimek’s Animal Life Encyclopedia Second Edition, Volume 12-16 Mammals I-V. Gale, Farmington Hills, MI, USA.",LC,0
977,Herpestes vitticollis,Herpestidae,Carnivora,3,1,1,311,"Hutchins M, Kleiman DG, Geist V, McDade MC. 2003. Grzimek’s Animal Life Encyclopedia Second Edition, Volume 12-16 Mammals I-V. Gale, Farmington Hills, MI, USA.",LC,0
978,Liberiictis kuhni,Herpestidae,Carnivora,3,1,1,311,"Hutchins M, Kleiman DG, Geist V, McDade MC. 2003. Grzimek’s Animal Life Encyclopedia Second Edition, Volume 12-16 Mammals I-V. Gale, Farmington Hills, MI, USA.",VU,1
979,Mungos gambianus,Herpestidae,Carnivora,3,1,1,311,"Hutchins M, Kleiman DG, Geist V, McDade MC. 2003. Grzimek’s Animal Life Encyclopedia Second Edition, Volume 12-16 Mammals I-V. Gale, Farmington Hills, MI, USA.",LC,0
980,Mungos mungo,Herpestidae,Carnivora,3,1,1,311,"Hutchins M, Kleiman DG, Geist V, McDade MC. 2003. Grzimek’s Animal Life Encyclopedia Second Edition, Volume 12-16 Mammals I-V. Gale, Farmington Hills, MI, USA.",LC,0
981,Mungotictis decemlineata,Herpestidae,Carnivora,3,1,1,311,"Hutchins M, Kleiman DG, Geist V, McDade MC. 2003. Grzimek’s Animal Life Encyclopedia Second Edition, Volume 12-16 Mammals I-V. Gale, Farmington Hills, MI, USA.",EN,1
982,Salanoia concolor,Herpestidae,Carnivora,3,1,1,311,"Hutchins M, Kleiman DG, Geist V, McDade MC. 2003. Grzimek’s Animal Life Encyclopedia Second Edition, Volume 12-16 Mammals I-V. Gale, Farmington Hills, MI, USA.",VU,1
983,Suricata suricatta,Herpestidae,Carnivora,3,1,1,311,"Hutchins M, Kleiman DG, Geist V, McDade MC. 2003. Grzimek’s Animal Life Encyclopedia Second Edition, Volume 12-16 Mammals I-V. Gale, Farmington Hills, MI, USA.",LC,0
985,Dorcopsis hageni,Macropodidae,Diprotodontia,3,3,1,331,"Flannery T. 1995. Mammals of New Guinea. Cornell University Press, Ithaca, NY.",LC,0
986,Rhynchocyon cirnei,Macroscelididae,Macroscelidea,3,1,1,311,"Macdonald, D. W. 2006. The Princeton Encyclopedia of Mammals. Princeton University Press, Princeton, NJ.",LC,0
987,Rhynchocyon petersi,Macroscelididae,Macroscelidea,3,1,1,311,"Macdonald, D. W. 2006. The Princeton Encyclopedia of Mammals. Princeton University Press, Princeton, NJ.",LC,0
989,Akodon aerosus,Muridae,Rodentia,3,1,1,311,"Alderton, D. 1996. Rodents of the world. Facts on File, INC., NY, USA.",LC,0
990,Akodon affinis,Muridae,Rodentia,3,1,1,311,"Alderton, D. 1996. Rodents of the world. Facts on File, INC., NY, USA.",LC,0
991,Akodon albiventer,Muridae,Rodentia,3,1,1,311,"Alderton, D. 1996. Rodents of the world. Facts on File, INC., NY, USA.",LC,0
992,Akodon azarae,Muridae,Rodentia,3,1,1,311,"Alderton, D. 1996. Rodents of the world. Facts on File, INC., NY, USA.",LC,0
994,Akodon boliviensis,Muridae,Rodentia,3,1,1,311,"Alderton, D. 1996. Rodents of the world. Facts on File, INC., NY, USA.",LC,0
995,Akodon budini,Muridae,Rodentia,3,1,1,311,"Alderton, D. 1996. Rodents of the world. Facts on File, INC., NY, USA.",LC,0
996,Akodon cursor,Muridae,Rodentia,3,1,1,311,"Alderton, D. 1996. Rodents of the world. Facts on File, INC., NY, USA.",LC,0
997,Akodon dayi,Muridae,Rodentia,3,1,1,311,"Alderton, D. 1996. Rodents of the world. Facts on File, INC., NY, USA.",LC,0
998,Akodon dolores,Muridae,Rodentia,3,1,1,311,"Alderton, D. 1996. Rodents of the world. Facts on File, INC., NY, USA.",LC,0
999,Akodon fumeus,Muridae,Rodentia,3,1,1,311,"Alderton, D. 1996. Rodents of the world. Facts on File, INC., NY, USA.",LC,0
1002,Akodon iniscatus,Muridae,Rodentia,3,1,1,311,"Alderton, D. 1996. Rodents of the world. Facts on File, INC., NY, USA.",LC,0
1003,Akodon juninensis,Muridae,Rodentia,3,1,1,311,"Alderton, D. 1996. Rodents of the world. Facts on File, INC., NY, USA.",LC,0
1004,Akodon kofordi,Muridae,Rodentia,3,1,1,311,"Alderton, D. 1996. Rodents of the world. Facts on File, INC., NY, USA.",LC,0
1011,Akodon mimus,Muridae,Rodentia,3,1,1,311,"Alderton, D. 1996. Rodents of the world. Facts on File, INC., NY, USA.",LC,0
1012,Akodon molinae,Muridae,Rodentia,3,1,1,311,"Alderton, D. 1996. Rodents of the world. Facts on File, INC., NY, USA.",LC,0
1013,Akodon mollis,Muridae,Rodentia,3,1,1,311,"Alderton, D. 1996. Rodents of the world. Facts on File, INC., NY, USA.",LC,0
1017,Akodon orophilus,Muridae,Rodentia,3,1,1,311,"Alderton, D. 1996. Rodents of the world. Facts on File, INC., NY, USA.",LC,0
1021,Akodon serrensis,Muridae,Rodentia,3,1,1,311,"Alderton, D. 1996. Rodents of the world. Facts on File, INC., NY, USA.",LC,0
1022,Akodon siberiae,Muridae,Rodentia,3,1,1,311,"Alderton, D. 1996. Rodents of the world. Facts on File, INC., NY, USA.",NT,0
1023,Akodon simulator,Muridae,Rodentia,3,1,1,311,"Alderton, D. 1996. Rodents of the world. Facts on File, INC., NY, USA.",LC,0
1024,Akodon spegazzinii,Muridae,Rodentia,3,1,1,311,"Alderton, D. 1996. Rodents of the world. Facts on File, INC., NY, USA.",LC,0
1025,Akodon subfuscus,Muridae,Rodentia,3,1,1,311,"Alderton, D. 1996. Rodents of the world. Facts on File, INC., NY, USA.",LC,0
1026,Akodon surdus,Muridae,Rodentia,3,1,1,311,"Alderton, D. 1996. Rodents of the world. Facts on File, INC., NY, USA.",VU,1
1027,Akodon sylvanus,Muridae,Rodentia,3,1,1,311,"Alderton, D. 1996. Rodents of the world. Facts on File, INC., NY, USA.",LC,0
1028,Akodon toba,Muridae,Rodentia,3,1,1,311,"Alderton, D. 1996. Rodents of the world. Facts on File, INC., NY, USA.",LC,0
1029,Akodon torques,Muridae,Rodentia,3,1,1,311,"Alderton, D. 1996. Rodents of the world. Facts on File, INC., NY, USA.",LC,0
1033,Archboldomys luzonensis,Muridae,Rodentia,3,1,1,311,"Hutchins M, Kleiman DG, Geist V, McDade MC. 2003. Grzimek’s Animal Life Encyclopedia Second Edition, Volume 12-16 Mammals I-V. Gale, Farmington Hills, MI, USA.; Rickart, E. A., & Heaney, L. R. BR Tabaranza, Jr., & DS Balete. 1998. A review of the genera Crunomys and Archboldomys (Rodentia: Muridae: Murinae), with descriptions of two new species from the Philippines. Fieldiana Zoology, new series, 89, 1-24.",VU,1
1034,Deomys ferrugineus,Muridae,Rodentia,3,1,1,311,"Hutchins M, Kleiman DG, Geist V, McDade MC. 2003. Grzimek’s Animal Life Encyclopedia Second Edition, Volume 12-16 Mammals I-V. Gale, Farmington Hills, MI, USA. ; Nowak RM. 1999. Walker’s Mammals of the World, Vol. 2. Sixth Ed. The Johns Hopkins University Press, Maryland, USA. ",LC,0
1035,Echiothrix leucura,Muridae,Rodentia,3,1,1,311,"Hutchins M, Kleiman DG, Geist V, McDade MC. 2003. Grzimek’s Animal Life Encyclopedia Second Edition, Volume 12-16 Mammals I-V. Gale, Farmington Hills, MI, USA. ; Papagomys theodorverhoeveni",EN,1
1037,Lophuromys flavopunctatus,Muridae,Rodentia,3,1,1,311,"Hutchins M, Kleiman DG, Geist V, McDade MC. 2003. Grzimek’s Animal Life Encyclopedia Second Edition, Volume 12-16 Mammals I-V. Gale, Farmington Hills, MI, USA. ; Nowak RM. 1999. Walker’s Mammals of the World, Vol. 2. Sixth Ed. The Johns Hopkins University Press, Maryland, USA.",LC,0
1038,Lophuromys luteogaster,Muridae,Rodentia,3,1,1,311,"Hutchins M, Kleiman DG, Geist V, McDade MC. 2003. Grzimek’s Animal Life Encyclopedia Second Edition, Volume 12-16 Mammals I-V. Gale, Farmington Hills, MI, USA. ; Nowak RM. 1999. Walker’s Mammals of the World, Vol. 2. Sixth Ed. The Johns Hopkins University Press, Maryland, USA.",LC,0
1039,Lophuromys medicaudatus,Muridae,Rodentia,3,1,1,311,"Hutchins M, Kleiman DG, Geist V, McDade MC. 2003. Grzimek’s Animal Life Encyclopedia Second Edition, Volume 12-16 Mammals I-V. Gale, Farmington Hills, MI, USA. ; Nowak RM. 1999. Walker’s Mammals of the World, Vol. 2. Sixth Ed. The Johns Hopkins University Press, Maryland, USA.",VU,1
1040,Lophuromys melanonyx,Muridae,Rodentia,3,1,1,311,"Hutchins M, Kleiman DG, Geist V, McDade MC. 2003. Grzimek’s Animal Life Encyclopedia Second Edition, Volume 12-16 Mammals I-V. Gale, Farmington Hills, MI, USA. ; Nowak RM. 1999. Walker’s Mammals of the World, Vol. 2. Sixth Ed. The Johns Hopkins University Press, Maryland, USA.",VU,1
1041,Lophuromys nudicaudus,Muridae,Rodentia,3,1,1,311,"Hutchins M, Kleiman DG, Geist V, McDade MC. 2003. Grzimek’s Animal Life Encyclopedia Second Edition, Volume 12-16 Mammals I-V. Gale, Farmington Hills, MI, USA. ; Nowak RM. 1999. Walker’s Mammals of the World, Vol. 2. Sixth Ed. The Johns Hopkins University Press, Maryland, USA.",LC,0
1042,Lophuromys rahmi,Muridae,Rodentia,3,1,1,311,"Hutchins M, Kleiman DG, Geist V, McDade MC. 2003. Grzimek’s Animal Life Encyclopedia Second Edition, Volume 12-16 Mammals I-V. Gale, Farmington Hills, MI, USA. ; Nowak RM. 1999. Walker’s Mammals of the World, Vol. 2. Sixth Ed. The Johns Hopkins University Press, Maryland, USA.",NT,0
1043,Lophuromys sikapusi,Muridae,Rodentia,3,1,1,311,"Hutchins M, Kleiman DG, Geist V, McDade MC. 2003. Grzimek’s Animal Life Encyclopedia Second Edition, Volume 12-16 Mammals I-V. Gale, Farmington Hills, MI, USA. ; Nowak RM. 1999. Walker’s Mammals of the World, Vol. 2. Sixth Ed. The Johns Hopkins University Press, Maryland, USA.",LC,0
1044,Lophuromys woosnami,Muridae,Rodentia,3,1,1,311,"Hutchins M, Kleiman DG, Geist V, McDade MC. 2003. Grzimek’s Animal Life Encyclopedia Second Edition, Volume 12-16 Mammals I-V. Gale, Farmington Hills, MI, USA. ; Nowak RM. 1999. Walker’s Mammals of the World, Vol. 2. Sixth Ed. The Johns Hopkins University Press, Maryland, USA.",LC,0
1049,Mus famulus,Muridae,Rodentia,3,1,1,311,"Hutchins M, Kleiman DG, Geist V, McDade MC. 2003. Grzimek’s Animal Life Encyclopedia Second Edition, Volume 12-16 Mammals I-V. Gale, Farmington Hills, MI, USA.; Marshall, J. T. 1977. A synopsis of Asian species of Mus (Rodentia, Muridae). Bulletin of the AMNH; v. 158, article 3.",EN,1
1050,Mus mayori,Muridae,Rodentia,3,1,1,311,"Hutchins M, Kleiman DG, Geist V, McDade MC. 2003. Grzimek’s Animal Life Encyclopedia Second Edition, Volume 12-16 Mammals I-V. Gale, Farmington Hills, MI, USA.; Marshall, J. T. 1977. A synopsis of Asian species of Mus (Rodentia, Muridae). Bulletin of the AMNH; v. 158, article 3.",VU,1
1051,Mus musculoides,Muridae,Rodentia,3,1,1,311,"Garbutt, N. 2007. Mammal of Madagascar: A complete guide. Yale University Press, New Haven, CT.",LC,0
1052,Mus vulcani,Muridae,Rodentia,3,1,1,311,"Hutchins M, Kleiman DG, Geist V, McDade MC. 2003. Grzimek’s Animal Life Encyclopedia Second Edition, Volume 12-16 Mammals I-V. Gale, Farmington Hills, MI, USA.; Marshall, J. T. 1977. A synopsis of Asian species of Mus (Rodentia, Muridae). Bulletin of the AMNH; v. 158, article 3.",LC,0
1054,Onychomys arenicola,Muridae,Rodentia,3,1,1,311,"Alderton, D. 1996. Rodents of the world. Facts on File, INC., NY, USA.",LC,0
1055,Onychomys leucogaster,Muridae,Rodentia,3,1,1,311,"Alderton, D. 1996. Rodents of the world. Facts on File, INC., NY, USA.",LC,0
1056,Onychomys torridus,Muridae,Rodentia,3,1,1,311,"Alderton, D. 1996. Rodents of the world. Facts on File, INC., NY, USA.",LC,0
1057,Oryzomys palustris,Muridae,Rodentia,3,1,1,311,"Hutchins M, Kleiman DG, Geist V, McDade MC. 2003. Grzimek’s Animal Life Encyclopedia Second Edition, Volume 12-16 Mammals I-V. Gale, Farmington Hills, MI, USA.",LC,0
1058,Pseudohydromys murinus,Muridae,Rodentia,3,1,1,311,"Flannery T. 1995. Mammals of New Guinea. Cornell University Press, Ithaca, NY.",LC,0
1063,Xeromys myoides,Muridae,Rodentia,3,1,1,311,"Hutchins M, Kleiman DG, Geist V, McDade MC. 2003. Grzimek’s Animal Life Encyclopedia Second Edition, Volume 12-16 Mammals I-V. Gale, Farmington Hills, MI, USA. ; Nowak RM. 1999. Walker’s Mammals of the World, Vol. 2. Sixth Ed. The Johns Hopkins University Press, Maryland, USA. ",VU,1
1064,Conepatus leuconotus,Mustelidae,Carnivora,3,1,1,311,"Hutchins M, Kleiman DG, Geist V, McDade MC. 2003. Grzimek’s Animal Life Encyclopedia Second Edition, Volume 12-16 Mammals I-V. Gale, Farmington Hills, MI, USA., Nowak RM. 1999. Walker’s Mammals of the World, Vol. 1. Sixth Ed. The Johns Hopkins University Press, Maryland, USA. ",LC,0
1066,Conepatus semistriatus,Mustelidae,Carnivora,3,1,1,311,"Hutchins M, Kleiman DG, Geist V, McDade MC. 2003. Grzimek’s Animal Life Encyclopedia Second Edition, Volume 12-16 Mammals I-V. Gale, Farmington Hills, MI, USA., Nowak RM. 1999. Walker’s Mammals of the World, Vol. 1. Sixth Ed. The Johns Hopkins University Press, Maryland, USA. ",LC,0
1067,Eira barbara,Mustelidae,Carnivora,3,1,1,311,"Hutchins M, Kleiman DG, Geist V, McDade MC. 2003. Grzimek’s Animal Life Encyclopedia Second Edition, Volume 12-16 Mammals I-V. Gale, Farmington Hills, MI, USA., Nowak RM. 1999. Walker’s Mammals of the World, Vol. 1. Sixth Ed. The Johns Hopkins University Press, Maryland, USA. ",LC,0
1069,Ictonyx striatus,Mustelidae,Carnivora,3,1,1,311,"Hutchins M, Kleiman DG, Geist V, McDade MC. 2003. Grzimek’s Animal Life Encyclopedia Second Edition, Volume 12-16 Mammals I-V. Gale, Farmington Hills, MI, USA.",LC,0
1070,Lutrogale perspicillata,Mustelidae,Carnivora,3,1,1,311,"Nowak RM. 1999. Walker’s Mammals of the World, Vol. 1. Sixth Ed. The Johns Hopkins University Press, Maryland, USA.; Macdonald, D. W. 2006. The Princeton Encyclopedia of Mammals. Princeton University Press, Princeton, NJ. ",VU,1
1071,Martes flavigula,Mustelidae,Carnivora,3,1,1,311,"Hutchins M, Kleiman DG, Geist V, McDade MC. 2003. Grzimek’s Animal Life Encyclopedia Second Edition, Volume 12-16 Mammals I-V. Gale, Farmington Hills, MI, USA.",LC,0
1072,Martes foina,Mustelidae,Carnivora,3,1,1,311,"Hutchins M, Kleiman DG, Geist V, McDade MC. 2003. Grzimek’s Animal Life Encyclopedia Second Edition, Volume 12-16 Mammals I-V. Gale, Farmington Hills, MI, USA.",LC,0
1073,Martes gwatkinsii,Mustelidae,Carnivora,3,1,1,311,"Hutchins M, Kleiman DG, Geist V, McDade MC. 2003. Grzimek’s Animal Life Encyclopedia Second Edition, Volume 12-16 Mammals I-V. Gale, Farmington Hills, MI, USA.",VU,1
1074,Martes martes,Mustelidae,Carnivora,3,1,1,311,"Hutchins M, Kleiman DG, Geist V, McDade MC. 2003. Grzimek’s Animal Life Encyclopedia Second Edition, Volume 12-16 Mammals I-V. Gale, Farmington Hills, MI, USA.",LC,0
1075,Martes melampus,Mustelidae,Carnivora,3,1,1,311,"Hutchins M, Kleiman DG, Geist V, McDade MC. 2003. Grzimek’s Animal Life Encyclopedia Second Edition, Volume 12-16 Mammals I-V. Gale, Farmington Hills, MI, USA.",LC,0
1077,Martes pennanti,Mustelidae,Carnivora,3,1,1,311,"Long JL. 2003. Introduced Mammals of the World, Their history, distribution, and influence. CSIRO Publishing, Collingwood VIC, Australia., Nowak RM. 1999. Walker’s Mammals of the World, Vol. 1. Sixth Ed. The Johns Hopkins University Press, Maryland, USA. ",LC,0
1078,Martes zibellina,Mustelidae,Carnivora,3,1,1,311,"Hutchins M, Kleiman DG, Geist V, McDade MC. 2003. Grzimek’s Animal Life Encyclopedia Second Edition, Volume 12-16 Mammals I-V. Gale, Farmington Hills, MI, USA.",LC,0
1079,Mellivora capensis,Mustelidae,Carnivora,3,1,1,311,"Hutchins M, Kleiman DG, Geist V, McDade MC. 2003. Grzimek’s Animal Life Encyclopedia Second Edition, Volume 12-16 Mammals I-V. Gale, Farmington Hills, MI, USA.",LC,0
1080,Mustela africana,Mustelidae,Carnivora,3,1,1,311,"Hutchins M, Kleiman DG, Geist V, McDade MC. 2003. Grzimek’s Animal Life Encyclopedia Second Edition, Volume 12-16 Mammals I-V. Gale, Farmington Hills, MI, USA., Nowak RM. 1999. Walker’s Mammals of the World, Vol. 1. Sixth Ed. The Johns Hopkins University Press, Maryland, USA. ",LC,0
1081,Mustela erminea,Mustelidae,Carnivora,3,1,1,311,"Hutchins M, Kleiman DG, Geist V, McDade MC. 2003. Grzimek’s Animal Life Encyclopedia Second Edition, Volume 12-16 Mammals I-V. Gale, Farmington Hills, MI, USA.",LC,0
1082,Mustela nivalis,Mustelidae,Carnivora,3,1,1,311,"Hutchins M, Kleiman DG, Geist V, McDade MC. 2003. Grzimek’s Animal Life Encyclopedia Second Edition, Volume 12-16 Mammals I-V. Gale, Farmington Hills, MI, USA.",LC,0
1084,Vormela peregusna,Mustelidae,Carnivora,3,1,1,311,"Hutchins M, Kleiman DG, Geist V, McDade MC. 2003. Grzimek’s Animal Life Encyclopedia Second Edition, Volume 12-16 Mammals I-V. Gale, Farmington Hills, MI, USA.",VU,1
1085,Graphiurus ocularis,Myoxidae,Rodentia,3,1,1,311,"Hutchins M, Kleiman DG, Geist V, McDade MC. 2003. Grzimek’s Animal Life Encyclopedia Second Edition, Volume 12-16 Mammals I-V. Gale, Farmington Hills, MI, USA.; Alderton, D. 1996. Rodents of the world. Facts on File, INC., NY, USA. ; Skinner, J. D., Chimimba, C. T. 2005. The Mammals of Southern African Subregion. Cambridge University Press, Cape Town, South Africa. ",LC,0
1086,Myrmecobius fasciatus,Myrmecobiidae,Dasyuromorphia,3,1,1,311,"Hutchins M, Kleiman DG, Geist V, McDade MC. 2003. Grzimek’s Animal Life Encyclopedia Second Edition, Volume 12-16 Mammals I-V. Gale, Farmington Hills, MI, USA.",EN,1
1087,Myrmecophaga tridactyla,Myrmecophagidae,Xenarthra,3,1,1,311,"Hutchins M, Kleiman DG, Geist V, McDade MC. 2003. Grzimek’s Animal Life Encyclopedia Second Edition, Volume 12-16 Mammals I-V. Gale, Farmington Hills, MI, USA.",VU,1
1088,Tamandua tetradactyla,Myrmecophagidae,Xenarthra,3,1,1,311,"Hutchins M, Kleiman DG, Geist V, McDade MC. 2003. Grzimek’s Animal Life Encyclopedia Second Edition, Volume 12-16 Mammals I-V. Gale, Farmington Hills, MI, USA. ; Gould, E., McKay, G. 1990. Encyclopedia of Animals Mammals. Weldon Owen Inc. San Francisco, California USA. ",LC,0
1091,Perameles bougainville,Peramelidae,Peramelemorphia,3,3,1,331,"Hutchins M, Kleiman DG, Geist V, McDade MC. 2003. Grzimek’s Animal Life Encyclopedia Second Edition, Volume 12-16 Mammals I-V. Gale, Farmington Hills, MI, USA., Nowak RM. 1999. Walker’s Mammals of the World, Vol. 1. Sixth Ed. The Johns Hopkins University Press, Maryland, USA.",VU,1
1092,Perameles eremiana,Peramelidae,Peramelemorphia,3,3,1,331,"Hutchins M, Kleiman DG, Geist V, McDade MC. 2003. Grzimek’s Animal Life Encyclopedia Second Edition, Volume 12-16 Mammals I-V. Gale, Farmington Hills, MI, USA., Nowak RM. 1999. Walker’s Mammals of the World, Vol. 1. Sixth Ed. The Johns Hopkins University Press, Maryland, USA.",EX,1
1093,Perameles gunnii,Peramelidae,Peramelemorphia,3,3,1,331,"Hutchins M, Kleiman DG, Geist V, McDade MC. 2003. Grzimek’s Animal Life Encyclopedia Second Edition, Volume 12-16 Mammals I-V. Gale, Farmington Hills, MI, USA., Nowak RM. 1999. Walker’s Mammals of the World, Vol. 1. Sixth Ed. The Johns Hopkins University Press, Maryland, USA.",VU,1
1094,Perameles nasuta,Peramelidae,Peramelemorphia,3,3,1,331,"Hutchins M, Kleiman DG, Geist V, McDade MC. 2003. Grzimek’s Animal Life Encyclopedia Second Edition, Volume 12-16 Mammals I-V. Gale, Farmington Hills, MI, USA., Nowak RM. 1999. Walker’s Mammals of the World, Vol. 1. Sixth Ed. The Johns Hopkins University Press, Maryland, USA.",LC,0
1095,Echymipera clara,Peroryctidae,Peramelemorphia,3,3,1,331,"Hutchins M, Kleiman DG, Geist V, McDade MC. 2003. Grzimek’s Animal Life Encyclopedia Second Edition, Volume 12-16 Mammals I-V. Gale, Farmington Hills, MI, USA.; Macdonald, D. W. 2006. The Princeton Encyclopedia of Mammals. Princeton University Press, Princeton, NJ. ",LC,0
1096,Echymipera davidi,Peroryctidae,Peramelemorphia,3,3,1,331,"Hutchins M, Kleiman DG, Geist V, McDade MC. 2003. Grzimek’s Animal Life Encyclopedia Second Edition, Volume 12-16 Mammals I-V. Gale, Farmington Hills, MI, USA.; Macdonald, D. W. 2006. The Princeton Encyclopedia of Mammals. Princeton University Press, Princeton, NJ. ",EN,1
1098,Echymipera rufescens,Peroryctidae,Peramelemorphia,3,3,1,331,"Hutchins M, Kleiman DG, Geist V, McDade MC. 2003. Grzimek’s Animal Life Encyclopedia Second Edition, Volume 12-16 Mammals I-V. Gale, Farmington Hills, MI, USA.",LC,0
1099,Microperoryctes longicauda,Peroryctidae,Peramelemorphia,3,3,1,331,"Hutchins M, Kleiman DG, Geist V, McDade MC. 2003. Grzimek’s Animal Life Encyclopedia Second Edition, Volume 12-16 Mammals I-V. Gale, Farmington Hills, MI, USA.; Macdonald, D. W. 2006. The Princeton Encyclopedia of Mammals. Princeton University Press, Princeton, NJ. ",LC,0
1100,Microperoryctes murina,Peroryctidae,Peramelemorphia,3,3,1,331,"Hutchins M, Kleiman DG, Geist V, McDade MC. 2003. Grzimek’s Animal Life Encyclopedia Second Edition, Volume 12-16 Mammals I-V. Gale, Farmington Hills, MI, USA.; Macdonald, D. W. 2006. The Princeton Encyclopedia of Mammals. Princeton University Press, Princeton, NJ. ",VU,1
1101,Rhynchomeles prattorum,Peroryctidae,Peramelemorphia,3,3,1,331,"Hutchins M, Kleiman DG, Geist V, McDade MC. 2003. Grzimek’s Animal Life Encyclopedia Second Edition, Volume 12-16 Mammals I-V. Gale, Farmington Hills, MI, USA.; Macdonald, D. W. 2006. The Princeton Encyclopedia of Mammals. Princeton University Press, Princeton, NJ. ",EN,1
1102,Bassariscus astutus,Procyonidae,Carnivora,3,1,1,311,"Hutchins M, Kleiman DG, Geist V, McDade MC. 2003. Grzimek’s Animal Life Encyclopedia Second Edition, Volume 12-16 Mammals I-V. Gale, Farmington Hills, MI, USA.",LC,0
1103,Nasuella olivacea,Procyonidae,Carnivora,3,1,1,311,"Hutchins M, Kleiman DG, Geist V, McDade MC. 2003. Grzimek’s Animal Life Encyclopedia Second Edition, Volume 12-16 Mammals I-V. Gale, Farmington Hills, MI, USA., Nowak RM. 1999. Walker’s Mammals of the World, Vol. 1. Sixth Ed. The Johns Hopkins University Press, Maryland, USA. ;  Gould, E., McKay, G. 1990. Encyclopedia of Animals Mammals. Weldon Owen Inc. San Francisco, California USA.",NT,0
1104,Rhinosciurus laticaudatus,Sciuridae,Rodentia,3,1,1,311,"Nowak RM. 1999. Walker’s Mammals of the World, Vol. 2. Sixth Ed. The Johns Hopkins University Press, Maryland, USA.",NT,0
1106,Solenodon marcanoi,Solenodontidae,Insectivora,3,1,1,311,"Hutchins M, Kleiman DG, Geist V, McDade MC. 2003. Grzimek’s Animal Life Encyclopedia Second Edition, Volume 12-16 Mammals I-V. Gale, Farmington Hills, MI, USA.",EX,1
1107,Solenodon paradoxus,Solenodontidae,Insectivora,3,1,1,311,"Hutchins M, Kleiman DG, Geist V, McDade MC. 2003. Grzimek’s Animal Life Encyclopedia Second Edition, Volume 12-16 Mammals I-V. Gale, Farmington Hills, MI, USA.",EN,1
1108,Cryptotis parva,Soricidae,Insectivora,3,1,1,311,"Hutchins M, Kleiman DG, Geist V, McDade MC. 2003. Grzimek’s Animal Life Encyclopedia Second Edition, Volume 12-16 Mammals I-V. Gale, Farmington Hills, MI, USA.",LC,0
1109,Diplomesodon pulchellum,Soricidae,Insectivora,3,1,1,311,"Hutchins M, Kleiman DG, Geist V, McDade MC. 2003. Grzimek’s Animal Life Encyclopedia Second Edition, Volume 12-16 Mammals I-V. Gale, Farmington Hills, MI, USA., Nowak RM. 1999. Walker’s Mammals of the World, Vol. 1. Sixth Ed. The Johns Hopkins University Press, Maryland, USA. ",LC,0
1110,Feroculus feroculus,Soricidae,Insectivora,3,1,1,311,"Hutchins M, Kleiman DG, Geist V, McDade MC. 2003. Grzimek’s Animal Life Encyclopedia Second Edition, Volume 12-16 Mammals I-V. Gale, Farmington Hills, MI, USA.",EN,1
1111,Myosorex cafer,Soricidae,Insectivora,3,1,1,311,"Hutchins M, Kleiman DG, Geist V, McDade MC. 2003. Grzimek’s Animal Life Encyclopedia Second Edition, Volume 12-16 Mammals I-V. Gale, Farmington Hills, MI, USA. ; Skinner, J. D., Chimimba, C. T. 2005. The Mammals of Southern African Subregion. Cambridge University Press, Cape Town, South Africa. ",VU,1
1112,Myosorex sclateri,Soricidae,Insectivora,3,1,1,311,"Hutchins M, Kleiman DG, Geist V, McDade MC. 2003. Grzimek’s Animal Life Encyclopedia Second Edition, Volume 12-16 Mammals I-V. Gale, Farmington Hills, MI, USA. ; Skinner, J. D., Chimimba, C. T. 2005. The Mammals of Southern African Subregion. Cambridge University Press, Cape Town, South Africa. ",VU,1
1113,Notiosorex crawfordi,Soricidae,Insectivora,3,1,1,311,"Hutchins M, Kleiman DG, Geist V, McDade MC. 2003. Grzimek’s Animal Life Encyclopedia Second Edition, Volume 12-16 Mammals I-V. Gale, Farmington Hills, MI, USA., Nowak RM. 1999. Walker’s Mammals of the World, Vol. 1. Sixth Ed. The Johns Hopkins University Press, Maryland, USA. ",LC,0
1115,Paracrocidura maxima,Soricidae,Insectivora,3,1,1,311,"Hutchins M, Kleiman DG, Geist V, McDade MC. 2003. Grzimek’s Animal Life Encyclopedia Second Edition, Volume 12-16 Mammals I-V. Gale, Farmington Hills, MI, USA.",LC,0
1116,Paracrocidura schoutedeni,Soricidae,Insectivora,3,1,1,311,"Hutchins M, Kleiman DG, Geist V, McDade MC. 2003. Grzimek’s Animal Life Encyclopedia Second Edition, Volume 12-16 Mammals I-V. Gale, Farmington Hills, MI, USA.",LC,0
1117,Ruwenzorisorex suncoides,Soricidae,Insectivora,3,1,1,311,"Hutchins M, Kleiman DG, Geist V, McDade MC. 2003. Grzimek’s Animal Life Encyclopedia Second Edition, Volume 12-16 Mammals I-V. Gale, Farmington Hills, MI, USA.",VU,1
1118,Scutisorex somereni,Soricidae,Insectivora,3,1,1,311,"Hutchins M, Kleiman DG, Geist V, McDade MC. 2003. Grzimek’s Animal Life Encyclopedia Second Edition, Volume 12-16 Mammals I-V. Gale, Farmington Hills, MI, USA.",LC,0
1119,Solisorex pearsoni,Soricidae,Insectivora,3,1,1,311,"Hutchins M, Kleiman DG, Geist V, McDade MC. 2003. Grzimek’s Animal Life Encyclopedia Second Edition, Volume 12-16 Mammals I-V. Gale, Farmington Hills, MI, USA., Nowak RM. 1999. Walker’s Mammals of the World, Vol. 1. Sixth Ed. The Johns Hopkins University Press, Maryland, USA. ",EN,1
1120,Sorex fumeus,Soricidae,Insectivora,3,1,1,311,"Hutchins M, Kleiman DG, Geist V, McDade MC. 2003. Grzimek’s Animal Life Encyclopedia Second Edition, Volume 12-16 Mammals I-V. Gale, Farmington Hills, MI, USA.; Kays, R. W., & Wilson, D. E. 2009. Mammals of North America. (2 ed.) Princeton University Press, Princeton, NJ, USA. ",LC,0
1121,Sorex haydeni,Soricidae,Insectivora,3,1,1,311,"Hutchins M, Kleiman DG, Geist V, McDade MC. 2003. Grzimek’s Animal Life Encyclopedia Second Edition, Volume 12-16 Mammals I-V. Gale, Farmington Hills, MI, USA. ; Kays, R. W., & Wilson, D. E. 2009. Mammals of North America. (2 ed.) Princeton University Press, Princeton, NJ, USA. ",LC,0
1122,Sorex merriami,Soricidae,Insectivora,3,1,1,311,"Hutchins M, Kleiman DG, Geist V, McDade MC. 2003. Grzimek’s Animal Life Encyclopedia Second Edition, Volume 12-16 Mammals I-V. Gale, Farmington Hills, MI, USA. ; Kays, R. W., & Wilson, D. E. 2009. Mammals of North America. (2 ed.) Princeton University Press, Princeton, NJ, USA. ",LC,0
1123,Sorex nanus,Soricidae,Insectivora,3,1,1,311,"Hutchins M, Kleiman DG, Geist V, McDade MC. 2003. Grzimek’s Animal Life Encyclopedia Second Edition, Volume 12-16 Mammals I-V. Gale, Farmington Hills, MI, USA. ; Kays, R. W., & Wilson, D. E. 2009. Mammals of North America. (2 ed.) Princeton University Press, Princeton, NJ, USA. ",LC,0
1124,Sorex preblei,Soricidae,Insectivora,3,1,1,311,"Hutchins M, Kleiman DG, Geist V, McDade MC. 2003. Grzimek’s Animal Life Encyclopedia Second Edition, Volume 12-16 Mammals I-V. Gale, Farmington Hills, MI, USA. ; Kays, R. W., & Wilson, D. E. 2009. Mammals of North America. (2 ed.) Princeton University Press, Princeton, NJ, USA. ",LC,0
1125,Sorex sonomae,Soricidae,Insectivora,3,1,1,311,"Hutchins M, Kleiman DG, Geist V, McDade MC. 2003. Grzimek’s Animal Life Encyclopedia Second Edition, Volume 12-16 Mammals I-V. Gale, Farmington Hills, MI, USA., Nowak RM. 1999. Walker’s Mammals of the World, Vol. 1. Sixth Ed. The Johns Hopkins University Press, Maryland, USA. ; Kays, R. W., & Wilson, D. E. 2009. Mammals of North America. (2 ed.) Princeton University Press, Princeton, NJ, USA.  ",LC,0
1126,Sorex ugyunak,Soricidae,Insectivora,3,1,1,311,"Hutchins M, Kleiman DG, Geist V, McDade MC. 2003. Grzimek’s Animal Life Encyclopedia Second Edition, Volume 12-16 Mammals I-V. Gale, Farmington Hills, MI, USA.; Kays, R. W., & Wilson, D. E. 2009. Mammals of North America. (2 ed.) Princeton University Press, Princeton, NJ, USA. ",LC,0
1128,Pecari tajacu,Tayassuidae,Artiodactyla,3,1,1,311,"Hutchins M, Kleiman DG, Geist V, McDade MC. 2003. Grzimek’s Animal Life Encyclopedia Second Edition, Volume 12-16 Mammals I-V. Gale, Farmington Hills, MI, USA.",LC,0
1129,Geogale aurita,Tenrecidae,Insectivora,3,1,1,311,"Hutchins M, Kleiman DG, Geist V, McDade MC. 2003. Grzimek’s Animal Life Encyclopedia Second Edition, Volume 12-16 Mammals I-V. Gale, Farmington Hills, MI, USA.",LC,0
1131,Hemicentetes semispinosus,Tenrecidae,Insectivora,3,1,1,311,"Hutchins M, Kleiman DG, Geist V, McDade MC. 2003. Grzimek’s Animal Life Encyclopedia Second Edition, Volume 12-16 Mammals I-V. Gale, Farmington Hills, MI, USA.",LC,0
1132,Limnogale mergulus,Tenrecidae,Insectivora,3,1,1,311,"Hutchins M, Kleiman DG, Geist V, McDade MC. 2003. Grzimek’s Animal Life Encyclopedia Second Edition, Volume 12-16 Mammals I-V. Gale, Farmington Hills, MI, USA.",VU,1
1133,Microgale brevicaudata,Tenrecidae,Insectivora,3,1,1,311,"Hutchins M, Kleiman DG, Geist V, McDade MC. 2003. Grzimek’s Animal Life Encyclopedia Second Edition, Volume 12-16 Mammals I-V. Gale, Farmington Hills, MI, USA.",LC,0
1134,Microgale cowani,Tenrecidae,Insectivora,3,1,1,311,"Hutchins M, Kleiman DG, Geist V, McDade MC. 2003. Grzimek’s Animal Life Encyclopedia Second Edition, Volume 12-16 Mammals I-V. Gale, Farmington Hills, MI, USA.",LC,0
1135,Microgale dobsoni,Tenrecidae,Insectivora,3,1,1,311,"Hutchins M, Kleiman DG, Geist V, McDade MC. 2003. Grzimek’s Animal Life Encyclopedia Second Edition, Volume 12-16 Mammals I-V. Gale, Farmington Hills, MI, USA.",LC,0
1136,Microgale drouhardi,Tenrecidae,Insectivora,3,1,1,311,"Hutchins M, Kleiman DG, Geist V, McDade MC. 2003. Grzimek’s Animal Life Encyclopedia Second Edition, Volume 12-16 Mammals I-V. Gale, Farmington Hills, MI, USA.",LC,0
1137,Microgale dryas,Tenrecidae,Insectivora,3,1,1,311,"Hutchins M, Kleiman DG, Geist V, McDade MC. 2003. Grzimek’s Animal Life Encyclopedia Second Edition, Volume 12-16 Mammals I-V. Gale, Farmington Hills, MI, USA.",VU,1
1138,Microgale fotsifotsy,Tenrecidae,Insectivora,3,1,1,311,"Hutchins M, Kleiman DG, Geist V, McDade MC. 2003. Grzimek’s Animal Life Encyclopedia Second Edition, Volume 12-16 Mammals I-V. Gale, Farmington Hills, MI, USA.",LC,0
1139,Microgale gracilis,Tenrecidae,Insectivora,3,1,1,311,"Hutchins M, Kleiman DG, Geist V, McDade MC. 2003. Grzimek’s Animal Life Encyclopedia Second Edition, Volume 12-16 Mammals I-V. Gale, Farmington Hills, MI, USA.",LC,0
1140,Microgale gymnorhyncha,Tenrecidae,Insectivora,3,1,1,311,"Hutchins M, Kleiman DG, Geist V, McDade MC. 2003. Grzimek’s Animal Life Encyclopedia Second Edition, Volume 12-16 Mammals I-V. Gale, Farmington Hills, MI, USA.",LC,0
1141,Microgale longicaudata,Tenrecidae,Insectivora,3,1,1,311,"Hutchins M, Kleiman DG, Geist V, McDade MC. 2003. Grzimek’s Animal Life Encyclopedia Second Edition, Volume 12-16 Mammals I-V. Gale, Farmington Hills, MI, USA.",LC,0
1143,Microgale monticola,Tenrecidae,Insectivora,3,1,1,311,"Hutchins M, Kleiman DG, Geist V, McDade MC. 2003. Grzimek’s Animal Life Encyclopedia Second Edition, Volume 12-16 Mammals I-V. Gale, Farmington Hills, MI, USA.",VU,1
1144,Microgale parvula,Tenrecidae,Insectivora,3,1,1,311,"Hutchins M, Kleiman DG, Geist V, McDade MC. 2003. Grzimek’s Animal Life Encyclopedia Second Edition, Volume 12-16 Mammals I-V. Gale, Farmington Hills, MI, USA.",LC,0
1145,Microgale principula,Tenrecidae,Insectivora,3,1,1,311,"Hutchins M, Kleiman DG, Geist V, McDade MC. 2003. Grzimek’s Animal Life Encyclopedia Second Edition, Volume 12-16 Mammals I-V. Gale, Farmington Hills, MI, USA.",LC,0
1146,Microgale pusilla,Tenrecidae,Insectivora,3,1,1,311,"Hutchins M, Kleiman DG, Geist V, McDade MC. 2003. Grzimek’s Animal Life Encyclopedia Second Edition, Volume 12-16 Mammals I-V. Gale, Farmington Hills, MI, USA.",LC,0
1147,Microgale soricoides,Tenrecidae,Insectivora,3,1,1,311,"Hutchins M, Kleiman DG, Geist V, McDade MC. 2003. Grzimek’s Animal Life Encyclopedia Second Edition, Volume 12-16 Mammals I-V. Gale, Farmington Hills, MI, USA.",LC,0
1148,Microgale taiva,Tenrecidae,Insectivora,3,1,1,311,"Hutchins M, Kleiman DG, Geist V, McDade MC. 2003. Grzimek’s Animal Life Encyclopedia Second Edition, Volume 12-16 Mammals I-V. Gale, Farmington Hills, MI, USA.",LC,0
1149,Microgale talazaci,Tenrecidae,Insectivora,3,1,1,311,"Hutchins M, Kleiman DG, Geist V, McDade MC. 2003. Grzimek’s Animal Life Encyclopedia Second Edition, Volume 12-16 Mammals I-V. Gale, Farmington Hills, MI, USA.",LC,0
1150,Microgale thomasi,Tenrecidae,Insectivora,3,1,1,311,"Hutchins M, Kleiman DG, Geist V, McDade MC. 2003. Grzimek’s Animal Life Encyclopedia Second Edition, Volume 12-16 Mammals I-V. Gale, Farmington Hills, MI, USA.",LC,0
1151,Micropotamogale lamottei,Tenrecidae,Insectivora,3,1,1,311,"Hutchins M, Kleiman DG, Geist V, McDade MC. 2003. Grzimek’s Animal Life Encyclopedia Second Edition, Volume 12-16 Mammals I-V. Gale, Farmington Hills, MI, USA.",VU,1
1152,Micropotamogale ruwenzorii,Tenrecidae,Insectivora,3,1,1,311,"Hutchins M, Kleiman DG, Geist V, McDade MC. 2003. Grzimek’s Animal Life Encyclopedia Second Edition, Volume 12-16 Mammals I-V. Gale, Farmington Hills, MI, USA.",LC,0
1153,Oryzorictes hova,Tenrecidae,Insectivora,3,1,1,311,"Hutchins M, Kleiman DG, Geist V, McDade MC. 2003. Grzimek’s Animal Life Encyclopedia Second Edition, Volume 12-16 Mammals I-V. Gale, Farmington Hills, MI, USA.",LC,0
1156,Potamogale velox,Tenrecidae,Insectivora,3,1,1,311,"Hutchins M, Kleiman DG, Geist V, McDade MC. 2003. Grzimek’s Animal Life Encyclopedia Second Edition, Volume 12-16 Mammals I-V. Gale, Farmington Hills, MI, USA.",LC,0
1157,Thylacinus cynocephalus,Thylacinidae,Dasyuromorphia,3,1,1,311,"Hutchins M, Kleiman DG, Geist V, McDade MC. 2003. Grzimek’s Animal Life Encyclopedia Second Edition, Volume 12-16 Mammals I-V. Gale, Farmington Hills, MI, USA.",EX,1
1159,Tupaia montana,Tupaiidae,Scandentia,3,1,1,311,"Hutchins M, Kleiman DG, Geist V, McDade MC. 2003. Grzimek’s Animal Life Encyclopedia Second Edition, Volume 12-16 Mammals I-V. Gale, Farmington Hills, MI, USA., Nowak RM. 1999. Walker’s Mammals of the World, Vol. 1. Sixth Ed. The Johns Hopkins University Press, Maryland, USA. ",LC,0
1160,Tupaia nicobarica,Tupaiidae,Scandentia,3,1,1,311,"Hutchins M, Kleiman DG, Geist V, McDade MC. 2003. Grzimek’s Animal Life Encyclopedia Second Edition, Volume 12-16 Mammals I-V. Gale, Farmington Hills, MI, USA., Nowak RM. 1999. Walker’s Mammals of the World, Vol. 1. Sixth Ed. The Johns Hopkins University Press, Maryland, USA. ",EN,1
1161,Tupaia palawanensis,Tupaiidae,Scandentia,3,1,1,311,"Hutchins M, Kleiman DG, Geist V, McDade MC. 2003. Grzimek’s Animal Life Encyclopedia Second Edition, Volume 12-16 Mammals I-V. Gale, Farmington Hills, MI, USA., Nowak RM. 1999. Walker’s Mammals of the World, Vol. 1. Sixth Ed. The Johns Hopkins University Press, Maryland, USA. ",LC,0
1162,Tupaia picta,Tupaiidae,Scandentia,3,1,1,311,"Hutchins M, Kleiman DG, Geist V, McDade MC. 2003. Grzimek’s Animal Life Encyclopedia Second Edition, Volume 12-16 Mammals I-V. Gale, Farmington Hills, MI, USA., Nowak RM. 1999. Walker’s Mammals of the World, Vol. 1. Sixth Ed. The Johns Hopkins University Press, Maryland, USA. ",LC,0
1163,Tupaia splendidula,Tupaiidae,Scandentia,3,1,1,311,"Hutchins M, Kleiman DG, Geist V, McDade MC. 2003. Grzimek’s Animal Life Encyclopedia Second Edition, Volume 12-16 Mammals I-V. Gale, Farmington Hills, MI, USA., Nowak RM. 1999. Walker’s Mammals of the World, Vol. 1. Sixth Ed. The Johns Hopkins University Press, Maryland, USA. ",LC,0
1164,Tupaia tana,Tupaiidae,Scandentia,3,1,1,311,"Hutchins M, Kleiman DG, Geist V, McDade MC. 2003. Grzimek’s Animal Life Encyclopedia Second Edition, Volume 12-16 Mammals I-V. Gale, Farmington Hills, MI, USA.",LC,0
1169,Helarctos malayanus,Ursidae,Carnivora,3,1,1,311,"Hutchins M, Kleiman DG, Geist V, McDade MC. 2003. Grzimek’s Animal Life Encyclopedia Second Edition, Volume 12-16 Mammals I-V. Gale, Farmington Hills, MI, USA.",VU,1
1170,Melursus ursinus,Ursidae,Carnivora,3,1,1,311,"Hutchins M, Kleiman DG, Geist V, McDade MC. 2003. Grzimek’s Animal Life Encyclopedia Second Edition, Volume 12-16 Mammals I-V. Gale, Farmington Hills, MI, USA.",VU,1
1172,Tremarctos ornatus,Ursidae,Carnivora,3,1,1,311,"Hutchins M, Kleiman DG, Geist V, McDade MC. 2003. Grzimek’s Animal Life Encyclopedia Second Edition, Volume 12-16 Mammals I-V. Gale, Farmington Hills, MI, USA.",VU,1
1173,Ursus americanus,Ursidae,Carnivora,3,1,1,311,"Hutchins M, Kleiman DG, Geist V, McDade MC. 2003. Grzimek’s Animal Life Encyclopedia Second Edition, Volume 12-16 Mammals I-V. Gale, Farmington Hills, MI, USA.",LC,0
1174,Ursus maritimus,Ursidae,Carnivora,3,1,1,311,"Hutchins M, Kleiman DG, Geist V, McDade MC. 2003. Grzimek’s Animal Life Encyclopedia Second Edition, Volume 12-16 Mammals I-V. Gale, Farmington Hills, MI, USA.",VU,1
1175,Ursus thibetanus,Ursidae,Carnivora,3,1,1,311,"Hutchins M, Kleiman DG, Geist V, McDade MC. 2003. Grzimek’s Animal Life Encyclopedia Second Edition, Volume 12-16 Mammals I-V. Gale, Farmington Hills, MI, USA.",VU,1
1176,Chrotogale owstoni,Viverridae,Carnivora,3,1,1,311,"Hutchins M, Kleiman DG, Geist V, McDade MC. 2003. Grzimek’s Animal Life Encyclopedia Second Edition, Volume 12-16 Mammals I-V. Gale, Farmington Hills, MI, USA.",EN,1
1177,Civettictis civetta,Viverridae,Carnivora,3,1,1,311,"Hutchins M, Kleiman DG, Geist V, McDade MC. 2003. Grzimek’s Animal Life Encyclopedia Second Edition, Volume 12-16 Mammals I-V. Gale, Farmington Hills, MI, USA.; Skinner, J. D., Chimimba, C. T. 2005. The Mammals of Southern African Subregion. Cambridge University Press, Cape Town, South Africa. ",LC,0
1178,Cynogale bennettii,Viverridae,Carnivora,3,1,1,311,"Hutchins M, Kleiman DG, Geist V, McDade MC. 2003. Grzimek’s Animal Life Encyclopedia Second Edition, Volume 12-16 Mammals I-V. Gale, Farmington Hills, MI, USA., Nowak RM. 1999. Walker’s Mammals of the World, Vol. 1. Sixth Ed. The Johns Hopkins University Press, Maryland, USA. ",EN,1
1179,Diplogale hosei,Viverridae,Carnivora,3,1,1,311,"Hutchins M, Kleiman DG, Geist V, McDade MC. 2003. Grzimek’s Animal Life Encyclopedia Second Edition, Volume 12-16 Mammals I-V. Gale, Farmington Hills, MI, USA.",VU,1
1180,Fossa fossana,Viverridae,Carnivora,3,1,1,311,"Hutchins M, Kleiman DG, Geist V, McDade MC. 2003. Grzimek’s Animal Life Encyclopedia Second Edition, Volume 12-16 Mammals I-V. Gale, Farmington Hills, MI, USA., Nowak RM. 1999. Walker’s Mammals of the World, Vol. 1. Sixth Ed. The Johns Hopkins University Press, Maryland, USA. ",VU,1
1181,Hemigalus derbyanus,Viverridae,Carnivora,3,1,1,311,"Hutchins M, Kleiman DG, Geist V, McDade MC. 2003. Grzimek’s Animal Life Encyclopedia Second Edition, Volume 12-16 Mammals I-V. Gale, Farmington Hills, MI, USA.",NT,0
1182,Viverra megaspila,Viverridae,Carnivora,3,1,1,311,"Hutchins M, Kleiman DG, Geist V, McDade MC. 2003. Grzimek’s Animal Life Encyclopedia Second Edition, Volume 12-16 Mammals I-V. Gale, Farmington Hills, MI, USA.",EN,1
1183,Viverra tangalunga,Viverridae,Carnivora,3,1,1,311,"Hutchins M, Kleiman DG, Geist V, McDade MC. 2003. Grzimek’s Animal Life Encyclopedia Second Edition, Volume 12-16 Mammals I-V. Gale, Farmington Hills, MI, USA., Long JL. 2003. Introduced Mammals of the World, Their history, distribution, and influence. CSIRO Publishing, Collingwood VIC, Australia.",LC,0
1184,Viverra zibetha,Viverridae,Carnivora,3,1,1,311,"Hutchins M, Kleiman DG, Geist V, McDade MC. 2003. Grzimek’s Animal Life Encyclopedia Second Edition, Volume 12-16 Mammals I-V. Gale, Farmington Hills, MI, USA.",LC,0
1185,Calcochloris obtusirostris,Chrysochloridae,Insectivora,4,1,1,411,"Hutchins M, Kleiman DG, Geist V, McDade MC. 2003. Grzimek’s Animal Life Encyclopedia Second Edition, Volume 12-16 Mammals I-V. Gale, Farmington Hills, MI, USA., Nowak RM. 1999. Walker’s Mammals of the World, Vol. 1. Sixth Ed. The Johns Hopkins University Press, Maryland, USA. ",LC,0
1186,Dasycercus cristicauda,Dasyuridae,Dasyuromorphia,4,1,1,411,"Hutchins M, Kleiman DG, Geist V, McDade MC. 2003. Grzimek’s Animal Life Encyclopedia Second Edition, Volume 12-16 Mammals I-V. Gale, Farmington Hills, MI, USA.",NT,0
1187,Lutreolina crassicaudata,Didelphidae,Didelphimorphia,4,1,1,411,"Hutchins M, Kleiman DG, Geist V, McDade MC. 2003. Grzimek’s Animal Life Encyclopedia Second Edition, Volume 12-16 Mammals I-V. Gale, Farmington Hills, MI, USA.; Macdonald, D. W. 2006. The Princeton Encyclopedia of Mammals. Princeton University Press, Princeton, NJ. ",LC,0
1188,Euchoreutes naso,Dipodidae,Rodentia,4,1,1,411,"Hutchins M, Kleiman DG, Geist V, McDade MC. 2003. Grzimek’s Animal Life Encyclopedia Second Edition, Volume 12-16 Mammals I-V. Gale, Farmington Hills, MI, USA., Nowak RM. 1999. Walker’s Mammals of the World, Vol. 2. Sixth Ed. The Johns Hopkins University Press, Maryland, USA.; Alderton, D. 1996. Rodents of the world. Facts on File, INC., NY, USA.",LC,0
1189,Galidictis grandidieri,Herpestidae,Carnivora,4,1,1,411,"Hutchins M, Kleiman DG, Geist V, McDade MC. 2003. Grzimek’s Animal Life Encyclopedia Second Edition, Volume 12-16 Mammals I-V. Gale, Farmington Hills, MI, USA., Nowak RM. 1999. Walker’s Mammals of the World, Vol. 1. Sixth Ed. The Johns Hopkins University Press, Maryland, USA.; Garbutt, N. 2007. Mammal of Madagascar: A complete guide. Yale University Press, New Haven, CT.",EN,1
1190,Ichneumia albicauda,Herpestidae,Carnivora,4,1,1,411,"Hutchins M, Kleiman DG, Geist V, McDade MC. 2003. Grzimek’s Animal Life Encyclopedia Second Edition, Volume 12-16 Mammals I-V. Gale, Farmington Hills, MI, USA., Nowak RM. 1999. Walker’s Mammals of the World, Vol. 1. Sixth Ed. The Johns Hopkins University Press, Maryland, USA.",LC,0
1191,Paracynictis selousi,Herpestidae,Carnivora,4,1,1,411,"Hutchins M, Kleiman DG, Geist V, McDade MC. 2003. Grzimek’s Animal Life Encyclopedia Second Edition, Volume 12-16 Mammals I-V. Gale, Farmington Hills, MI, USA., Nowak RM. 1999. Walker’s Mammals of the World, Vol. 1. Sixth Ed. The Johns Hopkins University Press, Maryland, USA.",LC,0
1192,Elephantulus brachyrhynchus,Macroscelididae,Macroscelidea,4,1,1,411,"Hutchins M, Kleiman DG, Geist V, McDade MC. 2003. Grzimek’s Animal Life Encyclopedia Second Edition, Volume 12-16 Mammals I-V. Gale, Farmington Hills, MI, USA.",LC,0
1193,Elephantulus edwardii,Macroscelididae,Macroscelidea,4,1,1,411,"Hutchins M, Kleiman DG, Geist V, McDade MC. 2003. Grzimek’s Animal Life Encyclopedia Second Edition, Volume 12-16 Mammals I-V. Gale, Farmington Hills, MI, USA.",LC,0
1196,Elephantulus intufi,Macroscelididae,Macroscelidea,4,1,1,411,"Hutchins M, Kleiman DG, Geist V, McDade MC. 2003. Grzimek’s Animal Life Encyclopedia Second Edition, Volume 12-16 Mammals I-V. Gale, Farmington Hills, MI, USA.",LC,0
1197,Elephantulus myurus,Macroscelididae,Macroscelidea,4,1,1,411,"Hutchins M, Kleiman DG, Geist V, McDade MC. 2003. Grzimek’s Animal Life Encyclopedia Second Edition, Volume 12-16 Mammals I-V. Gale, Farmington Hills, MI, USA.",LC,0
1199,Elephantulus rozeti,Macroscelididae,Macroscelidea,4,1,1,411,"Hutchins M, Kleiman DG, Geist V, McDade MC. 2003. Grzimek’s Animal Life Encyclopedia Second Edition, Volume 12-16 Mammals I-V. Gale, Farmington Hills, MI, USA.; Macdonald, D. W. 2006. The Princeton Encyclopedia of Mammals. Princeton University Press, Princeton, NJ.",LC,0
1200,Elephantulus rufescens,Macroscelididae,Macroscelidea,4,1,1,411,"Hutchins M, Kleiman DG, Geist V, McDade MC. 2003. Grzimek’s Animal Life Encyclopedia Second Edition, Volume 12-16 Mammals I-V. Gale, Farmington Hills, MI, USA.; Macdonald, D. W. 2006. The Princeton Encyclopedia of Mammals. Princeton University Press, Princeton, NJ.",LC,0
1201,Elephantulus rupestris,Macroscelididae,Macroscelidea,4,1,1,411,"Hutchins M, Kleiman DG, Geist V, McDade MC. 2003. Grzimek’s Animal Life Encyclopedia Second Edition, Volume 12-16 Mammals I-V. Gale, Farmington Hills, MI, USA.",LC,0
1202,Macroscelides proboscideus,Macroscelididae,Macroscelidea,4,1,1,411,"Hutchins M, Kleiman DG, Geist V, McDade MC. 2003. Grzimek’s Animal Life Encyclopedia Second Edition, Volume 12-16 Mammals I-V. Gale, Farmington Hills, MI, USA.; Macdonald, D. W. 2006. The Princeton Encyclopedia of Mammals. Princeton University Press, Princeton, NJ.",LC,0
1203,Petrodromus tetradactylus,Macroscelididae,Macroscelidea,4,1,1,411,"Hutchins M, Kleiman DG, Geist V, McDade MC. 2003. Grzimek’s Animal Life Encyclopedia Second Edition, Volume 12-16 Mammals I-V. Gale, Farmington Hills, MI, USA.",LC,0
1204,Rhynchocyon chrysopygus,Macroscelididae,Macroscelidea,4,1,1,411,"Hutchins M, Kleiman DG, Geist V, McDade MC. 2003. Grzimek’s Animal Life Encyclopedia Second Edition, Volume 12-16 Mammals I-V. Gale, Farmington Hills, MI, USA.",EN,1
1205,Manis crassicaudata,Manidae,Pholidota,4,1,1,411,"Wilson DE. 2011. Handbook of the Mammals of the World. Vol.2 Hooved Mammals. Lynx Edicions, Barcelona.",EN,1
1207,Manis javanica,Manidae,Pholidota,4,1,1,411,"Wilson DE. 2011. Handbook of the Mammals of the World. Vol.2 Hooved Mammals. Lynx Edicions, Barcelona.",CR,1
1208,Manis pentadactyla,Manidae,Pholidota,4,1,1,411,"Wilson DE. 2011. Handbook of the Mammals of the World. Vol.2 Hooved Mammals. Lynx Edicions, Barcelona.",CR,1
1218,Microtus pinetorum,Muridae,Rodentia,4,1,1,411,"Hutchins M, Kleiman DG, Geist V, McDade MC. 2003. Grzimek’s Animal Life Encyclopedia Second Edition, Volume 12-16 Mammals I-V. Gale, Farmington Hills, MI, USA. ; Case Western Reserve University",LC,0
1219,Mus caroli,Muridae,Rodentia,4,1,1,411,"Hutchins M, Kleiman DG, Geist V, McDade MC. 2003. Grzimek’s Animal Life Encyclopedia Second Edition, Volume 12-16 Mammals I-V. Gale, Farmington Hills, MI, USA.; Marshall, J. T. 1977. A synopsis of Asian species of Mus (Rodentia, Muridae). Bulletin of the AMNH; v. 158, article 3.",LC,0
1220,Mus cervicolor,Muridae,Rodentia,4,1,1,411,"Hutchins M, Kleiman DG, Geist V, McDade MC. 2003. Grzimek’s Animal Life Encyclopedia Second Edition, Volume 12-16 Mammals I-V. Gale, Farmington Hills, MI, USA.; Marshall, J. T. 1977. A synopsis of Asian species of Mus (Rodentia, Muridae). Bulletin of the AMNH; v. 158, article 3.",LC,0
1221,Mus cookii,Muridae,Rodentia,4,1,1,411,"Hutchins M, Kleiman DG, Geist V, McDade MC. 2003. Grzimek’s Animal Life Encyclopedia Second Edition, Volume 12-16 Mammals I-V. Gale, Farmington Hills, MI, USA.; Marshall, J. T. 1977. A synopsis of Asian species of Mus (Rodentia, Muridae). Bulletin of the AMNH; v. 158, article 3.",LC,0
1222,Mus indutus,Muridae,Rodentia,4,1,1,411,"Hutchins M, Kleiman DG, Geist V, McDade MC. 2003. Grzimek’s Animal Life Encyclopedia Second Edition, Volume 12-16 Mammals I-V. Gale, Farmington Hills, MI, USA. ; Skinner, J. D., Chimimba, C. T. 2005. The Mammals of Southern African Subregion. Cambridge University Press, Cape Town, South Africa. ",LC,0
1223,Mus minutoides,Muridae,Rodentia,4,1,1,311,"Hutchins M, Kleiman DG, Geist V, McDade MC. 2003. Grzimek’s Animal Life Encyclopedia Second Edition, Volume 12-16 Mammals I-V. Gale, Farmington Hills, MI, USA. ; Skinner, J. D., Chimimba, C. T. 2005. The Mammals of Southern African Subregion. Cambridge University Press, Cape Town, South Africa.;Marshall, J. T. 1977. A synopsis of Asian species of Mus (Rodentia, Muridae). Bulletin of the AMNH; v. 158, article 3.",LC,0
1224,Mus musculus,Muridae,Rodentia,4,1,1,411,"Hutchins M, Kleiman DG, Geist V, McDade MC. 2003. Grzimek’s Animal Life Encyclopedia Second Edition, Volume 12-16 Mammals I-V. Gale, Farmington Hills, MI, USA.",LC,0
1226,Oxymycterus angularis,Muridae,Rodentia,4,1,1,411,"Alderton, D. 1996. Rodents of the world. Facts on File, INC., NY, USA.",LC,0
1227,Oxymycterus delator,Muridae,Rodentia,4,1,1,411,"Alderton, D. 1996. Rodents of the world. Facts on File, INC., NY, USA.",LC,0
1228,Oxymycterus hiska,Muridae,Rodentia,4,1,1,411,"Alderton, D. 1996. Rodents of the world. Facts on File, INC., NY, USA.",LC,0
1229,Oxymycterus hispidus,Muridae,Rodentia,4,1,1,411,"Alderton, D. 1996. Rodents of the world. Facts on File, INC., NY, USA.",LC,0
1230,Oxymycterus hucucha,Muridae,Rodentia,4,1,1,411,"Alderton, D. 1996. Rodents of the world. Facts on File, INC., NY, USA.",EN,1
1232,Oxymycterus inca,Muridae,Rodentia,4,1,1,411,"Alderton, D. 1996. Rodents of the world. Facts on File, INC., NY, USA.",LC,0
1233,Oxymycterus nasutus,Muridae,Rodentia,4,1,1,411,"Alderton, D. 1996. Rodents of the world. Facts on File, INC., NY, USA.",LC,0
1234,Oxymycterus paramensis,Muridae,Rodentia,4,1,1,411,"Alderton, D. 1996. Rodents of the world. Facts on File, INC., NY, USA.",LC,0
1235,Oxymycterus roberti,Muridae,Rodentia,4,1,1,411,"Alderton, D. 1996. Rodents of the world. Facts on File, INC., NY, USA.",LC,0
1236,Oxymycterus rufus,Muridae,Rodentia,4,1,1,411,"Alderton, D. 1996. Rodents of the world. Facts on File, INC., NY, USA.",LC,0
1237,Pachyuromys duprasi,Muridae,Rodentia,4,1,1,411,"Hutchins M, Kleiman DG, Geist V, McDade MC. 2003. Grzimek’s Animal Life Encyclopedia Second Edition, Volume 12-16 Mammals I-V. Gale, Farmington Hills, MI, USA.; Macdonald, D. W. 2006. The Princeton Encyclopedia of Mammals. Princeton University Press, Princeton, NJ.",LC,0
1238,Parahydromys asper,Muridae,Rodentia,4,1,1,411,"Alderton, D. 1996. Rodents of the world. Facts on File, INC., NY, USA.; Flannery T. 1995. Mammals of New Guinea. Cornell University Press, Ithaca, NY.",LC,0
1239,Rattus norvegicus,Muridae,Rodentia,4,1,1,411,"Hutchins M, Kleiman DG, Geist V, McDade MC. 2003. Grzimek’s Animal Life Encyclopedia Second Edition, Volume 12-16 Mammals I-V. Gale, Farmington Hills, MI, USA., Long JL. 2003. Introduced Mammals of the World, Their history, distribution, and influence. CSIRO Publishing, Collingwood VIC, Australia. ; Nowak RM. 1999. Walker’s Mammals of the World, Vol. 2. Sixth Ed. The Johns Hopkins University Press, Maryland, USA.",LC,0
1240,Uranomys ruddi,Muridae,Rodentia,4,1,1,411,"Hutchins M, Kleiman DG, Geist V, McDade MC. 2003. Grzimek’s Animal Life Encyclopedia Second Edition, Volume 12-16 Mammals I-V. Gale, Farmington Hills, MI, USA. ; Skinner, J. D., Chimimba, C. T. 2005. The Mammals of Southern African Subregion. Cambridge University Press, Cape Town, South Africa. ",LC,0
1241,Arctonyx collaris,Mustelidae,Carnivora,4,1,1,411,"Burton, M., Burton R. 1975. Encyclopedia of Mammals. Octopus Books Limited, London W1",VU,1
1242,Conepatus chinga,Mustelidae,Carnivora,4,1,1,411,"Nowak RM. 1999. Walker’s Mammals of the World, Vol. 1. Sixth Ed. The Johns Hopkins University Press, Maryland, USA.",LC,0
1243,Conepatus humboldtii,Mustelidae,Carnivora,4,1,1,411,"Nowak RM. 1999. Walker’s Mammals of the World, Vol. 1. Sixth Ed. The Johns Hopkins University Press, Maryland, USA.",LC,0
1244,Galictis cuja,Mustelidae,Carnivora,4,1,1,411,"Nowak RM. 1999. Walker’s Mammals of the World, Vol. 1. Sixth Ed. The Johns Hopkins University Press, Maryland, USA.",LC,0
1245,Galictis vittata,Mustelidae,Carnivora,4,1,1,411,"Nowak RM. 1999. Walker’s Mammals of the World, Vol. 1. Sixth Ed. The Johns Hopkins University Press, Maryland, USA.",LC,0
1246,Meles meles,Mustelidae,Carnivora,4,1,1,411,"Hutchins M, Kleiman DG, Geist V, McDade MC. 2003. Grzimek’s Animal Life Encyclopedia Second Edition, Volume 12-16 Mammals I-V. Gale, Farmington Hills, MI, USA. ; Burton, M., Burton R. 1975. Encyclopedia of Mammals. Octopus Books Limited, London W1",LC,0
1247,Melogale everetti,Mustelidae,Carnivora,4,1,1,411,"Hutchins M, Kleiman DG, Geist V, McDade MC. 2003. Grzimek’s Animal Life Encyclopedia Second Edition, Volume 12-16 Mammals I-V. Gale, Farmington Hills, MI, USA.; Macdonald, D. W. 2006. The Princeton Encyclopedia of Mammals. Princeton University Press, Princeton, NJ. ",EN,1
1248,Melogale moschata,Mustelidae,Carnivora,4,1,1,411,"Hutchins M, Kleiman DG, Geist V, McDade MC. 2003. Grzimek’s Animal Life Encyclopedia Second Edition, Volume 12-16 Mammals I-V. Gale, Farmington Hills, MI, USA.; Macdonald, D. W. 2006. The Princeton Encyclopedia of Mammals. Princeton University Press, Princeton, NJ. ",LC,0
1249,Melogale orientalis,Mustelidae,Carnivora,4,1,1,411,"Hutchins M, Kleiman DG, Geist V, McDade MC. 2003. Grzimek’s Animal Life Encyclopedia Second Edition, Volume 12-16 Mammals I-V. Gale, Farmington Hills, MI, USA.; Macdonald, D. W. 2006. The Princeton Encyclopedia of Mammals. Princeton University Press, Princeton, NJ. ",LC,0
1250,Melogale personata,Mustelidae,Carnivora,4,1,1,411,"Hutchins M, Kleiman DG, Geist V, McDade MC. 2003. Grzimek’s Animal Life Encyclopedia Second Edition, Volume 12-16 Mammals I-V. Gale, Farmington Hills, MI, USA.; Macdonald, D. W. 2006. The Princeton Encyclopedia of Mammals. Princeton University Press, Princeton, NJ. ",LC,0
1251,Mephitis macroura,Mustelidae,Carnivora,4,1,1,411,"Hutchins M, Kleiman DG, Geist V, McDade MC. 2003. Grzimek’s Animal Life Encyclopedia Second Edition, Volume 12-16 Mammals I-V. Gale, Farmington Hills, MI, USA.",LC,0
1252,Mephitis mephitis,Mustelidae,Carnivora,4,1,1,411,"Hutchins M, Kleiman DG, Geist V, McDade MC. 2003. Grzimek’s Animal Life Encyclopedia Second Edition, Volume 12-16 Mammals I-V. Gale, Farmington Hills, MI, USA.",LC,0
1253,Mustela altaica,Mustelidae,Carnivora,4,1,1,411,"Hutchins M, Kleiman DG, Geist V, McDade MC. 2003. Grzimek’s Animal Life Encyclopedia Second Edition, Volume 12-16 Mammals I-V. Gale, Farmington Hills, MI, USA., Nowak RM. 1999. Walker’s Mammals of the World, Vol. 1. Sixth Ed. The Johns Hopkins University Press, Maryland, USA. ",NT,0
1255,Mustela lutreola,Mustelidae,Carnivora,4,1,1,413,"Hutchins M, Kleiman DG, Geist V, McDade MC. 2003. Grzimek’s Animal Life Encyclopedia Second Edition, Volume 12-16 Mammals I-V. Gale, Farmington Hills, MI, USA., Long JL. 2003. Introduced Mammals of the World, Their history, distribution, and influence. CSIRO Publishing, Collingwood VIC, Australia.",CR,1
1256,Mustela lutreolina,Mustelidae,Carnivora,4,1,1,411,"Hutchins M, Kleiman DG, Geist V, McDade MC. 2003. Grzimek’s Animal Life Encyclopedia Second Edition, Volume 12-16 Mammals I-V. Gale, Farmington Hills, MI, USA., Nowak RM. 1999. Walker’s Mammals of the World, Vol. 1. Sixth Ed. The Johns Hopkins University Press, Maryland, USA. ",LC,0
1257,Mustela putorius,Mustelidae,Carnivora,4,1,1,411,"Hutchins M, Kleiman DG, Geist V, McDade MC. 2003. Grzimek’s Animal Life Encyclopedia Second Edition, Volume 12-16 Mammals I-V. Gale, Farmington Hills, MI, USA., Long JL. 2003. Introduced Mammals of the World, Their history, distribution, and influence. CSIRO Publishing, Collingwood VIC, Australia.",LC,0
1258,Mustela sibirica,Mustelidae,Carnivora,4,1,1,411,"Hutchins M, Kleiman DG, Geist V, McDade MC. 2003. Grzimek’s Animal Life Encyclopedia Second Edition, Volume 12-16 Mammals I-V. Gale, Farmington Hills, MI, USA., Long JL. 2003. Introduced Mammals of the World, Their history, distribution, and influence. CSIRO Publishing, Collingwood VIC, Australia.",LC,0
1259,Mydaus javanensis,Mustelidae,Carnivora,4,1,1,411,"Hutchins M, Kleiman DG, Geist V, McDade MC. 2003. Grzimek’s Animal Life Encyclopedia Second Edition, Volume 12-16 Mammals I-V. Gale, Farmington Hills, MI, USA.",LC,0
1260,Mydaus marchei,Mustelidae,Carnivora,4,1,1,411,"Hutchins M, Kleiman DG, Geist V, McDade MC. 2003. Grzimek’s Animal Life Encyclopedia Second Edition, Volume 12-16 Mammals I-V. Gale, Farmington Hills, MI, USA.",LC,0
1261,Poecilogale albinucha,Mustelidae,Carnivora,4,1,1,411,"Hutchins M, Kleiman DG, Geist V, McDade MC. 2003. Grzimek’s Animal Life Encyclopedia Second Edition, Volume 12-16 Mammals I-V. Gale, Farmington Hills, MI, USA.",LC,0
1262,Spilogale putorius,Mustelidae,Carnivora,4,1,1,411,"Macdonald, D. W. 2006. The Princeton Encyclopedia of Mammals. Princeton University Press, Princeton, NJ.",VU,1
1263,Spilogale pygmaea,Mustelidae,Carnivora,4,1,1,411,"Macdonald, D. W. 2006. The Princeton Encyclopedia of Mammals. Princeton University Press, Princeton, NJ.",VU,1
1264,Taxidea taxus,Mustelidae,Carnivora,4,1,1,411,"Hutchins M, Kleiman DG, Geist V, McDade MC. 2003. Grzimek’s Animal Life Encyclopedia Second Edition, Volume 12-16 Mammals I-V. Gale, Farmington Hills, MI, USA. Burton, M., Burton R. 1975. Encyclopedia of Mammals. Octopus Books Limited, London W1.",LC,0
1266,Microperoryctes papuensis,Peroryctidae,Peramelemorphia,4,3,1,331,"Hutchins M, Kleiman DG, Geist V, McDade MC. 2003. Grzimek’s Animal Life Encyclopedia Second Edition, Volume 12-16 Mammals I-V. Gale, Farmington Hills, MI, USA.; Macdonald, D. W. 2006. The Princeton Encyclopedia of Mammals. Princeton University Press, Princeton, NJ. ",LC,0
1267,Procyon cancrivorus,Procyonidae,Carnivora,4,1,1,411,"Hutchins M, Kleiman DG, Geist V, McDade MC. 2003. Grzimek’s Animal Life Encyclopedia Second Edition, Volume 12-16 Mammals I-V. Gale, Farmington Hills, MI, USA. ; Burton, M., Burton R. 1975. Encyclopedia of Mammals. Octopus Books Limited, London W1.; Macdonald, D. W. 2006. The Princeton Encyclopedia of Mammals. Princeton University Press, Princeton, NJ. ",LC,0
1268,Procyon lotor,Procyonidae,Carnivora,4,1,1,411,"Hutchins M, Kleiman DG, Geist V, McDade MC. 2003. Grzimek’s Animal Life Encyclopedia Second Edition, Volume 12-16 Mammals I-V. Gale, Farmington Hills, MI, USA. ; Burton, M., Burton R. 1975. Encyclopedia of Mammals. Octopus Books Limited, London W1.; Macdonald, D. W. 2006. The Princeton Encyclopedia of Mammals. Princeton University Press, Princeton, NJ. ",LC,0
1269,Blarina brevicauda,Soricidae,Insectivora,4,1,1,411,"Hutchins M, Kleiman DG, Geist V, McDade MC. 2003. Grzimek’s Animal Life Encyclopedia Second Edition, Volume 12-16 Mammals I-V. Gale, Farmington Hills, MI, USA., Nowak RM. 1999. Walker’s Mammals of the World, Vol. 1. Sixth Ed. The Johns Hopkins University Press, Maryland, USA. ",LC,0
1270,Blarina carolinensis,Soricidae,Insectivora,4,1,1,411,"Hutchins M, Kleiman DG, Geist V, McDade MC. 2003. Grzimek’s Animal Life Encyclopedia Second Edition, Volume 12-16 Mammals I-V. Gale, Farmington Hills, MI, USA., Nowak RM. 1999. Walker’s Mammals of the World, Vol. 1. Sixth Ed. The Johns Hopkins University Press, Maryland, USA. ",LC,0
1271,Blarina hylophaga,Soricidae,Insectivora,4,1,1,411,"Hutchins M, Kleiman DG, Geist V, McDade MC. 2003. Grzimek’s Animal Life Encyclopedia Second Edition, Volume 12-16 Mammals I-V. Gale, Farmington Hills, MI, USA., Nowak RM. 1999. Walker’s Mammals of the World, Vol. 1. Sixth Ed. The Johns Hopkins University Press, Maryland, USA. ",LC,0
1272,Crocidura aleksandrisi,Soricidae,Insectivora,4,1,1,411,"Hutchins M, Kleiman DG, Geist V, McDade MC. 2003. Grzimek’s Animal Life Encyclopedia Second Edition, Volume 12-16 Mammals I-V. Gale, Farmington Hills, MI, USA.",LC,0
1273,Crocidura allex,Soricidae,Insectivora,4,1,1,411,"Hutchins M, Kleiman DG, Geist V, McDade MC. 2003. Grzimek’s Animal Life Encyclopedia Second Edition, Volume 12-16 Mammals I-V. Gale, Farmington Hills, MI, USA.",VU,1
1274,Crocidura andamanensis,Soricidae,Insectivora,4,1,1,411,"Hutchins M, Kleiman DG, Geist V, McDade MC. 2003. Grzimek’s Animal Life Encyclopedia Second Edition, Volume 12-16 Mammals I-V. Gale, Farmington Hills, MI, USA.",CR,1
1275,Crocidura ansellorum,Soricidae,Insectivora,4,1,1,411,"Hutchins M, Kleiman DG, Geist V, McDade MC. 2003. Grzimek’s Animal Life Encyclopedia Second Edition, Volume 12-16 Mammals I-V. Gale, Farmington Hills, MI, USA.",EN,1
1276,Crocidura arabica,Soricidae,Insectivora,4,1,1,411,"Hutchins M, Kleiman DG, Geist V, McDade MC. 2003. Grzimek’s Animal Life Encyclopedia Second Edition, Volume 12-16 Mammals I-V. Gale, Farmington Hills, MI, USA.",LC,0
1278,Crocidura attenuata,Soricidae,Insectivora,4,1,1,411,"Hutchins M, Kleiman DG, Geist V, McDade MC. 2003. Grzimek’s Animal Life Encyclopedia Second Edition, Volume 12-16 Mammals I-V. Gale, Farmington Hills, MI, USA.",LC,0
1279,Crocidura attila,Soricidae,Insectivora,4,1,1,411,"Hutchins M, Kleiman DG, Geist V, McDade MC. 2003. Grzimek’s Animal Life Encyclopedia Second Edition, Volume 12-16 Mammals I-V. Gale, Farmington Hills, MI, USA.",LC,0
1280,Crocidura baileyi,Soricidae,Insectivora,4,1,1,411,"Hutchins M, Kleiman DG, Geist V, McDade MC. 2003. Grzimek’s Animal Life Encyclopedia Second Edition, Volume 12-16 Mammals I-V. Gale, Farmington Hills, MI, USA.",LC,0
1281,Crocidura batesi,Soricidae,Insectivora,4,1,1,411,"Hutchins M, Kleiman DG, Geist V, McDade MC. 2003. Grzimek’s Animal Life Encyclopedia Second Edition, Volume 12-16 Mammals I-V. Gale, Farmington Hills, MI, USA.",LC,0
1282,Crocidura beatus,Soricidae,Insectivora,4,1,1,411,"Hutchins M, Kleiman DG, Geist V, McDade MC. 2003. Grzimek’s Animal Life Encyclopedia Second Edition, Volume 12-16 Mammals I-V. Gale, Farmington Hills, MI, USA.",LC,0
1283,Crocidura beccarii,Soricidae,Insectivora,4,1,1,411,"Hutchins M, Kleiman DG, Geist V, McDade MC. 2003. Grzimek’s Animal Life Encyclopedia Second Edition, Volume 12-16 Mammals I-V. Gale, Farmington Hills, MI, USA.",LC,0
1285,Crocidura bottegoides,Soricidae,Insectivora,4,1,1,411,"Hutchins M, Kleiman DG, Geist V, McDade MC. 2003. Grzimek’s Animal Life Encyclopedia Second Edition, Volume 12-16 Mammals I-V. Gale, Farmington Hills, MI, USA.",EN,1
1286,Crocidura buettikoferi,Soricidae,Insectivora,4,1,1,411,"Hutchins M, Kleiman DG, Geist V, McDade MC. 2003. Grzimek’s Animal Life Encyclopedia Second Edition, Volume 12-16 Mammals I-V. Gale, Farmington Hills, MI, USA.",NT,0
1287,Crocidura caliginea,Soricidae,Insectivora,4,1,1,411,"Hutchins M, Kleiman DG, Geist V, McDade MC. 2003. Grzimek’s Animal Life Encyclopedia Second Edition, Volume 12-16 Mammals I-V. Gale, Farmington Hills, MI, USA.",LC,0
1288,Crocidura canariensis,Soricidae,Insectivora,4,1,1,411,"Hutchins M, Kleiman DG, Geist V, McDade MC. 2003. Grzimek’s Animal Life Encyclopedia Second Edition, Volume 12-16 Mammals I-V. Gale, Farmington Hills, MI, USA.",EN,1
1289,Crocidura cinderella,Soricidae,Insectivora,4,1,1,411,"Hutchins M, Kleiman DG, Geist V, McDade MC. 2003. Grzimek’s Animal Life Encyclopedia Second Edition, Volume 12-16 Mammals I-V. Gale, Farmington Hills, MI, USA.",LC,0
1290,Crocidura congobelgica,Soricidae,Insectivora,4,1,1,411,"Hutchins M, Kleiman DG, Geist V, McDade MC. 2003. Grzimek’s Animal Life Encyclopedia Second Edition, Volume 12-16 Mammals I-V. Gale, Farmington Hills, MI, USA.",LC,0
1292,Crocidura crenata,Soricidae,Insectivora,4,1,1,411,"Hutchins M, Kleiman DG, Geist V, McDade MC. 2003. Grzimek’s Animal Life Encyclopedia Second Edition, Volume 12-16 Mammals I-V. Gale, Farmington Hills, MI, USA.",LC,0
1293,Crocidura crossei,Soricidae,Insectivora,4,1,1,411,"Hutchins M, Kleiman DG, Geist V, McDade MC. 2003. Grzimek’s Animal Life Encyclopedia Second Edition, Volume 12-16 Mammals I-V. Gale, Farmington Hills, MI, USA.",LC,0
1294,Crocidura cyanea,Soricidae,Insectivora,4,1,1,411,"Hutchins M, Kleiman DG, Geist V, McDade MC. 2003. Grzimek’s Animal Life Encyclopedia Second Edition, Volume 12-16 Mammals I-V. Gale, Farmington Hills, MI, USA.",LC,0
1295,Crocidura denti,Soricidae,Insectivora,4,1,1,411,"Hutchins M, Kleiman DG, Geist V, McDade MC. 2003. Grzimek’s Animal Life Encyclopedia Second Edition, Volume 12-16 Mammals I-V. Gale, Farmington Hills, MI, USA.",LC,0
1296,Crocidura desperata,Soricidae,Insectivora,4,1,1,411,"Hutchins M, Kleiman DG, Geist V, McDade MC. 2003. Grzimek’s Animal Life Encyclopedia Second Edition, Volume 12-16 Mammals I-V. Gale, Farmington Hills, MI, USA.",VU,1
1298,Crocidura dolichura,Soricidae,Insectivora,4,1,1,411,"Hutchins M, Kleiman DG, Geist V, McDade MC. 2003. Grzimek’s Animal Life Encyclopedia Second Edition, Volume 12-16 Mammals I-V. Gale, Farmington Hills, MI, USA.",LC,0
1299,Crocidura douceti,Soricidae,Insectivora,4,1,1,411,"Hutchins M, Kleiman DG, Geist V, McDade MC. 2003. Grzimek’s Animal Life Encyclopedia Second Edition, Volume 12-16 Mammals I-V. Gale, Farmington Hills, MI, USA.",LC,0
1300,Crocidura dsinezumi,Soricidae,Insectivora,4,1,1,411,"Hutchins M, Kleiman DG, Geist V, McDade MC. 2003. Grzimek’s Animal Life Encyclopedia Second Edition, Volume 12-16 Mammals I-V. Gale, Farmington Hills, MI, USA.",LC,0
1301,Crocidura eisentrauti,Soricidae,Insectivora,4,1,1,411,"Hutchins M, Kleiman DG, Geist V, McDade MC. 2003. Grzimek’s Animal Life Encyclopedia Second Edition, Volume 12-16 Mammals I-V. Gale, Farmington Hills, MI, USA.",VU,1
1302,Crocidura elgonius,Soricidae,Insectivora,4,1,1,411,"Hutchins M, Kleiman DG, Geist V, McDade MC. 2003. Grzimek’s Animal Life Encyclopedia Second Edition, Volume 12-16 Mammals I-V. Gale, Farmington Hills, MI, USA.",LC,0
1303,Crocidura elongata,Soricidae,Insectivora,4,1,1,411,"Hutchins M, Kleiman DG, Geist V, McDade MC. 2003. Grzimek’s Animal Life Encyclopedia Second Edition, Volume 12-16 Mammals I-V. Gale, Farmington Hills, MI, USA.",LC,0
1306,Crocidura flavescens,Soricidae,Insectivora,4,1,1,411,"Hutchins M, Kleiman DG, Geist V, McDade MC. 2003. Grzimek’s Animal Life Encyclopedia Second Edition, Volume 12-16 Mammals I-V. Gale, Farmington Hills, MI, USA.",LC,0
1308,Crocidura foxi,Soricidae,Insectivora,4,1,1,411,"Hutchins M, Kleiman DG, Geist V, McDade MC. 2003. Grzimek’s Animal Life Encyclopedia Second Edition, Volume 12-16 Mammals I-V. Gale, Farmington Hills, MI, USA.",LC,0
1309,Crocidura fuliginosa,Soricidae,Insectivora,4,1,1,411,"Hutchins M, Kleiman DG, Geist V, McDade MC. 2003. Grzimek’s Animal Life Encyclopedia Second Edition, Volume 12-16 Mammals I-V. Gale, Farmington Hills, MI, USA.",LC,0
1310,Crocidura fulvastra,Soricidae,Insectivora,4,1,1,411,"Hutchins M, Kleiman DG, Geist V, McDade MC. 2003. Grzimek’s Animal Life Encyclopedia Second Edition, Volume 12-16 Mammals I-V. Gale, Farmington Hills, MI, USA.",LC,0
1311,Crocidura fumosa,Soricidae,Insectivora,4,1,1,411,"Hutchins M, Kleiman DG, Geist V, McDade MC. 2003. Grzimek’s Animal Life Encyclopedia Second Edition, Volume 12-16 Mammals I-V. Gale, Farmington Hills, MI, USA.",LC,0
1312,Crocidura fuscomurina,Soricidae,Insectivora,4,1,1,411,"Hutchins M, Kleiman DG, Geist V, McDade MC. 2003. Grzimek’s Animal Life Encyclopedia Second Edition, Volume 12-16 Mammals I-V. Gale, Farmington Hills, MI, USA.",LC,0
1313,Crocidura glassi,Soricidae,Insectivora,4,1,1,411,"Hutchins M, Kleiman DG, Geist V, McDade MC. 2003. Grzimek’s Animal Life Encyclopedia Second Edition, Volume 12-16 Mammals I-V. Gale, Farmington Hills, MI, USA.",NT,0
1314,Crocidura goliath,Soricidae,Insectivora,4,1,1,411,"Hutchins M, Kleiman DG, Geist V, McDade MC. 2003. Grzimek’s Animal Life Encyclopedia Second Edition, Volume 12-16 Mammals I-V. Gale, Farmington Hills, MI, USA.",LC,0
1316,Crocidura grandiceps,Soricidae,Insectivora,4,1,1,411,"Hutchins M, Kleiman DG, Geist V, McDade MC. 2003. Grzimek’s Animal Life Encyclopedia Second Edition, Volume 12-16 Mammals I-V. Gale, Farmington Hills, MI, USA.",NT,0
1318,Crocidura grassei,Soricidae,Insectivora,4,1,1,411,"Hutchins M, Kleiman DG, Geist V, McDade MC. 2003. Grzimek’s Animal Life Encyclopedia Second Edition, Volume 12-16 Mammals I-V. Gale, Farmington Hills, MI, USA.",LC,0
1319,Crocidura grayi,Soricidae,Insectivora,4,1,1,411,"Hutchins M, Kleiman DG, Geist V, McDade MC. 2003. Grzimek’s Animal Life Encyclopedia Second Edition, Volume 12-16 Mammals I-V. Gale, Farmington Hills, MI, USA.",LC,0
1320,Crocidura greenwoodi,Soricidae,Insectivora,4,1,1,411,"Hutchins M, Kleiman DG, Geist V, McDade MC. 2003. Grzimek’s Animal Life Encyclopedia Second Edition, Volume 12-16 Mammals I-V. Gale, Farmington Hills, MI, USA.",LC,0
1322,Crocidura harenna,Soricidae,Insectivora,4,1,1,411,"Hutchins M, Kleiman DG, Geist V, McDade MC. 2003. Grzimek’s Animal Life Encyclopedia Second Edition, Volume 12-16 Mammals I-V. Gale, Farmington Hills, MI, USA.",CR,1
1323,Crocidura hildegardeae,Soricidae,Insectivora,4,1,1,411,"Hutchins M, Kleiman DG, Geist V, McDade MC. 2003. Grzimek’s Animal Life Encyclopedia Second Edition, Volume 12-16 Mammals I-V. Gale, Farmington Hills, MI, USA.",LC,0
1324,Crocidura hirta,Soricidae,Insectivora,4,1,1,411,"Hutchins M, Kleiman DG, Geist V, McDade MC. 2003. Grzimek’s Animal Life Encyclopedia Second Edition, Volume 12-16 Mammals I-V. Gale, Farmington Hills, MI, USA.",LC,0
1325,Crocidura hispida,Soricidae,Insectivora,4,1,1,411,"Hutchins M, Kleiman DG, Geist V, McDade MC. 2003. Grzimek’s Animal Life Encyclopedia Second Edition, Volume 12-16 Mammals I-V. Gale, Farmington Hills, MI, USA.",VU,1
1328,Crocidura jacksoni,Soricidae,Insectivora,4,1,1,411,"Hutchins M, Kleiman DG, Geist V, McDade MC. 2003. Grzimek’s Animal Life Encyclopedia Second Edition, Volume 12-16 Mammals I-V. Gale, Farmington Hills, MI, USA.",LC,0
1329,Crocidura jenkinsi,Soricidae,Insectivora,4,1,1,411,"Hutchins M, Kleiman DG, Geist V, McDade MC. 2003. Grzimek’s Animal Life Encyclopedia Second Edition, Volume 12-16 Mammals I-V. Gale, Farmington Hills, MI, USA.",CR,1
1330,Crocidura kivuana,Soricidae,Insectivora,4,1,1,411,"Hutchins M, Kleiman DG, Geist V, McDade MC. 2003. Grzimek’s Animal Life Encyclopedia Second Edition, Volume 12-16 Mammals I-V. Gale, Farmington Hills, MI, USA.",NT,0
1331,Crocidura lamottei,Soricidae,Insectivora,4,1,1,411,"Hutchins M, Kleiman DG, Geist V, McDade MC. 2003. Grzimek’s Animal Life Encyclopedia Second Edition, Volume 12-16 Mammals I-V. Gale, Farmington Hills, MI, USA.",LC,0
1332,Crocidura lanosa,Soricidae,Insectivora,4,1,1,411,"Hutchins M, Kleiman DG, Geist V, McDade MC. 2003. Grzimek’s Animal Life Encyclopedia Second Edition, Volume 12-16 Mammals I-V. Gale, Farmington Hills, MI, USA.",VU,1
1333,Crocidura lasiura,Soricidae,Insectivora,4,1,1,411,"Hutchins M, Kleiman DG, Geist V, McDade MC. 2003. Grzimek’s Animal Life Encyclopedia Second Edition, Volume 12-16 Mammals I-V. Gale, Farmington Hills, MI, USA.",LC,0
1334,Crocidura latona,Soricidae,Insectivora,4,1,1,411,"Hutchins M, Kleiman DG, Geist V, McDade MC. 2003. Grzimek’s Animal Life Encyclopedia Second Edition, Volume 12-16 Mammals I-V. Gale, Farmington Hills, MI, USA.",LC,0
1335,Crocidura lea,Soricidae,Insectivora,4,1,1,411,"Hutchins M, Kleiman DG, Geist V, McDade MC. 2003. Grzimek’s Animal Life Encyclopedia Second Edition, Volume 12-16 Mammals I-V. Gale, Farmington Hills, MI, USA.",LC,0
1336,Crocidura leucodon,Soricidae,Insectivora,4,1,1,411,"Hutchins M, Kleiman DG, Geist V, McDade MC. 2003. Grzimek’s Animal Life Encyclopedia Second Edition, Volume 12-16 Mammals I-V. Gale, Farmington Hills, MI, USA.",LC,0
1337,Crocidura levicula,Soricidae,Insectivora,4,1,1,411,"Hutchins M, Kleiman DG, Geist V, McDade MC. 2003. Grzimek’s Animal Life Encyclopedia Second Edition, Volume 12-16 Mammals I-V. Gale, Farmington Hills, MI, USA.",LC,0
1338,Crocidura littoralis,Soricidae,Insectivora,4,1,1,411,"Hutchins M, Kleiman DG, Geist V, McDade MC. 2003. Grzimek’s Animal Life Encyclopedia Second Edition, Volume 12-16 Mammals I-V. Gale, Farmington Hills, MI, USA.",LC,0
1340,Crocidura lucina,Soricidae,Insectivora,4,1,1,411,"Hutchins M, Kleiman DG, Geist V, McDade MC. 2003. Grzimek’s Animal Life Encyclopedia Second Edition, Volume 12-16 Mammals I-V. Gale, Farmington Hills, MI, USA.",VU,1
1341,Crocidura ludia,Soricidae,Insectivora,4,1,1,411,"Hutchins M, Kleiman DG, Geist V, McDade MC. 2003. Grzimek’s Animal Life Encyclopedia Second Edition, Volume 12-16 Mammals I-V. Gale, Farmington Hills, MI, USA.",LC,0
1342,Crocidura luna,Soricidae,Insectivora,4,1,1,411,"Hutchins M, Kleiman DG, Geist V, McDade MC. 2003. Grzimek’s Animal Life Encyclopedia Second Edition, Volume 12-16 Mammals I-V. Gale, Farmington Hills, MI, USA.",LC,0
1343,Crocidura lusitania,Soricidae,Insectivora,4,1,1,411,"Hutchins M, Kleiman DG, Geist V, McDade MC. 2003. Grzimek’s Animal Life Encyclopedia Second Edition, Volume 12-16 Mammals I-V. Gale, Farmington Hills, MI, USA.",LC,0
1344,Crocidura macarthuri,Soricidae,Insectivora,4,1,1,411,"Hutchins M, Kleiman DG, Geist V, McDade MC. 2003. Grzimek’s Animal Life Encyclopedia Second Edition, Volume 12-16 Mammals I-V. Gale, Farmington Hills, MI, USA.",LC,0
1345,Crocidura macmillani,Soricidae,Insectivora,4,1,1,411,"Hutchins M, Kleiman DG, Geist V, McDade MC. 2003. Grzimek’s Animal Life Encyclopedia Second Edition, Volume 12-16 Mammals I-V. Gale, Farmington Hills, MI, USA.",NT,0
1347,Crocidura malayana,Soricidae,Insectivora,4,1,1,411,"Hutchins M, Kleiman DG, Geist V, McDade MC. 2003. Grzimek’s Animal Life Encyclopedia Second Edition, Volume 12-16 Mammals I-V. Gale, Farmington Hills, MI, USA.",LC,0
1348,Crocidura manengubae,Soricidae,Insectivora,4,1,1,411,"Hutchins M, Kleiman DG, Geist V, McDade MC. 2003. Grzimek’s Animal Life Encyclopedia Second Edition, Volume 12-16 Mammals I-V. Gale, Farmington Hills, MI, USA.",VU,1
1349,Crocidura maquassiensis,Soricidae,Insectivora,4,1,1,411,"Hutchins M, Kleiman DG, Geist V, McDade MC. 2003. Grzimek’s Animal Life Encyclopedia Second Edition, Volume 12-16 Mammals I-V. Gale, Farmington Hills, MI, USA.",LC,0
1350,Crocidura mariquensis,Soricidae,Insectivora,4,1,1,411,"Hutchins M, Kleiman DG, Geist V, McDade MC. 2003. Grzimek’s Animal Life Encyclopedia Second Edition, Volume 12-16 Mammals I-V. Gale, Farmington Hills, MI, USA.",LC,0
1351,Crocidura maurisca,Soricidae,Insectivora,4,1,1,411,"Hutchins M, Kleiman DG, Geist V, McDade MC. 2003. Grzimek’s Animal Life Encyclopedia Second Edition, Volume 12-16 Mammals I-V. Gale, Farmington Hills, MI, USA.",LC,0
1352,Crocidura maxi,Soricidae,Insectivora,4,1,1,411,"Hutchins M, Kleiman DG, Geist V, McDade MC. 2003. Grzimek’s Animal Life Encyclopedia Second Edition, Volume 12-16 Mammals I-V. Gale, Farmington Hills, MI, USA.",LC,0
1355,Crocidura miya,Soricidae,Insectivora,4,1,1,411,"Hutchins M, Kleiman DG, Geist V, McDade MC. 2003. Grzimek’s Animal Life Encyclopedia Second Edition, Volume 12-16 Mammals I-V. Gale, Farmington Hills, MI, USA.",EN,1
1357,Crocidura monticola,Soricidae,Insectivora,4,1,1,411,"Hutchins M, Kleiman DG, Geist V, McDade MC. 2003. Grzimek’s Animal Life Encyclopedia Second Edition, Volume 12-16 Mammals I-V. Gale, Farmington Hills, MI, USA.",LC,0
1358,Crocidura montis,Soricidae,Insectivora,4,1,1,411,"Hutchins M, Kleiman DG, Geist V, McDade MC. 2003. Grzimek’s Animal Life Encyclopedia Second Edition, Volume 12-16 Mammals I-V. Gale, Farmington Hills, MI, USA.",LC,0
1359,Crocidura muricauda,Soricidae,Insectivora,4,1,1,411,"Hutchins M, Kleiman DG, Geist V, McDade MC. 2003. Grzimek’s Animal Life Encyclopedia Second Edition, Volume 12-16 Mammals I-V. Gale, Farmington Hills, MI, USA.",LC,0
1362,Crocidura nanilla,Soricidae,Insectivora,4,1,1,411,"Hutchins M, Kleiman DG, Geist V, McDade MC. 2003. Grzimek’s Animal Life Encyclopedia Second Edition, Volume 12-16 Mammals I-V. Gale, Farmington Hills, MI, USA.",LC,0
1364,Crocidura negrina,Soricidae,Insectivora,4,1,1,411,"Hutchins M, Kleiman DG, Geist V, McDade MC. 2003. Grzimek’s Animal Life Encyclopedia Second Edition, Volume 12-16 Mammals I-V. Gale, Farmington Hills, MI, USA.",EN,1
1365,Crocidura nicobarica,Soricidae,Insectivora,4,1,1,411,"Hutchins M, Kleiman DG, Geist V, McDade MC. 2003. Grzimek’s Animal Life Encyclopedia Second Edition, Volume 12-16 Mammals I-V. Gale, Farmington Hills, MI, USA.",CR,1
1366,Crocidura nigeriae,Soricidae,Insectivora,4,1,1,411,"Hutchins M, Kleiman DG, Geist V, McDade MC. 2003. Grzimek’s Animal Life Encyclopedia Second Edition, Volume 12-16 Mammals I-V. Gale, Farmington Hills, MI, USA.",LC,0
1367,Crocidura nigricans,Soricidae,Insectivora,4,1,1,411,"Hutchins M, Kleiman DG, Geist V, McDade MC. 2003. Grzimek’s Animal Life Encyclopedia Second Edition, Volume 12-16 Mammals I-V. Gale, Farmington Hills, MI, USA.",LC,0
1368,Crocidura nigripes,Soricidae,Insectivora,4,1,1,411,"Hutchins M, Kleiman DG, Geist V, McDade MC. 2003. Grzimek’s Animal Life Encyclopedia Second Edition, Volume 12-16 Mammals I-V. Gale, Farmington Hills, MI, USA.",LC,0
1369,Crocidura nigrofusca,Soricidae,Insectivora,4,1,1,411,"Hutchins M, Kleiman DG, Geist V, McDade MC. 2003. Grzimek’s Animal Life Encyclopedia Second Edition, Volume 12-16 Mammals I-V. Gale, Farmington Hills, MI, USA.",LC,0
1370,Crocidura nimbae,Soricidae,Insectivora,4,1,1,411,"Hutchins M, Kleiman DG, Geist V, McDade MC. 2003. Grzimek’s Animal Life Encyclopedia Second Edition, Volume 12-16 Mammals I-V. Gale, Farmington Hills, MI, USA.",NT,0
1371,Crocidura niobe,Soricidae,Insectivora,4,1,1,411,"Hutchins M, Kleiman DG, Geist V, McDade MC. 2003. Grzimek’s Animal Life Encyclopedia Second Edition, Volume 12-16 Mammals I-V. Gale, Farmington Hills, MI, USA.",LC,0
1372,Crocidura obscurior,Soricidae,Insectivora,4,1,1,411,"Hutchins M, Kleiman DG, Geist V, McDade MC. 2003. Grzimek’s Animal Life Encyclopedia Second Edition, Volume 12-16 Mammals I-V. Gale, Farmington Hills, MI, USA.",LC,0
1373,Crocidura olivieri,Soricidae,Insectivora,4,1,1,411,"Hutchins M, Kleiman DG, Geist V, McDade MC. 2003. Grzimek’s Animal Life Encyclopedia Second Edition, Volume 12-16 Mammals I-V. Gale, Farmington Hills, MI, USA.",LC,0
1374,Crocidura orii,Soricidae,Insectivora,4,1,1,411,"Hutchins M, Kleiman DG, Geist V, McDade MC. 2003. Grzimek’s Animal Life Encyclopedia Second Edition, Volume 12-16 Mammals I-V. Gale, Farmington Hills, MI, USA.",EN,1
1376,Crocidura palawanensis,Soricidae,Insectivora,4,1,1,411,"Hutchins M, Kleiman DG, Geist V, McDade MC. 2003. Grzimek’s Animal Life Encyclopedia Second Edition, Volume 12-16 Mammals I-V. Gale, Farmington Hills, MI, USA.",LC,0
1377,Crocidura paradoxura,Soricidae,Insectivora,4,1,1,411,"Hutchins M, Kleiman DG, Geist V, McDade MC. 2003. Grzimek’s Animal Life Encyclopedia Second Edition, Volume 12-16 Mammals I-V. Gale, Farmington Hills, MI, USA.",LC,0
1378,Crocidura parvipes,Soricidae,Insectivora,4,1,1,411,"Hutchins M, Kleiman DG, Geist V, McDade MC. 2003. Grzimek’s Animal Life Encyclopedia Second Edition, Volume 12-16 Mammals I-V. Gale, Farmington Hills, MI, USA.",LC,0
1379,Crocidura pasha,Soricidae,Insectivora,4,1,1,411,"Hutchins M, Kleiman DG, Geist V, McDade MC. 2003. Grzimek’s Animal Life Encyclopedia Second Edition, Volume 12-16 Mammals I-V. Gale, Farmington Hills, MI, USA.",LC,0
1381,Crocidura phaeura,Soricidae,Insectivora,4,1,1,411,"Hutchins M, Kleiman DG, Geist V, McDade MC. 2003. Grzimek’s Animal Life Encyclopedia Second Edition, Volume 12-16 Mammals I-V. Gale, Farmington Hills, MI, USA.",EN,1
1382,Crocidura picea,Soricidae,Insectivora,4,1,1,411,"Hutchins M, Kleiman DG, Geist V, McDade MC. 2003. Grzimek’s Animal Life Encyclopedia Second Edition, Volume 12-16 Mammals I-V. Gale, Farmington Hills, MI, USA.",EN,1
1385,Crocidura poensis,Soricidae,Insectivora,4,1,1,411,"Hutchins M, Kleiman DG, Geist V, McDade MC. 2003. Grzimek’s Animal Life Encyclopedia Second Edition, Volume 12-16 Mammals I-V. Gale, Farmington Hills, MI, USA.",LC,0
1390,Crocidura rhoditis,Soricidae,Insectivora,4,1,1,411,"Hutchins M, Kleiman DG, Geist V, McDade MC. 2003. Grzimek’s Animal Life Encyclopedia Second Edition, Volume 12-16 Mammals I-V. Gale, Farmington Hills, MI, USA.",LC,0
1391,Crocidura roosevelti,Soricidae,Insectivora,4,1,1,411,"Hutchins M, Kleiman DG, Geist V, McDade MC. 2003. Grzimek’s Animal Life Encyclopedia Second Edition, Volume 12-16 Mammals I-V. Gale, Farmington Hills, MI, USA.",LC,0
1392,Crocidura russula,Soricidae,Insectivora,4,1,1,411,"Hutchins M, Kleiman DG, Geist V, McDade MC. 2003. Grzimek’s Animal Life Encyclopedia Second Edition, Volume 12-16 Mammals I-V. Gale, Farmington Hills, MI, USA.; Long JL. 2003. Introduced Mammals of the World, Their history, distribution, and influence. CSIRO Publishing, Collingwood VIC, Australia.",LC,0
1394,Crocidura serezkyensis,Soricidae,Insectivora,4,1,1,411,"Hutchins M, Kleiman DG, Geist V, McDade MC. 2003. Grzimek’s Animal Life Encyclopedia Second Edition, Volume 12-16 Mammals I-V. Gale, Farmington Hills, MI, USA.",LC,0
1395,Crocidura sibirica,Soricidae,Insectivora,4,1,1,411,"Hutchins M, Kleiman DG, Geist V, McDade MC. 2003. Grzimek’s Animal Life Encyclopedia Second Edition, Volume 12-16 Mammals I-V. Gale, Farmington Hills, MI, USA.",LC,0
1396,Crocidura sicula,Soricidae,Insectivora,4,1,1,411,"Hutchins M, Kleiman DG, Geist V, McDade MC. 2003. Grzimek’s Animal Life Encyclopedia Second Edition, Volume 12-16 Mammals I-V. Gale, Farmington Hills, MI, USA.",LC,0
1397,Crocidura silacea,Soricidae,Insectivora,4,1,1,411,"Hutchins M, Kleiman DG, Geist V, McDade MC. 2003. Grzimek’s Animal Life Encyclopedia Second Edition, Volume 12-16 Mammals I-V. Gale, Farmington Hills, MI, USA.",LC,0
1398,Crocidura smithii,Soricidae,Insectivora,4,1,1,411,"Hutchins M, Kleiman DG, Geist V, McDade MC. 2003. Grzimek’s Animal Life Encyclopedia Second Edition, Volume 12-16 Mammals I-V. Gale, Farmington Hills, MI, USA.",LC,0
1399,Crocidura somalica,Soricidae,Insectivora,4,1,1,411,"Hutchins M, Kleiman DG, Geist V, McDade MC. 2003. Grzimek’s Animal Life Encyclopedia Second Edition, Volume 12-16 Mammals I-V. Gale, Farmington Hills, MI, USA.",LC,0
1400,Crocidura stenocephala,Soricidae,Insectivora,4,1,1,411,"Hutchins M, Kleiman DG, Geist V, McDade MC. 2003. Grzimek’s Animal Life Encyclopedia Second Edition, Volume 12-16 Mammals I-V. Gale, Farmington Hills, MI, USA.",EN,1
1401,Crocidura suaveolens,Soricidae,Insectivora,4,1,1,411,"Hutchins M, Kleiman DG, Geist V, McDade MC. 2003. Grzimek’s Animal Life Encyclopedia Second Edition, Volume 12-16 Mammals I-V. Gale, Farmington Hills, MI, USA.",LC,0
1403,Crocidura tansaniana,Soricidae,Insectivora,4,1,1,411,"Hutchins M, Kleiman DG, Geist V, McDade MC. 2003. Grzimek’s Animal Life Encyclopedia Second Edition, Volume 12-16 Mammals I-V. Gale, Farmington Hills, MI, USA.",NT,0
1404,Crocidura tarella,Soricidae,Insectivora,4,1,1,411,"Hutchins M, Kleiman DG, Geist V, McDade MC. 2003. Grzimek’s Animal Life Encyclopedia Second Edition, Volume 12-16 Mammals I-V. Gale, Farmington Hills, MI, USA.",EN,1
1406,Crocidura telfordi,Soricidae,Insectivora,4,1,1,411,"Hutchins M, Kleiman DG, Geist V, McDade MC. 2003. Grzimek’s Animal Life Encyclopedia Second Edition, Volume 12-16 Mammals I-V. Gale, Farmington Hills, MI, USA.",VU,1
1408,Crocidura thalia,Soricidae,Insectivora,4,1,1,411,"Hutchins M, Kleiman DG, Geist V, McDade MC. 2003. Grzimek’s Animal Life Encyclopedia Second Edition, Volume 12-16 Mammals I-V. Gale, Farmington Hills, MI, USA.",LC,0
1409,Crocidura theresae,Soricidae,Insectivora,4,1,1,411,"Hutchins M, Kleiman DG, Geist V, McDade MC. 2003. Grzimek’s Animal Life Encyclopedia Second Edition, Volume 12-16 Mammals I-V. Gale, Farmington Hills, MI, USA.",LC,0
1410,Crocidura thomensis,Soricidae,Insectivora,4,1,1,411,"Hutchins M, Kleiman DG, Geist V, McDade MC. 2003. Grzimek’s Animal Life Encyclopedia Second Edition, Volume 12-16 Mammals I-V. Gale, Farmington Hills, MI, USA.",EN,1
1411,Crocidura turba,Soricidae,Insectivora,4,1,1,411,"Hutchins M, Kleiman DG, Geist V, McDade MC. 2003. Grzimek’s Animal Life Encyclopedia Second Edition, Volume 12-16 Mammals I-V. Gale, Farmington Hills, MI, USA.",LC,0
1413,Crocidura usambarae,Soricidae,Insectivora,4,1,1,411,"Hutchins M, Kleiman DG, Geist V, McDade MC. 2003. Grzimek’s Animal Life Encyclopedia Second Edition, Volume 12-16 Mammals I-V. Gale, Farmington Hills, MI, USA.",VU,1
1414,Crocidura viaria,Soricidae,Insectivora,4,1,1,411,"Hutchins M, Kleiman DG, Geist V, McDade MC. 2003. Grzimek’s Animal Life Encyclopedia Second Edition, Volume 12-16 Mammals I-V. Gale, Farmington Hills, MI, USA.",LC,0
1415,Crocidura voi,Soricidae,Insectivora,4,1,1,411,"Hutchins M, Kleiman DG, Geist V, McDade MC. 2003. Grzimek’s Animal Life Encyclopedia Second Edition, Volume 12-16 Mammals I-V. Gale, Farmington Hills, MI, USA.",LC,0
1416,Crocidura whitakeri,Soricidae,Insectivora,4,1,1,411,"Hutchins M, Kleiman DG, Geist V, McDade MC. 2003. Grzimek’s Animal Life Encyclopedia Second Edition, Volume 12-16 Mammals I-V. Gale, Farmington Hills, MI, USA.; Long JL. 2003. Introduced Mammals of the World, Their history, distribution, and influence. CSIRO Publishing, Collingwood VIC, Australia.",LC,0
1417,Crocidura wimmeri,Soricidae,Insectivora,4,1,1,411,"Hutchins M, Kleiman DG, Geist V, McDade MC. 2003. Grzimek’s Animal Life Encyclopedia Second Edition, Volume 12-16 Mammals I-V. Gale, Farmington Hills, MI, USA.",CR,1
1418,Crocidura xantippe,Soricidae,Insectivora,4,1,1,411,"Hutchins M, Kleiman DG, Geist V, McDade MC. 2003. Grzimek’s Animal Life Encyclopedia Second Edition, Volume 12-16 Mammals I-V. Gale, Farmington Hills, MI, USA.",LC,0
1419,Crocidura yankariensis,Soricidae,Insectivora,4,1,1,411,"Hutchins M, Kleiman DG, Geist V, McDade MC. 2003. Grzimek’s Animal Life Encyclopedia Second Edition, Volume 12-16 Mammals I-V. Gale, Farmington Hills, MI, USA.",LC,0
1421,Crocidura zarudnyi,Soricidae,Insectivora,4,1,1,411,"Hutchins M, Kleiman DG, Geist V, McDade MC. 2003. Grzimek’s Animal Life Encyclopedia Second Edition, Volume 12-16 Mammals I-V. Gale, Farmington Hills, MI, USA.",LC,0
1423,Crocidura zimmermanni,Soricidae,Insectivora,4,1,1,411,"Hutchins M, Kleiman DG, Geist V, McDade MC. 2003. Grzimek’s Animal Life Encyclopedia Second Edition, Volume 12-16 Mammals I-V. Gale, Farmington Hills, MI, USA.",EN,1
1425,Cryptotis endersi,Soricidae,Insectivora,4,1,1,411,"Hutchins M, Kleiman DG, Geist V, McDade MC. 2003. Grzimek’s Animal Life Encyclopedia Second Edition, Volume 12-16 Mammals I-V. Gale, Farmington Hills, MI, USA.",EN,1
1426,Cryptotis goldmani,Soricidae,Insectivora,4,1,1,411,"Hutchins M, Kleiman DG, Geist V, McDade MC. 2003. Grzimek’s Animal Life Encyclopedia Second Edition, Volume 12-16 Mammals I-V. Gale, Farmington Hills, MI, USA.",LC,0
1427,Cryptotis goodwini,Soricidae,Insectivora,4,1,1,411,"Hutchins M, Kleiman DG, Geist V, McDade MC. 2003. Grzimek’s Animal Life Encyclopedia Second Edition, Volume 12-16 Mammals I-V. Gale, Farmington Hills, MI, USA.",LC,0
1428,Cryptotis gracilis,Soricidae,Insectivora,4,1,1,411,"Hutchins M, Kleiman DG, Geist V, McDade MC. 2003. Grzimek’s Animal Life Encyclopedia Second Edition, Volume 12-16 Mammals I-V. Gale, Farmington Hills, MI, USA.",VU,1
1430,Cryptotis magna,Soricidae,Insectivora,4,1,1,411,"Hutchins M, Kleiman DG, Geist V, McDade MC. 2003. Grzimek’s Animal Life Encyclopedia Second Edition, Volume 12-16 Mammals I-V. Gale, Farmington Hills, MI, USA.",VU,1
1431,Cryptotis mexicana,Soricidae,Insectivora,4,1,1,411,"Hutchins M, Kleiman DG, Geist V, McDade MC. 2003. Grzimek’s Animal Life Encyclopedia Second Edition, Volume 12-16 Mammals I-V. Gale, Farmington Hills, MI, USA.",LC,0
1432,Cryptotis montivaga,Soricidae,Insectivora,4,1,1,411,"Hutchins M, Kleiman DG, Geist V, McDade MC. 2003. Grzimek’s Animal Life Encyclopedia Second Edition, Volume 12-16 Mammals I-V. Gale, Farmington Hills, MI, USA.",LC,0
1433,Cryptotis nigrescens,Soricidae,Insectivora,4,1,1,411,"Hutchins M, Kleiman DG, Geist V, McDade MC. 2003. Grzimek’s Animal Life Encyclopedia Second Edition, Volume 12-16 Mammals I-V. Gale, Farmington Hills, MI, USA.",LC,0
1435,Cryptotis squamipes,Soricidae,Insectivora,4,1,1,411,"Hutchins M, Kleiman DG, Geist V, McDade MC. 2003. Grzimek’s Animal Life Encyclopedia Second Edition, Volume 12-16 Mammals I-V. Gale, Farmington Hills, MI, USA.",LC,0
1436,Cryptotis thomasi,Soricidae,Insectivora,4,1,1,411,"Hutchins M, Kleiman DG, Geist V, McDade MC. 2003. Grzimek’s Animal Life Encyclopedia Second Edition, Volume 12-16 Mammals I-V. Gale, Farmington Hills, MI, USA.",LC,0
1437,Sorex cinereus,Soricidae,Insectivora,4,1,1,411,"Hutchins M, Kleiman DG, Geist V, McDade MC. 2003. Grzimek’s Animal Life Encyclopedia Second Edition, Volume 12-16 Mammals I-V. Gale, Farmington Hills, MI, USA.; Long JL. 2003. Introduced Mammals of the World, Their history, distribution, and influence. CSIRO Publishing, Collingwood VIC, Australia.",LC,0
1438,Sorex hoyi,Soricidae,Insectivora,4,1,1,411,"Hutchins M, Kleiman DG, Geist V, McDade MC. 2003. Grzimek’s Animal Life Encyclopedia Second Edition, Volume 12-16 Mammals I-V. Gale, Farmington Hills, MI, USA., Nowak RM. 1999. Walker’s Mammals of the World, Vol. 1. Sixth Ed. The Johns Hopkins University Press, Maryland, USA. ",LC,0
1439,Suncus murinus,Soricidae,Insectivora,4,1,1,411,"Hutchins M, Kleiman DG, Geist V, McDade MC. 2003. Grzimek’s Animal Life Encyclopedia Second Edition, Volume 12-16 Mammals I-V. Gale, Farmington Hills, MI, USA.; Long JL. 2003. Introduced Mammals of the World, Their history, distribution, and influence. CSIRO Publishing, Collingwood VIC, Australia.",LC,0
1440,Suncus varilla,Soricidae,Insectivora,4,1,1,411,"Hutchins M, Kleiman DG, Geist V, McDade MC. 2003. Grzimek’s Animal Life Encyclopedia Second Edition, Volume 12-16 Mammals I-V. Gale, Farmington Hills, MI, USA. ; Skinner, J. D., Chimimba, C. T. 2005. The Mammals of Southern African Subregion. Cambridge University Press, Cape Town, South Africa. ",LC,0
1441,Setifer setosus,Tenrecidae,Insectivora,4,1,1,411,"Hutchins M, Kleiman DG, Geist V, McDade MC. 2003. Grzimek’s Animal Life Encyclopedia Second Edition, Volume 12-16 Mammals I-V. Gale, Farmington Hills, MI, USA.; Garbutt, N. 2007. Mammal of Madagascar: A complete guide. Yale University Press, New Haven, CT.",LC,0
1442,Tenrec ecaudatus,Tenrecidae,Insectivora,4,1,1,411,"Hutchins M, Kleiman DG, Geist V, McDade MC. 2003. Grzimek’s Animal Life Encyclopedia Second Edition, Volume 12-16 Mammals I-V. Gale, Farmington Hills, MI, USA.; Garbutt, N. 2007. Mammal of Madagascar: A complete guide. Yale University Press, New Haven, CT.",LC,0
1443,Eupleres goudotii,Viverridae,Carnivora,4,1,1,411,"Hutchins M, Kleiman DG, Geist V, McDade MC. 2003. Grzimek’s Animal Life Encyclopedia Second Edition, Volume 12-16 Mammals I-V. Gale, Farmington Hills, MI, USA.",VU,1
1444,Viverricula indica,Viverridae,Carnivora,4,1,1,411,"Hutchins M, Kleiman DG, Geist V, McDade MC. 2003. Grzimek’s Animal Life Encyclopedia Second Edition, Volume 12-16 Mammals I-V. Gale, Farmington Hills, MI, USA., Long JL. 2003. Introduced Mammals of the World, Their history, distribution, and influence. CSIRO Publishing, Collingwood VIC, Australia.",LC,0
1446,Amblysomus hottentotus,Chrysochloridae,Insectivora,5,1,1,511,"Hutchins M, Kleiman DG, Geist V, McDade MC. 2003. Grzimek’s Animal Life Encyclopedia Second Edition, Volume 12-16 Mammals I-V. Gale, Farmington Hills, MI, USA.",LC,0
1450,Chlorotalpa duthieae,Chrysochloridae,Insectivora,5,1,1,511,"Hutchins M, Kleiman DG, Geist V, McDade MC. 2003. Grzimek’s Animal Life Encyclopedia Second Edition, Volume 12-16 Mammals I-V. Gale, Farmington Hills, MI, USA.",VU,1
1452,Chlorotalpa sclateri,Chrysochloridae,Insectivora,5,1,1,511,"Hutchins M, Kleiman DG, Geist V, McDade MC. 2003. Grzimek’s Animal Life Encyclopedia Second Edition, Volume 12-16 Mammals I-V. Gale, Farmington Hills, MI, USA.",LC,0
1454,Chrysochloris asiatica,Chrysochloridae,Insectivora,5,1,1,511,"Hutchins M, Kleiman DG, Geist V, McDade MC. 2003. Grzimek’s Animal Life Encyclopedia Second Edition, Volume 12-16 Mammals I-V. Gale, Farmington Hills, MI, USA., Nowak RM. 1999. Walker’s Mammals of the World, Vol. 1. Sixth Ed. The Johns Hopkins University Press, Maryland, USA. ",LC,0
1455,Chrysochloris stuhlmanni,Chrysochloridae,Insectivora,5,1,1,511,"Hutchins M, Kleiman DG, Geist V, McDade MC. 2003. Grzimek’s Animal Life Encyclopedia Second Edition, Volume 12-16 Mammals I-V. Gale, Farmington Hills, MI, USA., Nowak RM. 1999. Walker’s Mammals of the World, Vol. 1. Sixth Ed. The Johns Hopkins University Press, Maryland, USA. ",LC,0
1457,Chrysospalax trevelyani,Chrysochloridae,Insectivora,5,1,1,511,"Hutchins M, Kleiman DG, Geist V, McDade MC. 2003. Grzimek’s Animal Life Encyclopedia Second Edition, Volume 12-16 Mammals I-V. Gale, Farmington Hills, MI, USA.",EN,1
1458,Chrysospalax villosus,Chrysochloridae,Insectivora,5,1,1,511,"Hutchins M, Kleiman DG, Geist V, McDade MC. 2003. Grzimek’s Animal Life Encyclopedia Second Edition, Volume 12-16 Mammals I-V. Gale, Farmington Hills, MI, USA.",VU,1
1459,Cryptochloris wintoni,Chrysochloridae,Insectivora,5,1,1,511,"Hutchins M, Kleiman DG, Geist V, McDade MC. 2003. Grzimek’s Animal Life Encyclopedia Second Edition, Volume 12-16 Mammals I-V. Gale, Farmington Hills, MI, USA.",CR,1
1460,Cryptochloris zyli,Chrysochloridae,Insectivora,5,1,1,511,"Hutchins M, Kleiman DG, Geist V, McDade MC. 2003. Grzimek’s Animal Life Encyclopedia Second Edition, Volume 12-16 Mammals I-V. Gale, Farmington Hills, MI, USA.",EN,1
1461,Eremitalpa granti,Chrysochloridae,Insectivora,5,1,1,511,"Hutchins M, Kleiman DG, Geist V, McDade MC. 2003. Grzimek’s Animal Life Encyclopedia Second Edition, Volume 12-16 Mammals I-V. Gale, Farmington Hills, MI, USA.",LC,0
1462,Blarinomys breviceps,Muridae,Rodentia,5,1,1,511,"Hutchins M, Kleiman DG, Geist V, McDade MC. 2003. Grzimek’s Animal Life Encyclopedia Second Edition, Volume 12-16 Mammals I-V. Gale, Farmington Hills, MI, USA.",LC,0
1463,Deltamys kempi,Muridae,Rodentia,5,1,1,511,"Hutchins M, Kleiman DG, Geist V, McDade MC. 2003. Grzimek’s Animal Life Encyclopedia Second Edition, Volume 12-16 Mammals I-V. Gale, Farmington Hills, MI, USA.",LC,0
1464,Mustela nigripes,Mustelidae,Carnivora,5,1,1,511,"Hutchins M, Kleiman DG, Geist V, McDade MC. 2003. Grzimek’s Animal Life Encyclopedia Second Edition, Volume 12-16 Mammals I-V. Gale, Farmington Hills, MI, USA., Long JL. 2003. Introduced Mammals of the World, Their history, distribution, and influence. CSIRO Publishing, Collingwood VIC, Australia.",EN,1
1465,Anourosorex squamipes,Soricidae,Insectivora,5,1,1,511,"Hutchins M, Kleiman DG, Geist V, McDade MC. 2003. Grzimek’s Animal Life Encyclopedia Second Edition, Volume 12-16 Mammals I-V. Gale, Farmington Hills, MI, USA., Nowak RM. 1999. Walker’s Mammals of the World, Vol. 1. Sixth Ed. The Johns Hopkins University Press, Maryland, USA. ",LC,0
1466,Blarinella quadraticauda,Soricidae,Insectivora,5,1,1,511,"Hutchins M, Kleiman DG, Geist V, McDade MC. 2003. Grzimek’s Animal Life Encyclopedia Second Edition, Volume 12-16 Mammals I-V. Gale, Farmington Hills, MI, USA.",NT,0
1467,Cryptotis meridensis,Soricidae,Insectivora,5,1,1,511,"Hutchins M, Kleiman DG, Geist V, McDade MC. 2003. Grzimek’s Animal Life Encyclopedia Second Edition, Volume 12-16 Mammals I-V. Gale, Farmington Hills, MI, USA.",VU,1
1468,Surdisorex norae,Soricidae,Insectivora,5,1,1,511,"Hutchins M, Kleiman DG, Geist V, McDade MC. 2003. Grzimek’s Animal Life Encyclopedia Second Edition, Volume 12-16 Mammals I-V. Gale, Farmington Hills, MI, USA.",LC,0
1470,Emballonura beccarii,Emballonuridae,Chiroptera,6,6,1,661,"Hutchins M, Kleiman DG, Geist V, McDade MC. 2003. Grzimek’s Animal Life Encyclopedia Second Edition, Volume 12-16 Mammals I-V. Gale, Farmington Hills, MI, USA.; Flannery T. 1995. Mammals of New Guinea. Cornell University Press, Ithaca, NY.",LC,0
1471,Emballonura dianae,Emballonuridae,Chiroptera,6,6,1,661,"Hutchins M, Kleiman DG, Geist V, McDade MC. 2003. Grzimek’s Animal Life Encyclopedia Second Edition, Volume 12-16 Mammals I-V. Gale, Farmington Hills, MI, USA.; Flannery T. 1995. Mammals of New Guinea. Cornell University Press, Ithaca, NY.",LC,0
1472,Mosia nigrescens,Emballonuridae,Chiroptera,6,6,1,661,"Hutchins M, Kleiman DG, Geist V, McDade MC. 2003. Grzimek’s Animal Life Encyclopedia Second Edition, Volume 12-16 Mammals I-V. Gale, Farmington Hills, MI, USA.; Flannery T. 1995. Mammals of New Guinea. Cornell University Press, Ithaca, NY.",LC,0
1473,Orycteropus afer,Orycteropodidae,Tubulidentata,6,1,1,611,"Hutchins M, Kleiman DG, Geist V, McDade MC. 2003. Grzimek’s Animal Life Encyclopedia Second Edition, Volume 12-16 Mammals I-V. Gale, Farmington Hills, MI, USA.",LC,0
1474,Macrotis lagotis,Peramelidae,Peramelemorphia,6,3,1,631,"Hutchins M, Kleiman DG, Geist V, McDade MC. 2003. Grzimek’s Animal Life Encyclopedia Second Edition, Volume 12-16 Mammals I-V. Gale, Farmington Hills, MI, USA., Nowak RM. 1999. Walker’s Mammals of the World, Vol. 1. Sixth Ed. The Johns Hopkins University Press, Maryland, USA.",VU,1
1475,Macrotis leucura,Peramelidae,Peramelemorphia,6,3,1,631,"Hutchins M, Kleiman DG, Geist V, McDade MC. 2003. Grzimek’s Animal Life Encyclopedia Second Edition, Volume 12-16 Mammals I-V. Gale, Farmington Hills, MI, USA., Nowak RM. 1999. Walker’s Mammals of the World, Vol. 1. Sixth Ed. The Johns Hopkins University Press, Maryland, USA.",EX,1
1476,Aselliscus tricuspidatus,Rhinolophidae,Chiroptera,6,6,1,661,"Hutchins M, Kleiman DG, Geist V, McDade MC. 2003. Grzimek’s Animal Life Encyclopedia Second Edition, Volume 12-16 Mammals I-V. Gale, Farmington Hills, MI, USA.; Flannery T. 1995. Mammals of New Guinea. Cornell University Press, Ithaca, NY.",LC,0
1477,Hipposideros ater,Rhinolophidae,Chiroptera,6,6,1,661,"Hutchins M, Kleiman DG, Geist V, McDade MC. 2003. Grzimek’s Animal Life Encyclopedia Second Edition, Volume 12-16 Mammals I-V. Gale, Farmington Hills, MI, USA.; Flannery T. 1995. Mammals of New Guinea. Cornell University Press, Ithaca, NY.",LC,0
1478,Hipposideros calcaratus,Rhinolophidae,Chiroptera,6,6,1,661,"Hutchins M, Kleiman DG, Geist V, McDade MC. 2003. Grzimek’s Animal Life Encyclopedia Second Edition, Volume 12-16 Mammals I-V. Gale, Farmington Hills, MI, USA.; Flannery T. 1995. Mammals of New Guinea. Cornell University Press, Ithaca, NY.",LC,0
1479,Hipposideros cervinus,Rhinolophidae,Chiroptera,6,6,1,661,"Hutchins M, Kleiman DG, Geist V, McDade MC. 2003. Grzimek’s Animal Life Encyclopedia Second Edition, Volume 12-16 Mammals I-V. Gale, Farmington Hills, MI, USA.; Flannery T. 1995. Mammals of New Guinea. Cornell University Press, Ithaca, NY.",LC,0
1480,Hipposideros corynophyllus,Rhinolophidae,Chiroptera,6,6,1,661,"Hutchins M, Kleiman DG, Geist V, McDade MC. 2003. Grzimek’s Animal Life Encyclopedia Second Edition, Volume 12-16 Mammals I-V. Gale, Farmington Hills, MI, USA.; Flannery T. 1995. Mammals of New Guinea. Cornell University Press, Ithaca, NY.",LC,0
1481,Hipposideros maggietaylorae,Rhinolophidae,Chiroptera,6,6,1,661,"Hutchins M, Kleiman DG, Geist V, McDade MC. 2003. Grzimek’s Animal Life Encyclopedia Second Edition, Volume 12-16 Mammals I-V. Gale, Farmington Hills, MI, USA.; Flannery T. 1995. Mammals of New Guinea. Cornell University Press, Ithaca, NY.",LC,0
1482,Hipposideros muscinus,Rhinolophidae,Chiroptera,6,6,1,661,"Hutchins M, Kleiman DG, Geist V, McDade MC. 2003. Grzimek’s Animal Life Encyclopedia Second Edition, Volume 12-16 Mammals I-V. Gale, Farmington Hills, MI, USA.; Flannery T. 1995. Mammals of New Guinea. Cornell University Press, Ithaca, NY.",LC,0
1483,Hipposideros papua,Rhinolophidae,Chiroptera,6,6,1,661,"Hutchins M, Kleiman DG, Geist V, McDade MC. 2003. Grzimek’s Animal Life Encyclopedia Second Edition, Volume 12-16 Mammals I-V. Gale, Farmington Hills, MI, USA.; Flannery T. 1995. Mammals of New Guinea. Cornell University Press, Ithaca, NY.",LC,0
1484,Hipposideros semoni,Rhinolophidae,Chiroptera,6,6,1,661,"Hutchins M, Kleiman DG, Geist V, McDade MC. 2003. Grzimek’s Animal Life Encyclopedia Second Edition, Volume 12-16 Mammals I-V. Gale, Farmington Hills, MI, USA.; Flannery T. 1995. Mammals of New Guinea. Cornell University Press, Ithaca, NY.",LC,0
1485,Hipposideros wollastoni,Rhinolophidae,Chiroptera,6,6,1,661,"Hutchins M, Kleiman DG, Geist V, McDade MC. 2003. Grzimek’s Animal Life Encyclopedia Second Edition, Volume 12-16 Mammals I-V. Gale, Farmington Hills, MI, USA.; Flannery T. 1995. Mammals of New Guinea. Cornell University Press, Ithaca, NY.",LC,0
1486,Rhinolophus arcuatus,Rhinolophidae,Chiroptera,6,6,1,661,"Hutchins M, Kleiman DG, Geist V, McDade MC. 2003. Grzimek’s Animal Life Encyclopedia Second Edition, Volume 12-16 Mammals I-V. Gale, Farmington Hills, MI, USA.; Flannery T. 1995. Mammals of New Guinea. Cornell University Press, Ithaca, NY.",LC,0
1487,Rhinolophus euryotis,Rhinolophidae,Chiroptera,6,6,1,661,"Hutchins M, Kleiman DG, Geist V, McDade MC. 2003. Grzimek’s Animal Life Encyclopedia Second Edition, Volume 12-16 Mammals I-V. Gale, Farmington Hills, MI, USA.; Flannery T. 1995. Mammals of New Guinea. Cornell University Press, Ithaca, NY.",LC,0
1488,Rhinolophus megaphyllus,Rhinolophidae,Chiroptera,6,6,1,661,"Hutchins M, Kleiman DG, Geist V, McDade MC. 2003. Grzimek’s Animal Life Encyclopedia Second Edition, Volume 12-16 Mammals I-V. Gale, Farmington Hills, MI, USA.; Flannery T. 1995. Mammals of New Guinea. Cornell University Press, Ithaca, NY.",LC,0
1489,Rhinolophus philippinensis,Rhinolophidae,Chiroptera,6,6,1,661,"Hutchins M, Kleiman DG, Geist V, McDade MC. 2003. Grzimek’s Animal Life Encyclopedia Second Edition, Volume 12-16 Mammals I-V. Gale, Farmington Hills, MI, USA.; Flannery T. 1995. Mammals of New Guinea. Cornell University Press, Ithaca, NY.",LC,0
1490,Miniopterus australis,Vespertilionidae,Chiroptera,6,6,1,661,"Hutchins M, Kleiman DG, Geist V, McDade MC. 2003. Grzimek’s Animal Life Encyclopedia Second Edition, Volume 12-16 Mammals I-V. Gale, Farmington Hills, MI, USA.; Flannery T. 1995. Mammals of New Guinea. Cornell University Press, Ithaca, NY.",LC,0
1491,Miniopterus fraterculus,Vespertilionidae,Chiroptera,6,6,1,661,"Hutchins M, Kleiman DG, Geist V, McDade MC. 2003. Grzimek’s Animal Life Encyclopedia Second Edition, Volume 12-16 Mammals I-V. Gale, Farmington Hills, MI, USA.; Flannery T. 1995. Mammals of New Guinea. Cornell University Press, Ithaca, NY.",LC,0
1492,Miniopterus fuscus,Vespertilionidae,Chiroptera,6,6,1,661,"Hutchins M, Kleiman DG, Geist V, McDade MC. 2003. Grzimek’s Animal Life Encyclopedia Second Edition, Volume 12-16 Mammals I-V. Gale, Farmington Hills, MI, USA.; Flannery T. 1995. Mammals of New Guinea. Cornell University Press, Ithaca, NY.",EN,1
1493,Miniopterus inflatus,Vespertilionidae,Chiroptera,6,6,1,661,"Hutchins M, Kleiman DG, Geist V, McDade MC. 2003. Grzimek’s Animal Life Encyclopedia Second Edition, Volume 12-16 Mammals I-V. Gale, Farmington Hills, MI, USA.; Flannery T. 1995. Mammals of New Guinea. Cornell University Press, Ithaca, NY.",LC,0
1494,Miniopterus magnater,Vespertilionidae,Chiroptera,6,6,1,661,"Hutchins M, Kleiman DG, Geist V, McDade MC. 2003. Grzimek’s Animal Life Encyclopedia Second Edition, Volume 12-16 Mammals I-V. Gale, Farmington Hills, MI, USA.; Flannery T. 1995. Mammals of New Guinea. Cornell University Press, Ithaca, NY.",LC,0
1496,Miniopterus pusillus,Vespertilionidae,Chiroptera,6,6,1,661,"Hutchins M, Kleiman DG, Geist V, McDade MC. 2003. Grzimek’s Animal Life Encyclopedia Second Edition, Volume 12-16 Mammals I-V. Gale, Farmington Hills, MI, USA.; Flannery T. 1995. Mammals of New Guinea. Cornell University Press, Ithaca, NY.",LC,0
1497,Miniopterus robustior,Vespertilionidae,Chiroptera,6,6,1,661,"Hutchins M, Kleiman DG, Geist V, McDade MC. 2003. Grzimek’s Animal Life Encyclopedia Second Edition, Volume 12-16 Mammals I-V. Gale, Farmington Hills, MI, USA.; Flannery T. 1995. Mammals of New Guinea. Cornell University Press, Ithaca, NY.",EN,1
1499,Miniopterus tristis,Vespertilionidae,Chiroptera,6,6,1,661,"Hutchins M, Kleiman DG, Geist V, McDade MC. 2003. Grzimek’s Animal Life Encyclopedia Second Edition, Volume 12-16 Mammals I-V. Gale, Farmington Hills, MI, USA.; Flannery T. 1995. Mammals of New Guinea. Cornell University Press, Ithaca, NY.",LC,0
1500,Distoechurus pennatus,Acrobatidae,Diprotodontia,2,1,3,213,"Hutchins M, Kleiman DG, Geist V, McDade MC. 2003. Grzimek’s Animal Life Encyclopedia Second Edition, Volume 12-16 Mammals I-V. Gale, Farmington Hills, MI, USA.; Flannery T. 1995. Mammals of New Guinea. Cornell University Press, Ithaca, NY.",LC,0
1501,Anomalurus beecrofti,Anomaluridae,Rodentia,2,6,3,263,"Hutchins M, Kleiman DG, Geist V, McDade MC. 2003. Grzimek’s Animal Life Encyclopedia Second Edition, Volume 12-16 Mammals I-V. Gale, Farmington Hills, MI, USA.; Alderton, D. 1996. Rodents of the world. Facts on File, INC., NY, USA.",LC,0
1502,Anomalurus derbianus,Anomaluridae,Rodentia,2,6,3,263,"Hutchins M, Kleiman DG, Geist V, McDade MC. 2003. Grzimek’s Animal Life Encyclopedia Second Edition, Volume 12-16 Mammals I-V. Gale, Farmington Hills, MI, USA.; Alderton, D. 1996. Rodents of the world. Facts on File, INC., NY, USA.",LC,0
1504,Anomalurus pusillus,Anomaluridae,Rodentia,2,6,3,263,"Hutchins M, Kleiman DG, Geist V, McDade MC. 2003. Grzimek’s Animal Life Encyclopedia Second Edition, Volume 12-16 Mammals I-V. Gale, Farmington Hills, MI, USA.; Alderton, D. 1996. Rodents of the world. Facts on File, INC., NY, USA.",LC,0
1505,Idiurus macrotis,Anomaluridae,Rodentia,2,6,3,263,"Hutchins M, Kleiman DG, Geist V, McDade MC. 2003. Grzimek’s Animal Life Encyclopedia Second Edition, Volume 12-16 Mammals I-V. Gale, Farmington Hills, MI, USA.; Alderton, D. 1996. Rodents of the world. Facts on File, INC., NY, USA.",LC,0
1506,Idiurus zenkeri,Anomaluridae,Rodentia,2,6,3,263,"Hutchins M, Kleiman DG, Geist V, McDade MC. 2003. Grzimek’s Animal Life Encyclopedia Second Edition, Volume 12-16 Mammals I-V. Gale, Farmington Hills, MI, USA.; Alderton, D. 1996. Rodents of the world. Facts on File, INC., NY, USA.",LC,0
1507,Zenkerella insignis,Anomaluridae,Rodentia,2,3,3,263,"Hutchins M, Kleiman DG, Geist V, McDade MC. 2003. Grzimek’s Animal Life Encyclopedia Second Edition, Volume 12-16 Mammals I-V. Gale, Farmington Hills, MI, USA.; Alderton, D. 1996. Rodents of the world. Facts on File, INC., NY, USA.",LC,0
1509,Aotus brumbacki,Aotidae,Primates,2,2,3,223,"Hutchins M, Kleiman DG, Geist V, McDade MC. 2003. Grzimek’s Animal Life Encyclopedia Second Edition, Volume 12-16 Mammals I-V. Gale, Farmington Hills, MI, USA.",VU,1
1512,Aotus lemurinus,Aotidae,Primates,2,2,3,223,"Hutchins M, Kleiman DG, Geist V, McDade MC. 2003. Grzimek’s Animal Life Encyclopedia Second Edition, Volume 12-16 Mammals I-V. Gale, Farmington Hills, MI, USA.",VU,1
1513,Aotus miconax,Aotidae,Primates,2,2,3,223,"Hutchins M, Kleiman DG, Geist V, McDade MC. 2003. Grzimek’s Animal Life Encyclopedia Second Edition, Volume 12-16 Mammals I-V. Gale, Farmington Hills, MI, USA.",EN,1
1514,Aotus nancymaae,Aotidae,Primates,2,2,3,223,"Hutchins M, Kleiman DG, Geist V, McDade MC. 2003. Grzimek’s Animal Life Encyclopedia Second Edition, Volume 12-16 Mammals I-V. Gale, Farmington Hills, MI, USA.",VU,1
1515,Aotus nigriceps,Aotidae,Primates,2,2,3,223,"Hutchins M, Kleiman DG, Geist V, McDade MC. 2003. Grzimek’s Animal Life Encyclopedia Second Edition, Volume 12-16 Mammals I-V. Gale, Farmington Hills, MI, USA.",LC,0
1516,Aotus trivirgatus,Aotidae,Primates,2,2,3,223,"Hutchins M, Kleiman DG, Geist V, McDade MC. 2003. Grzimek’s Animal Life Encyclopedia Second Edition, Volume 12-16 Mammals I-V. Gale, Farmington Hills, MI, USA.",LC,0
1517,Aotus vociferans,Aotidae,Primates,2,2,3,223,"Hutchins M, Kleiman DG, Geist V, McDade MC. 2003. Grzimek’s Animal Life Encyclopedia Second Edition, Volume 12-16 Mammals I-V. Gale, Farmington Hills, MI, USA.",LC,0
1518,Alouatta belzebul,Atelidae,Primates,2,2,3,223,"Hutchins M, Kleiman DG, Geist V, McDade MC. 2003. Grzimek’s Animal Life Encyclopedia Second Edition, Volume 12-16 Mammals I-V. Gale, Farmington Hills, MI, USA.",VU,1
1519,Alouatta caraya,Atelidae,Primates,2,2,3,223,"Hutchins M, Kleiman DG, Geist V, McDade MC. 2003. Grzimek’s Animal Life Encyclopedia Second Edition, Volume 12-16 Mammals I-V. Gale, Farmington Hills, MI, USA.",NT,0
1522,Alouatta palliata,Atelidae,Primates,2,2,3,223,"Hutchins M, Kleiman DG, Geist V, McDade MC. 2003. Grzimek’s Animal Life Encyclopedia Second Edition, Volume 12-16 Mammals I-V. Gale, Farmington Hills, MI, USA.",VU,1
1523,Alouatta pigra,Atelidae,Primates,2,2,3,223,"Hutchins M, Kleiman DG, Geist V, McDade MC. 2003. Grzimek’s Animal Life Encyclopedia Second Edition, Volume 12-16 Mammals I-V. Gale, Farmington Hills, MI, USA.",EN,1
1524,Alouatta sara,Atelidae,Primates,2,2,3,223,"Hutchins M, Kleiman DG, Geist V, McDade MC. 2003. Grzimek’s Animal Life Encyclopedia Second Edition, Volume 12-16 Mammals I-V. Gale, Farmington Hills, MI, USA.",LC,0
1525,Alouatta seniculus,Atelidae,Primates,2,2,3,223,"Hutchins M, Kleiman DG, Geist V, McDade MC. 2003. Grzimek’s Animal Life Encyclopedia Second Edition, Volume 12-16 Mammals I-V. Gale, Farmington Hills, MI, USA.",LC,0
1526,Ateles belzebuth,Atelidae,Primates,2,2,3,223,"Hutchins M, Kleiman DG, Geist V, McDade MC. 2003. Grzimek’s Animal Life Encyclopedia Second Edition, Volume 12-16 Mammals I-V. Gale, Farmington Hills, MI, USA.",EN,1
1527,Ateles chamek,Atelidae,Primates,2,2,3,223,"Hutchins M, Kleiman DG, Geist V, McDade MC. 2003. Grzimek’s Animal Life Encyclopedia Second Edition, Volume 12-16 Mammals I-V. Gale, Farmington Hills, MI, USA.",EN,1
1528,Ateles fusciceps,Atelidae,Primates,2,2,3,223,"Hutchins M, Kleiman DG, Geist V, McDade MC. 2003. Grzimek’s Animal Life Encyclopedia Second Edition, Volume 12-16 Mammals I-V. Gale, Farmington Hills, MI, USA.",EN,1
1529,Ateles geoffroyi,Atelidae,Primates,2,2,3,223,"Hutchins M, Kleiman DG, Geist V, McDade MC. 2003. Grzimek’s Animal Life Encyclopedia Second Edition, Volume 12-16 Mammals I-V. Gale, Farmington Hills, MI, USA.; Beacham W., Beetz KH. 1998. Beacham's guide to international endangered species. Beacham Publishing Group. Osprey, Florida.",EN,1
1530,Ateles marginatus,Atelidae,Primates,2,2,3,223,"Hutchins M, Kleiman DG, Geist V, McDade MC. 2003. Grzimek’s Animal Life Encyclopedia Second Edition, Volume 12-16 Mammals I-V. Gale, Farmington Hills, MI, USA.",EN,1
1531,Ateles paniscus,Atelidae,Primates,2,2,3,223,"Hutchins M, Kleiman DG, Geist V, McDade MC. 2003. Grzimek’s Animal Life Encyclopedia Second Edition, Volume 12-16 Mammals I-V. Gale, Farmington Hills, MI, USA.",VU,1
1532,Brachyteles arachnoides,Atelidae,Primates,2,2,3,223,"Hutchins M, Kleiman DG, Geist V, McDade MC. 2003. Grzimek’s Animal Life Encyclopedia Second Edition, Volume 12-16 Mammals I-V. Gale, Farmington Hills, MI, USA.",CR,1
1533,Lagothrix flavicauda,Atelidae,Primates,2,2,3,223,"Hutchins M, Kleiman DG, Geist V, McDade MC. 2003. Grzimek’s Animal Life Encyclopedia Second Edition, Volume 12-16 Mammals I-V. Gale, Farmington Hills, MI, USA.",CR,1
1535,Bradypus torquatus,Bradypodidae,Xenarthra,2,2,3,223,"Hutchins M, Kleiman DG, Geist V, McDade MC. 2003. Grzimek’s Animal Life Encyclopedia Second Edition, Volume 12-16 Mammals I-V. Gale, Farmington Hills, MI, USA.",VU,1
1536,Bradypus tridactylus,Bradypodidae,Xenarthra,2,2,3,223,"Hutchins M, Kleiman DG, Geist V, McDade MC. 2003. Grzimek’s Animal Life Encyclopedia Second Edition, Volume 12-16 Mammals I-V. Gale, Farmington Hills, MI, USA.",LC,0
1537,Bradypus variegatus,Bradypodidae,Xenarthra,2,2,3,223,"Hutchins M, Kleiman DG, Geist V, McDade MC. 2003. Grzimek’s Animal Life Encyclopedia Second Edition, Volume 12-16 Mammals I-V. Gale, Farmington Hills, MI, USA.",LC,0
1538,Cercartetus nanus,Burramyidae,Diprotodontia,2,1,3,213,"Hutchins M, Kleiman DG, Geist V, McDade MC. 2003. Grzimek’s Animal Life Encyclopedia Second Edition, Volume 12-16 Mammals I-V. Gale, Farmington Hills, MI, USA.",LC,0
1539,Callimico goeldii,Callitrichidae,Primates,2,2,3,223,"Hutchins M, Kleiman DG, Geist V, McDade MC. 2003. Grzimek’s Animal Life Encyclopedia Second Edition, Volume 12-16 Mammals I-V. Gale, Farmington Hills, MI, USA.; Beacham W., Beetz KH. 1998. Beacham's guide to international endangered species. Beacham Publishing Group. Osprey, Florida.",VU,1
1540,Callithrix aurita,Callitrichidae,Primates,2,2,3,223,"Hutchins M, Kleiman DG, Geist V, McDade MC. 2003. Grzimek’s Animal Life Encyclopedia Second Edition, Volume 12-16 Mammals I-V. Gale, Farmington Hills, MI, USA.; Beacham W., Beetz KH. 1998. Beacham's guide to international endangered species. Beacham Publishing Group. Osprey, Florida.",EN,1
1541,Leontopithecus caissara,Callitrichidae,Primates,2,2,3,223,"Hutchins M, Kleiman DG, Geist V, McDade MC. 2003. Grzimek’s Animal Life Encyclopedia Second Edition, Volume 12-16 Mammals I-V. Gale, Farmington Hills, MI, USA.; Beacham W., Beetz KH. 1998. Beacham's guide to international endangered species. Beacham Publishing Group. Osprey, Florida.",CR,1
1543,Leontopithecus rosalia,Callitrichidae,Primates,2,2,3,223,"Hutchins M, Kleiman DG, Geist V, McDade MC. 2003. Grzimek’s Animal Life Encyclopedia Second Edition, Volume 12-16 Mammals I-V. Gale, Farmington Hills, MI, USA.; Beacham W., Beetz KH. 1998. Beacham's guide to international endangered species. Beacham Publishing Group. Osprey, Florida.",EN,1
1544,Saguinus bicolor,Callitrichidae,Primates,2,2,3,223,"Hutchins M, Kleiman DG, Geist V, McDade MC. 2003. Grzimek’s Animal Life Encyclopedia Second Edition, Volume 12-16 Mammals I-V. Gale, Farmington Hills, MI, USA.; Beacham W., Beetz KH. 1998. Beacham's guide to international endangered species. Beacham Publishing Group. Osprey, Florida.",CR,1
1545,Saguinus leucopus,Callitrichidae,Primates,2,2,3,223,"Hutchins M, Kleiman DG, Geist V, McDade MC. 2003. Grzimek’s Animal Life Encyclopedia Second Edition, Volume 12-16 Mammals I-V. Gale, Farmington Hills, MI, USA.; Beacham W., Beetz KH. 1998. Beacham's guide to international endangered species. Beacham Publishing Group. Osprey, Florida.",EN,1
1546,Geocapromys brownii,Capromyidae,Rodentia,2,1,3,213,"Macdonald, D. W. 2006. The Princeton Encyclopedia of Mammals. Princeton University Press, Princeton, NJ.",EN,1
1547,Geocapromys ingrahami,Capromyidae,Rodentia,2,1,3,213,"Macdonald, D. W. 2006. The Princeton Encyclopedia of Mammals. Princeton University Press, Princeton, NJ.",VU,1
1548,Geocapromys thoracatus,Capromyidae,Rodentia,2,1,3,213,"Macdonald, D. W. 2006. The Princeton Encyclopedia of Mammals. Princeton University Press, Princeton, NJ.",EX,1
1549,Hexolobodon phenax,Capromyidae,Rodentia,2,1,3,213,"Macdonald, D. W. 2006. The Princeton Encyclopedia of Mammals. Princeton University Press, Princeton, NJ.",EX,1
1550,Isolobodon montanus,Capromyidae,Rodentia,2,1,3,213,"Macdonald, D. W. 2006. The Princeton Encyclopedia of Mammals. Princeton University Press, Princeton, NJ.",EX,1
1551,Isolobodon portoricensis,Capromyidae,Rodentia,2,1,3,213,"Macdonald, D. W. 2006. The Princeton Encyclopedia of Mammals. Princeton University Press, Princeton, NJ.",EX,1
1552,Mesocapromys angelcabrerai,Capromyidae,Rodentia,2,1,3,213,"Macdonald, D. W. 2006. The Princeton Encyclopedia of Mammals. Princeton University Press, Princeton, NJ.",CR,1
1553,Mesocapromys auritus,Capromyidae,Rodentia,2,1,3,213,"Hutchins M, Kleiman DG, Geist V, McDade MC. 2003. Grzimek’s Animal Life Encyclopedia Second Edition, Volume 12-16 Mammals I-V. Gale, Farmington Hills, MI, USA.",EN,1
1554,Mesocapromys nanus,Capromyidae,Rodentia,2,1,3,213,"Macdonald, D. W. 2006. The Princeton Encyclopedia of Mammals. Princeton University Press, Princeton, NJ.",CR,1
1555,Mesocapromys sanfelipensis,Capromyidae,Rodentia,2,1,3,213,"Macdonald, D. W. 2006. The Princeton Encyclopedia of Mammals. Princeton University Press, Princeton, NJ.",CR,1
1558,Mysateles melanurus,Capromyidae,Rodentia,2,1,3,213,"Macdonald, D. W. 2006. The Princeton Encyclopedia of Mammals. Princeton University Press, Princeton, NJ.",VU,1
1560,Mysateles prehensilis,Capromyidae,Rodentia,2,1,3,213,"Macdonald, D. W. 2006. The Princeton Encyclopedia of Mammals. Princeton University Press, Princeton, NJ.",NT,0
1561,Plagiodontia aedium,Capromyidae,Rodentia,2,1,3,213,"Macdonald, D. W. 2006. The Princeton Encyclopedia of Mammals. Princeton University Press, Princeton, NJ.",EN,1
1563,Plagiodontia ipnaeum,Capromyidae,Rodentia,2,1,3,213,"Macdonald, D. W. 2006. The Princeton Encyclopedia of Mammals. Princeton University Press, Princeton, NJ.",EX,1
1565,Saimiri oerstedii,Cebidae,Primates,2,3,3,233,"Hutchins M, Kleiman DG, Geist V, McDade MC. 2003. Grzimek’s Animal Life Encyclopedia Second Edition, Volume 12-16 Mammals I-V. Gale, Farmington Hills, MI, USA.; Beacham W., Beetz KH. 1998. Beacham's guide to international endangered species. Beacham Publishing Group. Osprey, Florida.",VU,1
1566,Allenopithecus nigroviridis,Cercopithecidae,Primates,2,2,3,223,"Hutchins M, Kleiman DG, Geist V, McDade MC. 2003. Grzimek’s Animal Life Encyclopedia Second Edition, Volume 12-16 Mammals I-V. Gale, Farmington Hills, MI, USA.",LC,0
1567,Cercocebus agilis,Cercopithecidae,Primates,2,2,3,223,"Hutchins M, Kleiman DG, Geist V, McDade MC. 2003. Grzimek’s Animal Life Encyclopedia Second Edition, Volume 12-16 Mammals I-V. Gale, Farmington Hills, MI, USA.. Nowak RM. 1999. Walker’s Mammals of the World, Vol. 1. Sixth Ed. The Johns Hopkins University Press, Maryland, USA. ",LC,0
1568,Cercocebus galeritus,Cercopithecidae,Primates,2,2,3,223,"Hutchins M, Kleiman DG, Geist V, McDade MC. 2003. Grzimek’s Animal Life Encyclopedia Second Edition, Volume 12-16 Mammals I-V. Gale, Farmington Hills, MI, USA.",CR,1
1569,Cercocebus torquatus,Cercopithecidae,Primates,2,2,3,223,"Hutchins M, Kleiman DG, Geist V, McDade MC. 2003. Grzimek’s Animal Life Encyclopedia Second Edition, Volume 12-16 Mammals I-V. Gale, Farmington Hills, MI, USA.; Beacham W., Beetz KH. 1998. Beacham's guide to international endangered species. Beacham Publishing Group. Osprey, Florida.",EN,1
1570,Cercopithecus ascanius,Cercopithecidae,Primates,2,2,3,223,"Hutchins M, Kleiman DG, Geist V, McDade MC. 2003. Grzimek’s Animal Life Encyclopedia Second Edition, Volume 12-16 Mammals I-V. Gale, Farmington Hills, MI, USA., Nowak RM. 1999. Walker’s Mammals of the World, Vol. 1. Sixth Ed. The Johns Hopkins University Press, Maryland, USA. ",LC,0
1571,Cercopithecus campbelli,Cercopithecidae,Primates,2,2,3,223,"Hutchins M, Kleiman DG, Geist V, McDade MC. 2003. Grzimek’s Animal Life Encyclopedia Second Edition, Volume 12-16 Mammals I-V. Gale, Farmington Hills, MI, USA.",NT,0
1572,Cercopithecus cephus,Cercopithecidae,Primates,2,2,3,223,"Hutchins M, Kleiman DG, Geist V, McDade MC. 2003. Grzimek’s Animal Life Encyclopedia Second Edition, Volume 12-16 Mammals I-V. Gale, Farmington Hills, MI, USA.",LC,0
1573,Cercopithecus diana,Cercopithecidae,Primates,2,2,3,223,"Hutchins M, Kleiman DG, Geist V, McDade MC. 2003. Grzimek’s Animal Life Encyclopedia Second Edition, Volume 12-16 Mammals I-V. Gale, Farmington Hills, MI, USA.",EN,1
1574,Cercopithecus dryas,Cercopithecidae,Primates,2,2,3,223,"Hutchins M, Kleiman DG, Geist V, McDade MC. 2003. Grzimek’s Animal Life Encyclopedia Second Edition, Volume 12-16 Mammals I-V. Gale, Farmington Hills, MI, USA., Nowak RM. 1999. Walker’s Mammals of the World, Vol. 1. Sixth Ed. The Johns Hopkins University Press, Maryland, USA. ",EN,1
1575,Cercopithecus erythrogaster,Cercopithecidae,Primates,2,2,3,223,"Hutchins M, Kleiman DG, Geist V, McDade MC. 2003. Grzimek’s Animal Life Encyclopedia Second Edition, Volume 12-16 Mammals I-V. Gale, Farmington Hills, MI, USA.; Beacham W., Beetz KH. 1998. Beacham's guide to international endangered species. Beacham Publishing Group. Osprey, Florida.",EN,1
1576,Cercopithecus erythrotis,Cercopithecidae,Primates,2,2,3,223,"Hutchins M, Kleiman DG, Geist V, McDade MC. 2003. Grzimek’s Animal Life Encyclopedia Second Edition, Volume 12-16 Mammals I-V. Gale, Farmington Hills, MI, USA., Nowak RM. 1999. Walker’s Mammals of the World, Vol. 1. Sixth Ed. The Johns Hopkins University Press, Maryland, USA. ",VU,1
1577,Cercopithecus hamlyni,Cercopithecidae,Primates,2,2,3,223,"Hutchins M, Kleiman DG, Geist V, McDade MC. 2003. Grzimek’s Animal Life Encyclopedia Second Edition, Volume 12-16 Mammals I-V. Gale, Farmington Hills, MI, USA., Nowak RM. 1999. Walker’s Mammals of the World, Vol. 1. Sixth Ed. The Johns Hopkins University Press, Maryland, USA. ",VU,1
1579,Cercopithecus mitis,Cercopithecidae,Primates,2,2,3,223,"Hutchins M, Kleiman DG, Geist V, McDade MC. 2003. Grzimek’s Animal Life Encyclopedia Second Edition, Volume 12-16 Mammals I-V. Gale, Farmington Hills, MI, USA.",LC,0
1580,Cercopithecus mona,Cercopithecidae,Primates,2,2,3,223,"Hutchins M, Kleiman DG, Geist V, McDade MC. 2003. Grzimek’s Animal Life Encyclopedia Second Edition, Volume 12-16 Mammals I-V. Gale, Farmington Hills, MI, USA., Nowak RM. 1999. Walker’s Mammals of the World, Vol. 1. Sixth Ed. The Johns Hopkins University Press, Maryland, USA. ",NT,0
1581,Cercopithecus neglectus,Cercopithecidae,Primates,2,2,3,223,"Hutchins M, Kleiman DG, Geist V, McDade MC. 2003. Grzimek’s Animal Life Encyclopedia Second Edition, Volume 12-16 Mammals I-V. Gale, Farmington Hills, MI, USA., Nowak RM. 1999. Walker’s Mammals of the World, Vol. 1. Sixth Ed. The Johns Hopkins University Press, Maryland, USA. ",LC,0
1582,Cercopithecus nictitans,Cercopithecidae,Primates,2,2,3,223,"Hutchins M, Kleiman DG, Geist V, McDade MC. 2003. Grzimek’s Animal Life Encyclopedia Second Edition, Volume 12-16 Mammals I-V. Gale, Farmington Hills, MI, USA., Nowak RM. 1999. Walker’s Mammals of the World, Vol. 1. Sixth Ed. The Johns Hopkins University Press, Maryland, USA. ",NT,0
1583,Cercopithecus petaurista,Cercopithecidae,Primates,2,2,3,223,"Hutchins M, Kleiman DG, Geist V, McDade MC. 2003. Grzimek’s Animal Life Encyclopedia Second Edition, Volume 12-16 Mammals I-V. Gale, Farmington Hills, MI, USA., Nowak RM. 1999. Walker’s Mammals of the World, Vol. 1. Sixth Ed. The Johns Hopkins University Press, Maryland, USA. ",NT,0
1584,Cercopithecus pogonias,Cercopithecidae,Primates,2,2,3,223,"Hutchins M, Kleiman DG, Geist V, McDade MC. 2003. Grzimek’s Animal Life Encyclopedia Second Edition, Volume 12-16 Mammals I-V. Gale, Farmington Hills, MI, USA., Nowak RM. 1999. Walker’s Mammals of the World, Vol. 1. Sixth Ed. The Johns Hopkins University Press, Maryland, USA. ",NT,0
1586,Cercopithecus sclateri,Cercopithecidae,Primates,2,2,3,223,"Hutchins M, Kleiman DG, Geist V, McDade MC. 2003. Grzimek’s Animal Life Encyclopedia Second Edition, Volume 12-16 Mammals I-V. Gale, Farmington Hills, MI, USA., Nowak RM. 1999. Walker’s Mammals of the World, Vol. 1. Sixth Ed. The Johns Hopkins University Press, Maryland, USA. ",EN,1
1588,Cercopithecus wolfi,Cercopithecidae,Primates,2,2,3,223,"Hutchins M, Kleiman DG, Geist V, McDade MC. 2003. Grzimek’s Animal Life Encyclopedia Second Edition, Volume 12-16 Mammals I-V. Gale, Farmington Hills, MI, USA., Nowak RM. 1999. Walker’s Mammals of the World, Vol. 1. Sixth Ed. The Johns Hopkins University Press, Maryland, USA. ",NT,0
1589,Colobus angolensis,Cercopithecidae,Primates,2,2,3,223,"Hutchins M, Kleiman DG, Geist V, McDade MC. 2003. Grzimek’s Animal Life Encyclopedia Second Edition, Volume 12-16 Mammals I-V. Gale, Farmington Hills, MI, USA.",VU,1
1590,Colobus guereza,Cercopithecidae,Primates,2,2,3,223,"Hutchins M, Kleiman DG, Geist V, McDade MC. 2003. Grzimek’s Animal Life Encyclopedia Second Edition, Volume 12-16 Mammals I-V. Gale, Farmington Hills, MI, USA.",LC,0
1591,Colobus polykomos,Cercopithecidae,Primates,2,2,3,223,"Hutchins M, Kleiman DG, Geist V, McDade MC. 2003. Grzimek’s Animal Life Encyclopedia Second Edition, Volume 12-16 Mammals I-V. Gale, Farmington Hills, MI, USA.",EN,1
1592,Colobus satanas,Cercopithecidae,Primates,2,2,3,223,"Hutchins M, Kleiman DG, Geist V, McDade MC. 2003. Grzimek’s Animal Life Encyclopedia Second Edition, Volume 12-16 Mammals I-V. Gale, Farmington Hills, MI, USA.",VU,1
1593,Erythrocebus patas,Cercopithecidae,Primates,2,2,3,223,"Hutchins M, Kleiman DG, Geist V, McDade MC. 2003. Grzimek’s Animal Life Encyclopedia Second Edition, Volume 12-16 Mammals I-V. Gale, Farmington Hills, MI, USA., Nowak RM. 1999. Walker’s Mammals of the World, Vol. 1. Sixth Ed. The Johns Hopkins University Press, Maryland, USA. ",NT,0
1594,Lophocebus albigena,Cercopithecidae,Primates,2,2,3,223,"Hutchins M, Kleiman DG, Geist V, McDade MC. 2003. Grzimek’s Animal Life Encyclopedia Second Edition, Volume 12-16 Mammals I-V. Gale, Farmington Hills, MI, USA.",VU,1
1595,Macaca arctoides,Cercopithecidae,Primates,2,2,3,223,"Hutchins M, Kleiman DG, Geist V, McDade MC. 2003. Grzimek’s Animal Life Encyclopedia Second Edition, Volume 12-16 Mammals I-V. Gale, Farmington Hills, MI, USA., Nowak RM. 1999. Walker’s Mammals of the World, Vol. 1. Sixth Ed. The Johns Hopkins University Press, Maryland, USA. ",VU,1
1596,Macaca assamensis,Cercopithecidae,Primates,2,2,3,223,"Hutchins M, Kleiman DG, Geist V, McDade MC. 2003. Grzimek’s Animal Life Encyclopedia Second Edition, Volume 12-16 Mammals I-V. Gale, Farmington Hills, MI, USA. Nowak RM. 1999. Walker’s Mammals of the World, Vol. 1. Sixth Ed. The Johns Hopkins University Press, Maryland, USA. ",NT,0
1597,Macaca cyclopis,Cercopithecidae,Primates,2,2,3,223,"Hutchins M, Kleiman DG, Geist V, McDade MC. 2003. Grzimek’s Animal Life Encyclopedia Second Edition, Volume 12-16 Mammals I-V. Gale, Farmington Hills, MI, USA., Nowak RM. 1999. Walker’s Mammals of the World, Vol. 1. Sixth Ed. The Johns Hopkins University Press, Maryland, USA. ",LC,0
1598,Macaca fascicularis,Cercopithecidae,Primates,2,2,3,233,"Hutchins M, Kleiman DG, Geist V, McDade MC. 2003. Grzimek’s Animal Life Encyclopedia Second Edition, Volume 12-16 Mammals I-V. Gale, Farmington Hills, MI, USA.",VU,1
1599,Macaca fuscata,Cercopithecidae,Primates,2,2,3,223,"Hutchins M, Kleiman DG, Geist V, McDade MC. 2003. Grzimek’s Animal Life Encyclopedia Second Edition, Volume 12-16 Mammals I-V. Gale, Farmington Hills, MI, USA.; Beacham W., Beetz KH. 1998. Beacham's guide to international endangered species. Beacham Publishing Group. Osprey, Florida., Nowak RM. 1999. Walker’s Mammals of the World, Vol. 1. Sixth Ed. The Johns Hopkins University Press, Maryland, USA. ",LC,0
1600,Macaca maura,Cercopithecidae,Primates,2,2,3,223,"Hutchins M, Kleiman DG, Geist V, McDade MC. 2003. Grzimek’s Animal Life Encyclopedia Second Edition, Volume 12-16 Mammals I-V. Gale, Farmington Hills, MI, USA., Nowak RM. 1999. Walker’s Mammals of the World, Vol. 1. Sixth Ed. The Johns Hopkins University Press, Maryland, USA. ",EN,1
1601,Macaca mulatta,Cercopithecidae,Primates,2,2,3,223,"Hutchins M, Kleiman DG, Geist V, McDade MC. 2003. Grzimek’s Animal Life Encyclopedia Second Edition, Volume 12-16 Mammals I-V. Gale, Farmington Hills, MI, USA., Nowak RM. 1999. Walker’s Mammals of the World, Vol. 1. Sixth Ed. The Johns Hopkins University Press, Maryland, USA. ",LC,0
1602,Macaca nemestrina,Cercopithecidae,Primates,2,2,3,223,"Hutchins M, Kleiman DG, Geist V, McDade MC. 2003. Grzimek’s Animal Life Encyclopedia Second Edition, Volume 12-16 Mammals I-V. Gale, Farmington Hills, MI, USA., Nowak RM. 1999. Walker’s Mammals of the World, Vol. 1. Sixth Ed. The Johns Hopkins University Press, Maryland, USA. ",EN,1
1603,Macaca nigra,Cercopithecidae,Primates,2,2,3,223,"Hutchins M, Kleiman DG, Geist V, McDade MC. 2003. Grzimek’s Animal Life Encyclopedia Second Edition, Volume 12-16 Mammals I-V. Gale, Farmington Hills, MI, USA., Nowak RM. 1999. Walker’s Mammals of the World, Vol. 1. Sixth Ed. The Johns Hopkins University Press, Maryland, USA. ",CR,1
1604,Macaca ochreata,Cercopithecidae,Primates,2,2,3,223,"Hutchins M, Kleiman DG, Geist V, McDade MC. 2003. Grzimek’s Animal Life Encyclopedia Second Edition, Volume 12-16 Mammals I-V. Gale, Farmington Hills, MI, USA., Nowak RM. 1999. Walker’s Mammals of the World, Vol. 1. Sixth Ed. The Johns Hopkins University Press, Maryland, USA. , Nowak RM. 1999. Walker’s Mammals of the World, Vol. 1. Sixth Ed. The Johns Hopkins University Press, Maryland, USA.                                                                                                                                                                                                                                                                                                                                                                                                                                                                                                                                                                                                                                                                                                                                                                                                                                                                                                                                                                                                                                                                                                                                                                                                                                                                                                                                                                ",VU,1
1605,Macaca silenus,Cercopithecidae,Primates,2,2,3,223,"Hutchins M, Kleiman DG, Geist V, McDade MC. 2003. Grzimek’s Animal Life Encyclopedia Second Edition, Volume 12-16 Mammals I-V. Gale, Farmington Hills, MI, USA.; Beacham W., Beetz KH. 1998. Beacham's guide to international endangered species. Beacham Publishing Group. Osprey, Florida.",EN,1
1606,Macaca sinica,Cercopithecidae,Primates,2,2,3,223,"Hutchins M, Kleiman DG, Geist V, McDade MC. 2003. Grzimek’s Animal Life Encyclopedia Second Edition, Volume 12-16 Mammals I-V. Gale, Farmington Hills, MI, USA.",EN,1
1607,Macaca sylvanus,Cercopithecidae,Primates,2,2,3,223,"Hutchins M, Kleiman DG, Geist V, McDade MC. 2003. Grzimek’s Animal Life Encyclopedia Second Edition, Volume 12-16 Mammals I-V. Gale, Farmington Hills, MI, USA.",EN,1
1608,Macaca thibetana,Cercopithecidae,Primates,2,2,3,223,"Hutchins M, Kleiman DG, Geist V, McDade MC. 2003. Grzimek’s Animal Life Encyclopedia Second Edition, Volume 12-16 Mammals I-V. Gale, Farmington Hills, MI, USA.; Beacham W., Beetz KH. 1998. Beacham's guide to international endangered species. Beacham Publishing Group. Osprey, Florida.",NT,0
1609,Macaca tonkeana,Cercopithecidae,Primates,2,2,3,223,"Hutchins M, Kleiman DG, Geist V, McDade MC. 2003. Grzimek’s Animal Life Encyclopedia Second Edition, Volume 12-16 Mammals I-V. Gale, Farmington Hills, MI, USA.",VU,1
1610,Mandrillus leucophaeus,Cercopithecidae,Primates,2,2,3,223,"Hutchins M, Kleiman DG, Geist V, McDade MC. 2003. Grzimek’s Animal Life Encyclopedia Second Edition, Volume 12-16 Mammals I-V. Gale, Farmington Hills, MI, USA.",EN,1
1611,Mandrillus sphinx,Cercopithecidae,Primates,2,2,3,223,"Hutchins M, Kleiman DG, Geist V, McDade MC. 2003. Grzimek’s Animal Life Encyclopedia Second Edition, Volume 12-16 Mammals I-V. Gale, Farmington Hills, MI, USA.",VU,1
1613,Nasalis larvatus,Cercopithecidae,Primates,2,2,3,223,"Hutchins M, Kleiman DG, Geist V, McDade MC. 2003. Grzimek’s Animal Life Encyclopedia Second Edition, Volume 12-16 Mammals I-V. Gale, Farmington Hills, MI, USA.",EN,1
1614,Papio hamadryas,Cercopithecidae,Primates,2,2,3,213,"Hutchins M, Kleiman DG, Geist V, McDade MC. 2003. Grzimek’s Animal Life Encyclopedia Second Edition, Volume 12-16 Mammals I-V. Gale, Nowak RM. 1999. Walker’s Mammals of the World, Vol. 1. Sixth Ed. The Johns Hopkins University Press, Maryland, USA. Farmington Hills, MI, USA.",LC,0
1615,Presbytis comata,Cercopithecidae,Primates,2,2,3,223,"Hutchins M, Kleiman DG, Geist V, McDade MC. 2003. Grzimek’s Animal Life Encyclopedia Second Edition, Volume 12-16 Mammals I-V. Gale, Farmington Hills, MI, USA.",EN,1
1616,Presbytis femoralis,Cercopithecidae,Primates,2,2,3,223,"Hutchins M, Kleiman DG, Geist V, McDade MC. 2003. Grzimek’s Animal Life Encyclopedia Second Edition, Volume 12-16 Mammals I-V. Gale, Farmington Hills, MI, USA.",VU,1
1617,Presbytis frontata,Cercopithecidae,Primates,2,2,3,223,"Hutchins M, Kleiman DG, Geist V, McDade MC. 2003. Grzimek’s Animal Life Encyclopedia Second Edition, Volume 12-16 Mammals I-V. Gale, Farmington Hills, MI, USA.",VU,1
1618,Presbytis hosei,Cercopithecidae,Primates,2,2,3,223,"Hutchins M, Kleiman DG, Geist V, McDade MC. 2003. Grzimek’s Animal Life Encyclopedia Second Edition, Volume 12-16 Mammals I-V. Gale, Farmington Hills, MI, USA.",VU,1
1619,Presbytis melalophos,Cercopithecidae,Primates,2,2,3,223,"Hutchins M, Kleiman DG, Geist V, McDade MC. 2003. Grzimek’s Animal Life Encyclopedia Second Edition, Volume 12-16 Mammals I-V. Gale, Farmington Hills, MI, USA.",EN,1
1620,Presbytis potenziani,Cercopithecidae,Primates,2,2,3,223,"Hutchins M, Kleiman DG, Geist V, McDade MC. 2003. Grzimek’s Animal Life Encyclopedia Second Edition, Volume 12-16 Mammals I-V. Gale, Farmington Hills, MI, USA.",CR,1
1621,Presbytis rubicunda,Cercopithecidae,Primates,2,2,3,223,"Hutchins M, Kleiman DG, Geist V, McDade MC. 2003. Grzimek’s Animal Life Encyclopedia Second Edition, Volume 12-16 Mammals I-V. Gale, Farmington Hills, MI, USA.",VU,1
1622,Presbytis thomasi,Cercopithecidae,Primates,2,2,3,223,"Hutchins M, Kleiman DG, Geist V, McDade MC. 2003. Grzimek’s Animal Life Encyclopedia Second Edition, Volume 12-16 Mammals I-V. Gale, Farmington Hills, MI, USA.",VU,1
1627,Procolobus verus,Cercopithecidae,Primates,2,2,3,223,"Hutchins M, Kleiman DG, Geist V, McDade MC. 2003. Grzimek’s Animal Life Encyclopedia Second Edition, Volume 12-16 Mammals I-V. Gale, Farmington Hills, MI, USA.",VU,1
1631,Pygathrix nemaeus,Cercopithecidae,Primates,2,2,3,223,"Hutchins M, Kleiman DG, Geist V, McDade MC. 2003. Grzimek’s Animal Life Encyclopedia Second Edition, Volume 12-16 Mammals I-V. Gale, Farmington Hills, MI, USA.",CR,1
1633,Semnopithecus entellus,Cercopithecidae,Primates,2,2,3,223,"Hutchins M, Kleiman DG, Geist V, McDade MC. 2003. Grzimek’s Animal Life Encyclopedia Second Edition, Volume 12-16 Mammals I-V. Gale, Farmington Hills, MI, USA.",LC,0
1634,Theropithecus gelada,Cercopithecidae,Primates,2,2,3,223,"Hutchins M, Kleiman DG, Geist V, McDade MC. 2003. Grzimek’s Animal Life Encyclopedia Second Edition, Volume 12-16 Mammals I-V. Gale, Farmington Hills, MI, USA.",LC,0
1635,Trachypithecus auratus,Cercopithecidae,Primates,2,2,3,223,"Hutchins M, Kleiman DG, Geist V, McDade MC. 2003. Grzimek’s Animal Life Encyclopedia Second Edition, Volume 12-16 Mammals I-V. Gale, Farmington Hills, MI, USA.; Beacham W., Beetz KH. 1998. Beacham's guide to international endangered species. Beacham Publishing Group. Osprey, Florida.",VU,1
1636,Trachypithecus cristatus,Cercopithecidae,Primates,2,2,3,223,"Hutchins M, Kleiman DG, Geist V, McDade MC. 2003. Grzimek’s Animal Life Encyclopedia Second Edition, Volume 12-16 Mammals I-V. Gale, Farmington Hills, MI, USA., Nowak RM. 1999. Walker’s Mammals of the World, Vol. 1. Sixth Ed. The Johns Hopkins University Press, Maryland, USA. ",VU,1
1637,Trachypithecus francoisi,Cercopithecidae,Primates,2,2,3,223,"Hutchins M, Kleiman DG, Geist V, McDade MC. 2003. Grzimek’s Animal Life Encyclopedia Second Edition, Volume 12-16 Mammals I-V. Gale, Farmington Hills, MI, USA.",EN,1
1638,Trachypithecus geei,Cercopithecidae,Primates,2,2,3,223,"Hutchins M, Kleiman DG, Geist V, McDade MC. 2003. Grzimek’s Animal Life Encyclopedia Second Edition, Volume 12-16 Mammals I-V. Gale, Farmington Hills, MI, USA.; Beacham W., Beetz KH. 1998. Beacham's guide to international endangered species. Beacham Publishing Group. Osprey, Florida.",EN,1
1640,Trachypithecus obscurus,Cercopithecidae,Primates,2,2,3,223,"Hutchins M, Kleiman DG, Geist V, McDade MC. 2003. Grzimek’s Animal Life Encyclopedia Second Edition, Volume 12-16 Mammals I-V. Gale, Farmington Hills, MI, USA., Nowak RM. 1999. Walker’s Mammals of the World, Vol. 1. Sixth Ed. The Johns Hopkins University Press, Maryland, USA. ",EN,1
1641,Trachypithecus phayrei,Cercopithecidae,Primates,2,2,3,223,"Hutchins M, Kleiman DG, Geist V, McDade MC. 2003. Grzimek’s Animal Life Encyclopedia Second Edition, Volume 12-16 Mammals I-V. Gale, Farmington Hills, MI, USA., Nowak RM. 1999. Walker’s Mammals of the World, Vol. 1. Sixth Ed. The Johns Hopkins University Press, Maryland, USA. ",EN,1
1642,Trachypithecus pileatus,Cercopithecidae,Primates,2,2,3,223,"Hutchins M, Kleiman DG, Geist V, McDade MC. 2003. Grzimek’s Animal Life Encyclopedia Second Edition, Volume 12-16 Mammals I-V. Gale, Farmington Hills, MI, USA.",VU,1
1645,Cheirogaleus crossleyi,Cheirogaleidae,Primates,2,1,3,213,"Garbutt, N. 2007. Mammal of Madagascar: A complete guide. Yale University Press, New Haven, CT.",VU,1
1646,Cheirogaleus major,Cheirogaleidae,Primates,2,1,3,213,"Hutchins M, Kleiman DG, Geist V, McDade MC. 2003. Grzimek’s Animal Life Encyclopedia Second Edition, Volume 12-16 Mammals I-V. Gale, Farmington Hills, MI, USA.",VU,1
1647,Cheirogaleus medius,Cheirogaleidae,Primates,2,1,3,213,"Hutchins M, Kleiman DG, Geist V, McDade MC. 2003. Grzimek’s Animal Life Encyclopedia Second Edition, Volume 12-16 Mammals I-V. Gale, Farmington Hills, MI, USA.",VU,1
1650,Cheirogaleus sibreei,Cheirogaleidae,Primates,2,1,3,213,"Garbutt, N. 2007. Mammal of Madagascar: A complete guide. Yale University Press, New Haven, CT.",CR,1
1651,Microcebus berthae,Cheirogaleidae,Primates,2,1,3,213,"Garbutt, N. 2007. Mammal of Madagascar: A complete guide. Yale University Press, New Haven, CT.",CR,1
1652,Microcebus bongolavensis,Cheirogaleidae,Primates,2,1,3,213,"Garbutt, N. 2007. Mammal of Madagascar: A complete guide. Yale University Press, New Haven, CT.",EN,1
1654,Microcebus danfossi,Cheirogaleidae,Primates,2,1,3,213,"Garbutt, N. 2007. Mammal of Madagascar: A complete guide. Yale University Press, New Haven, CT.",VU,1
1655,Microcebus griseorufus,Cheirogaleidae,Primates,2,1,3,213,"Garbutt, N. 2007. Mammal of Madagascar: A complete guide. Yale University Press, New Haven, CT.",LC,0
1656,Microcebus jollyae,Cheirogaleidae,Primates,2,1,3,213,"Garbutt, N. 2007. Mammal of Madagascar: A complete guide. Yale University Press, New Haven, CT.",EN,1
1657,Microcebus lehilahytsara,Cheirogaleidae,Primates,2,1,3,213,"Garbutt, N. 2007. Mammal of Madagascar: A complete guide. Yale University Press, New Haven, CT.",VU,1
1659,Microcebus mamiratra,Cheirogaleidae,Primates,2,1,3,213,"Garbutt, N. 2007. Mammal of Madagascar: A complete guide. Yale University Press, New Haven, CT.",EN,1
1660,Microcebus mittermeieri,Cheirogaleidae,Primates,2,1,3,213,"Garbutt, N. 2007. Mammal of Madagascar: A complete guide. Yale University Press, New Haven, CT.",EN,1
1661,Microcebus myoxinus,Cheirogaleidae,Primates,2,1,3,213,"Hutchins M, Kleiman DG, Geist V, McDade MC. 2003. Grzimek’s Animal Life Encyclopedia Second Edition, Volume 12-16 Mammals I-V. Gale, Farmington Hills, MI, USA.",VU,1
1662,Microcebus ravelobensis,Cheirogaleidae,Primates,2,1,3,213,"Hutchins M, Kleiman DG, Geist V, McDade MC. 2003. Grzimek’s Animal Life Encyclopedia Second Edition, Volume 12-16 Mammals I-V. Gale, Farmington Hills, MI, USA.",VU,1
1663,Microcebus sambiranensis,Cheirogaleidae,Primates,2,1,3,213,"Garbutt, N. 2007. Mammal of Madagascar: A complete guide. Yale University Press, New Haven, CT.",EN,1
1664,Microcebus simmonsi,Cheirogaleidae,Primates,2,1,3,213,"Garbutt, N. 2007. Mammal of Madagascar: A complete guide. Yale University Press, New Haven, CT.",EN,1
1665,Microcebus tavaratra,Cheirogaleidae,Primates,2,1,3,213,"Garbutt, N. 2007. Mammal of Madagascar: A complete guide. Yale University Press, New Haven, CT.",VU,1
1666,Mirza zaza,Cheirogaleidae,Primates,2,1,3,213,"Garbutt, N. 2007. Mammal of Madagascar: A complete guide. Yale University Press, New Haven, CT.",VU,1
1667,Phaner furcifer,Cheirogaleidae,Primates,2,1,3,213,"Hutchins M, Kleiman DG, Geist V, McDade MC. 2003. Grzimek’s Animal Life Encyclopedia Second Edition, Volume 12-16 Mammals I-V. Gale, Farmington Hills, MI, USA.",EN,1
1668,Phaner pallescens,Cheirogaleidae,Primates,2,1,3,213,"Garbutt, N. 2007. Mammal of Madagascar: A complete guide. Yale University Press, New Haven, CT.",EN,1
1669,Phaner parienti,Cheirogaleidae,Primates,2,1,3,213,"Garbutt, N. 2007. Mammal of Madagascar: A complete guide. Yale University Press, New Haven, CT.",EN,1
1671,Cynocephalus volans,Cynocephalidae,Dermoptera,2,3,3,233,"Hutchins M, Kleiman DG, Geist V, McDade MC. 2003. Grzimek’s Animal Life Encyclopedia Second Edition, Volume 12-16 Mammals I-V. Gale, Farmington Hills, MI, USA.",LC,0
1672,Caluromys derbianus,Didelphidae,Didelphimorphia,2,1,3,213,"Hutchins M, Kleiman DG, Geist V, McDade MC. 2003. Grzimek’s Animal Life Encyclopedia Second Edition, Volume 12-16 Mammals I-V. Gale, Farmington Hills, MI, USA., Nowak RM. 1999. Walker’s Mammals of the World, Vol. 1. Sixth Ed. The Johns Hopkins University Press, Maryland, USA.",LC,0
1673,Caluromys lanatus,Didelphidae,Didelphimorphia,2,1,3,213,"Hutchins M, Kleiman DG, Geist V, McDade MC. 2003. Grzimek’s Animal Life Encyclopedia Second Edition, Volume 12-16 Mammals I-V. Gale, Farmington Hills, MI, USA., Nowak RM. 1999. Walker’s Mammals of the World, Vol. 1. Sixth Ed. The Johns Hopkins University Press, Maryland, USA.",LC,0
1674,Caluromys philander,Didelphidae,Didelphimorphia,2,1,3,213,"Hutchins M, Kleiman DG, Geist V, McDade MC. 2003. Grzimek’s Animal Life Encyclopedia Second Edition, Volume 12-16 Mammals I-V. Gale, Farmington Hills, MI, USA.",LC,0
1675,Chaetomys subspinosus,Echimyidae,Rodentia,2,1,3,213,"Macdonald, D. W. 2006. The Princeton Encyclopedia of Mammals. Princeton University Press, Princeton, NJ.",VU,1
1676,Dactylomys boliviensis,Echimyidae,Rodentia,2,1,3,213,"Macdonald, D. W. 2006. The Princeton Encyclopedia of Mammals. Princeton University Press, Princeton, NJ.",LC,0
1677,Dactylomys dactylinus,Echimyidae,Rodentia,2,1,3,213,"Hutchins M, Kleiman DG, Geist V, McDade MC. 2003. Grzimek’s Animal Life Encyclopedia Second Edition, Volume 12-16 Mammals I-V. Gale, Farmington Hills, MI, USA.",LC,0
1680,Diplomys labilis,Echimyidae,Rodentia,2,1,3,213,"Macdonald, D. W. 2006. The Princeton Encyclopedia of Mammals. Princeton University Press, Princeton, NJ.",LC,0
1684,Echimys chrysurus,Echimyidae,Rodentia,2,1,3,213,"Hutchins M, Kleiman DG, Geist V, McDade MC. 2003. Grzimek’s Animal Life Encyclopedia Second Edition, Volume 12-16 Mammals I-V. Gale, Farmington Hills, MI, USA.; Alderton, D. 1996. Rodents of the world. Facts on File, INC., NY, USA.",LC,0
1696,Isothrix pagurus,Echimyidae,Rodentia,2,1,3,213,"Macdonald, D. W. 2006. The Princeton Encyclopedia of Mammals. Princeton University Press, Princeton, NJ.",LC,0
1697,Kannabateomys amblyonyx,Echimyidae,Rodentia,2,1,3,213,"Macdonald, D. W. 2006. The Princeton Encyclopedia of Mammals. Princeton University Press, Princeton, NJ.",LC,0
1698,Lonchothrix emiliae,Echimyidae,Rodentia,2,1,3,213,"Hutchins M, Kleiman DG, Geist V, McDade MC. 2003. Grzimek’s Animal Life Encyclopedia Second Edition, Volume 12-16 Mammals I-V. Gale, Farmington Hills, MI, USA.",LC,0
1701,Mesomys hispidus,Echimyidae,Rodentia,2,1,3,213,"Macdonald, D. W. 2006. The Princeton Encyclopedia of Mammals. Princeton University Press, Princeton, NJ.",LC,0
1704,Mesomys stimulax,Echimyidae,Rodentia,2,1,3,213,"Macdonald, D. W. 2006. The Princeton Encyclopedia of Mammals. Princeton University Press, Princeton, NJ.",LC,0
1707,Coendou bicolor,Erethizontidae,Rodentia,2,1,3,213,"Hutchins M, Kleiman DG, Geist V, McDade MC. 2003. Grzimek’s Animal Life Encyclopedia Second Edition, Volume 12-16 Mammals I-V. Gale, Farmington Hills, MI, USA.",LC,0
1709,Coendou prehensilis,Erethizontidae,Rodentia,2,1,3,213,"Hutchins M, Kleiman DG, Geist V, McDade MC. 2003. Grzimek’s Animal Life Encyclopedia Second Edition, Volume 12-16 Mammals I-V. Gale, Farmington Hills, MI, USA.",LC,0
1712,Erethizon dorsatum,Erethizontidae,Rodentia,2,1,3,213,"Hutchins M, Kleiman DG, Geist V, McDade MC. 2003. Grzimek’s Animal Life Encyclopedia Second Edition, Volume 12-16 Mammals I-V. Gale, Farmington Hills, MI, USA.",LC,0
1719,Euoticus elegantulus,Galagonidae,Primates,2,3,3,233,"Hutchins M, Kleiman DG, Geist V, McDade MC. 2003. Grzimek’s Animal Life Encyclopedia Second Edition, Volume 12-16 Mammals I-V. Gale, Farmington Hills, MI, USA.",LC,0
1720,Euoticus pallidus,Galagonidae,Primates,2,3,3,233,"Hutchins M, Kleiman DG, Geist V, McDade MC. 2003. Grzimek’s Animal Life Encyclopedia Second Edition, Volume 12-16 Mammals I-V. Gale, Farmington Hills, MI, USA.",NT,0
1722,Otolemur crassicaudatus,Galagonidae,Primates,2,1,3,213,"Hutchins M, Kleiman DG, Geist V, McDade MC. 2003. Grzimek’s Animal Life Encyclopedia Second Edition, Volume 12-16 Mammals I-V. Gale, Farmington Hills, MI, USA., Nowak RM. 1999. Walker’s Mammals of the World, Vol. 1. Sixth Ed. The Johns Hopkins University Press, Maryland, USA.",LC,0
1723,Otolemur garnettii,Galagonidae,Primates,2,1,3,213,"Hutchins M, Kleiman DG, Geist V, McDade MC. 2003. Grzimek’s Animal Life Encyclopedia Second Edition, Volume 12-16 Mammals I-V. Gale, Farmington Hills, MI, USA., Nowak RM. 1999. Walker’s Mammals of the World, Vol. 1. Sixth Ed. The Johns Hopkins University Press, Maryland, USA.",LC,0
1724,Pan paniscus,Hominidae,Primates,2,2,3,223,"Hutchins M, Kleiman DG, Geist V, McDade MC. 2003. Grzimek’s Animal Life Encyclopedia Second Edition, Volume 12-16 Mammals I-V. Gale, Farmington Hills, MI, USA.",EN,1
1725,Pan troglodytes,Hominidae,Primates,2,2,3,223,"Hutchins M, Kleiman DG, Geist V, McDade MC. 2003. Grzimek’s Animal Life Encyclopedia Second Edition, Volume 12-16 Mammals I-V. Gale, Farmington Hills, MI, USA.",EN,1
1726,Pongo pygmaeus,Hominidae,Primates,2,2,3,223,"Hutchins M, Kleiman DG, Geist V, McDade MC. 2003. Grzimek’s Animal Life Encyclopedia Second Edition, Volume 12-16 Mammals I-V. Gale, Farmington Hills, MI, USA.",CR,1
1727,Hylobates agilis,Hylobatidae,Primates,2,2,3,223,"Hutchins M, Kleiman DG, Geist V, McDade MC. 2003. Grzimek’s Animal Life Encyclopedia Second Edition, Volume 12-16 Mammals I-V. Gale, Farmington Hills, MI, USA.",EN,1
1731,Hylobates klossii,Hylobatidae,Primates,2,2,3,223,"Hutchins M, Kleiman DG, Geist V, McDade MC. 2003. Grzimek’s Animal Life Encyclopedia Second Edition, Volume 12-16 Mammals I-V. Gale, Farmington Hills, MI, USA.",EN,1
1732,Hylobates lar,Hylobatidae,Primates,2,2,3,223,"Hutchins M, Kleiman DG, Geist V, McDade MC. 2003. Grzimek’s Animal Life Encyclopedia Second Edition, Volume 12-16 Mammals I-V. Gale, Farmington Hills, MI, USA.",EN,1
1734,Hylobates moloch,Hylobatidae,Primates,2,2,3,223,"Hutchins M, Kleiman DG, Geist V, McDade MC. 2003. Grzimek’s Animal Life Encyclopedia Second Edition, Volume 12-16 Mammals I-V. Gale, Farmington Hills, MI, USA.",EN,1
1735,Hylobates muelleri,Hylobatidae,Primates,2,2,3,223,"Hutchins M, Kleiman DG, Geist V, McDade MC. 2003. Grzimek’s Animal Life Encyclopedia Second Edition, Volume 12-16 Mammals I-V. Gale, Farmington Hills, MI, USA.",EN,1
1736,Hylobates pileatus,Hylobatidae,Primates,2,2,3,223,"Hutchins M, Kleiman DG, Geist V, McDade MC. 2003. Grzimek’s Animal Life Encyclopedia Second Edition, Volume 12-16 Mammals I-V. Gale, Farmington Hills, MI, USA.",EN,1
1738,Avahi cleesei,Indridae,Primates,2,2,3,223,"Garbutt, N. 2007. Mammal of Madagascar: A complete guide. Yale University Press, New Haven, CT.",CR,1
1739,Avahi laniger,Indridae,Primates,2,2,3,223,"Hutchins M, Kleiman DG, Geist V, McDade MC. 2003. Grzimek’s Animal Life Encyclopedia Second Edition, Volume 12-16 Mammals I-V. Gale, Farmington Hills, MI, USA.",VU,1
1740,Avahi occidentalis,Indridae,Primates,2,2,3,223,"Hutchins M, Kleiman DG, Geist V, McDade MC. 2003. Grzimek’s Animal Life Encyclopedia Second Edition, Volume 12-16 Mammals I-V. Gale, Farmington Hills, MI, USA.",VU,1
1741,Avahi unicolor,Indridae,Primates,2,2,3,223,"Garbutt, N. 2007. Mammal of Madagascar: A complete guide. Yale University Press, New Haven, CT.",CR,1
1742,Indri indri,Indridae,Primates,2,2,3,223,"Hutchins M, Kleiman DG, Geist V, McDade MC. 2003. Grzimek’s Animal Life Encyclopedia Second Edition, Volume 12-16 Mammals I-V. Gale, Farmington Hills, MI, USA.",CR,1
1743,Propithecus candidus,Indridae,Primates,2,2,3,223,"Garbutt, N. 2007. Mammal of Madagascar: A complete guide. Yale University Press, New Haven, CT.",CR,1
1744,Propithecus coquereli,Indridae,Primates,2,2,3,223,"Garbutt, N. 2007. Mammal of Madagascar: A complete guide. Yale University Press, New Haven, CT.",CR,1
1745,Propithecus coronatus,Indridae,Primates,2,2,3,223,"Garbutt, N. 2007. Mammal of Madagascar: A complete guide. Yale University Press, New Haven, CT.",CR,1
1747,Propithecus diadema,Indridae,Primates,2,2,3,223,"Hutchins M, Kleiman DG, Geist V, McDade MC. 2003. Grzimek’s Animal Life Encyclopedia Second Edition, Volume 12-16 Mammals I-V. Gale, Farmington Hills, MI, USA.",CR,1
1748,Propithecus edwardsi,Indridae,Primates,2,2,3,223,"Garbutt, N. 2007. Mammal of Madagascar: A complete guide. Yale University Press, New Haven, CT.",EN,1
1749,Propithecus perrieri,Indridae,Primates,2,2,3,223,"Garbutt, N. 2007. Mammal of Madagascar: A complete guide. Yale University Press, New Haven, CT.",CR,1
1750,Propithecus tattersalli,Indridae,Primates,2,2,3,223,"Hutchins M, Kleiman DG, Geist V, McDade MC. 2003. Grzimek’s Animal Life Encyclopedia Second Edition, Volume 12-16 Mammals I-V. Gale, Farmington Hills, MI, USA.",CR,1
1751,Propithecus verreauxi,Indridae,Primates,2,2,3,223,"Hutchins M, Kleiman DG, Geist V, McDade MC. 2003. Grzimek’s Animal Life Encyclopedia Second Edition, Volume 12-16 Mammals I-V. Gale, Farmington Hills, MI, USA.",CR,1
1752,Eulemur albifrons,Lemuridae,Primates,2,1,3,213,"Garbutt, N. 2007. Mammal of Madagascar: A complete guide. Yale University Press, New Haven, CT.",VU,1
1754,Eulemur collaris,Lemuridae,Primates,2,1,3,213,"Garbutt, N. 2007. Mammal of Madagascar: A complete guide. Yale University Press, New Haven, CT.",EN,1
1755,Eulemur coronatus,Lemuridae,Primates,2,1,3,213,"Hutchins M, Kleiman DG, Geist V, McDade MC. 2003. Grzimek’s Animal Life Encyclopedia Second Edition, Volume 12-16 Mammals I-V. Gale, Farmington Hills, MI, USA.",EN,1
1756,Eulemur fulvus,Lemuridae,Primates,2,1,3,213,"Hutchins M, Kleiman DG, Geist V, McDade MC. 2003. Grzimek’s Animal Life Encyclopedia Second Edition, Volume 12-16 Mammals I-V. Gale, Farmington Hills, MI, USA.",VU,1
1757,Eulemur macaco,Lemuridae,Primates,2,1,3,213,"Hutchins M, Kleiman DG, Geist V, McDade MC. 2003. Grzimek’s Animal Life Encyclopedia Second Edition, Volume 12-16 Mammals I-V. Gale, Farmington Hills, MI, USA.",EN,1
1758,Eulemur mongoz,Lemuridae,Primates,2,1,3,213,"Hutchins M, Kleiman DG, Geist V, McDade MC. 2003. Grzimek’s Animal Life Encyclopedia Second Edition, Volume 12-16 Mammals I-V. Gale, Farmington Hills, MI, USA.",CR,1
1759,Eulemur rubriventer,Lemuridae,Primates,2,1,3,213,"Hutchins M, Kleiman DG, Geist V, McDade MC. 2003. Grzimek’s Animal Life Encyclopedia Second Edition, Volume 12-16 Mammals I-V. Gale, Farmington Hills, MI, USA.",VU,1
1760,Eulemur rufus,Lemuridae,Primates,2,1,3,213,"Garbutt, N. 2007. Mammal of Madagascar: A complete guide. Yale University Press, New Haven, CT.",VU,1
1761,Eulemur sanfordi,Lemuridae,Primates,2,1,3,213,"Garbutt, N. 2007. Mammal of Madagascar: A complete guide. Yale University Press, New Haven, CT.",EN,1
1762,Hapalemur alaotrensis,Lemuridae,Primates,2,1,3,213,"Garbutt, N. 2007. Mammal of Madagascar: A complete guide. Yale University Press, New Haven, CT.",CR,1
1763,Hapalemur aureus,Lemuridae,Primates,2,1,3,213,"Hutchins M, Kleiman DG, Geist V, McDade MC. 2003. Grzimek’s Animal Life Encyclopedia Second Edition, Volume 12-16 Mammals I-V. Gale, Farmington Hills, MI, USA.",CR,1
1764,Hapalemur griseus,Lemuridae,Primates,2,1,3,213,"Hutchins M, Kleiman DG, Geist V, McDade MC. 2003. Grzimek’s Animal Life Encyclopedia Second Edition, Volume 12-16 Mammals I-V. Gale, Farmington Hills, MI, USA.",VU,1
1765,Hapalemur meridionalis,Lemuridae,Primates,2,1,3,213,"Garbutt, N. 2007. Mammal of Madagascar: A complete guide. Yale University Press, New Haven, CT.",VU,1
1766,Hapalemur occidentalis,Lemuridae,Primates,2,1,3,213,"Garbutt, N. 2007. Mammal of Madagascar: A complete guide. Yale University Press, New Haven, CT.",VU,1
1768,Lemur catta,Lemuridae,Primates,2,1,3,213,"Hutchins M, Kleiman DG, Geist V, McDade MC. 2003. Grzimek’s Animal Life Encyclopedia Second Edition, Volume 12-16 Mammals I-V. Gale, Farmington Hills, MI, USA.",EN,1
1771,Varecia rubra,Lemuridae,Primates,2,1,3,213,"Hutchins M, Kleiman DG, Geist V, McDade MC. 2003. Grzimek’s Animal Life Encyclopedia Second Edition, Volume 12-16 Mammals I-V. Gale, Farmington Hills, MI, USA.",CR,1
1772,Varecia variegata,Lemuridae,Primates,2,1,3,213,"Hutchins M, Kleiman DG, Geist V, McDade MC. 2003. Grzimek’s Animal Life Encyclopedia Second Edition, Volume 12-16 Mammals I-V. Gale, Farmington Hills, MI, USA.",CR,1
1773,Nycticebus coucang,Loridae,Primates,2,1,3,213,"Hutchins M, Kleiman DG, Geist V, McDade MC. 2003. Grzimek’s Animal Life Encyclopedia Second Edition, Volume 12-16 Mammals I-V. Gale, Farmington Hills, MI, USA.",EN,1
1774,Perodicticus potto,Loridae,Primates,2,1,3,213,"Hutchins M, Kleiman DG, Geist V, McDade MC. 2003. Grzimek’s Animal Life Encyclopedia Second Edition, Volume 12-16 Mammals I-V. Gale, Farmington Hills, MI, USA.",NT,0
1775,Dendrolagus bennettianus,Macropodidae,Diprotodontia,2,3,3,233,"Hutchins M, Kleiman DG, Geist V, McDade MC. 2003. Grzimek’s Animal Life Encyclopedia Second Edition, Volume 12-16 Mammals I-V. Gale, Farmington Hills, MI, USA., Nowak RM. 1999. Walker’s Mammals of the World, Vol. 1. Sixth Ed. The Johns Hopkins University Press, Maryland, USA.",NT,0
1776,Dendrolagus dorianus,Macropodidae,Diprotodontia,2,3,3,233,"Hutchins M, Kleiman DG, Geist V, McDade MC. 2003. Grzimek’s Animal Life Encyclopedia Second Edition, Volume 12-16 Mammals I-V. Gale, Farmington Hills, MI, USA., Nowak RM. 1999. Walker’s Mammals of the World, Vol. 1. Sixth Ed. The Johns Hopkins University Press, Maryland, USA.",VU,1
1777,Dendrolagus goodfellowi,Macropodidae,Diprotodontia,2,3,3,233,"Hutchins M, Kleiman DG, Geist V, McDade MC. 2003. Grzimek’s Animal Life Encyclopedia Second Edition, Volume 12-16 Mammals I-V. Gale, Farmington Hills, MI, USA., Nowak RM. 1999. Walker’s Mammals of the World, Vol. 1. Sixth Ed. The Johns Hopkins University Press, Maryland, USA.",EN,1
1778,Dendrolagus inustus,Macropodidae,Diprotodontia,2,3,3,233,"Hutchins M, Kleiman DG, Geist V, McDade MC. 2003. Grzimek’s Animal Life Encyclopedia Second Edition, Volume 12-16 Mammals I-V. Gale, Farmington Hills, MI, USA., Nowak RM. 1999. Walker’s Mammals of the World, Vol. 1. Sixth Ed. The Johns Hopkins University Press, Maryland, USA.",VU,1
1779,Dendrolagus lumholtzi,Macropodidae,Diprotodontia,2,3,3,233,"Hutchins M, Kleiman DG, Geist V, McDade MC. 2003. Grzimek’s Animal Life Encyclopedia Second Edition, Volume 12-16 Mammals I-V. Gale, Farmington Hills, MI, USA., Nowak RM. 1999. Walker’s Mammals of the World, Vol. 1. Sixth Ed. The Johns Hopkins University Press, Maryland, USA.",NT,0
1780,Dendrolagus matschiei,Macropodidae,Diprotodontia,2,3,3,233,"Hutchins M, Kleiman DG, Geist V, McDade MC. 2003. Grzimek’s Animal Life Encyclopedia Second Edition, Volume 12-16 Mammals I-V. Gale, Farmington Hills, MI, USA., Nowak RM. 1999. Walker’s Mammals of the World, Vol. 1. Sixth Ed. The Johns Hopkins University Press, Maryland, USA.",EN,1
1782,Dendrolagus scottae,Macropodidae,Diprotodontia,2,3,3,233,"Hutchins M, Kleiman DG, Geist V, McDade MC. 2003. Grzimek’s Animal Life Encyclopedia Second Edition, Volume 12-16 Mammals I-V. Gale, Farmington Hills, MI, USA., Nowak RM. 1999. Walker’s Mammals of the World, Vol. 1. Sixth Ed. The Johns Hopkins University Press, Maryland, USA.",CR,1
1783,Dendrolagus spadix,Macropodidae,Diprotodontia,2,3,3,233,"Hutchins M, Kleiman DG, Geist V, McDade MC. 2003. Grzimek’s Animal Life Encyclopedia Second Edition, Volume 12-16 Mammals I-V. Gale, Farmington Hills, MI, USA., Nowak RM. 1999. Walker’s Mammals of the World, Vol. 1. Sixth Ed. The Johns Hopkins University Press, Maryland, USA.",VU,1
1785,Dendrolagus ursinus,Macropodidae,Diprotodontia,2,3,3,233,"Hutchins M, Kleiman DG, Geist V, McDade MC. 2003. Grzimek’s Animal Life Encyclopedia Second Edition, Volume 12-16 Mammals I-V. Gale, Farmington Hills, MI, USA., Nowak RM. 1999. Walker’s Mammals of the World, Vol. 1. Sixth Ed. The Johns Hopkins University Press, Maryland, USA.",VU,1
1786,Dorcopsulus macleayi,Macropodidae,Diprotodontia,2,3,3,233,"Hutchins M, Kleiman DG, Geist V, McDade MC. 2003. Grzimek’s Animal Life Encyclopedia Second Edition, Volume 12-16 Mammals I-V. Gale, Farmington Hills, MI, USA.; Flannery T. 1995. Mammals of New Guinea. Cornell University Press, Ithaca, NY.",LC,0
1787,Dorcopsulus vanheurni,Macropodidae,Diprotodontia,2,3,3,233,"Hutchins M, Kleiman DG, Geist V, McDade MC. 2003. Grzimek’s Animal Life Encyclopedia Second Edition, Volume 12-16 Mammals I-V. Gale, Farmington Hills, MI, USA.; Flannery T. 1995. Mammals of New Guinea. Cornell University Press, Ithaca, NY.",NT,0
1788,Lepilemur aeeclis,Megaladapidae,Primates,2,2,3,223,"Garbutt, N. 2007. Mammal of Madagascar: A complete guide. Yale University Press, New Haven, CT.",EN,1
1790,Lepilemur ankaranensis,Megaladapidae,Primates,2,2,3,223,"Garbutt, N. 2007. Mammal of Madagascar: A complete guide. Yale University Press, New Haven, CT.",EN,1
1791,Lepilemur betsileo,Megaladapidae,Primates,2,2,3,223,"Garbutt, N. 2007. Mammal of Madagascar: A complete guide. Yale University Press, New Haven, CT.",EN,1
1792,Lepilemur dorsalis,Megaladapidae,Primates,2,2,3,223,"Hutchins M, Kleiman DG, Geist V, McDade MC. 2003. Grzimek’s Animal Life Encyclopedia Second Edition, Volume 12-16 Mammals I-V. Gale, Farmington Hills, MI, USA.",EN,1
1793,Lepilemur edwardsi,Megaladapidae,Primates,2,2,3,223,"Hutchins M, Kleiman DG, Geist V, McDade MC. 2003. Grzimek’s Animal Life Encyclopedia Second Edition, Volume 12-16 Mammals I-V. Gale, Farmington Hills, MI, USA.",EN,1
1794,Lepilemur fleuretae,Megaladapidae,Primates,2,2,3,223,"Garbutt, N. 2007. Mammal of Madagascar: A complete guide. Yale University Press, New Haven, CT.",EN,1
1795,Lepilemur grewcockorum,Megaladapidae,Primates,2,2,3,223,"Garbutt, N. 2007. Mammal of Madagascar: A complete guide. Yale University Press, New Haven, CT.",CR,1
1798,Lepilemur leucopus,Megaladapidae,Primates,2,2,3,223,"Hutchins M, Kleiman DG, Geist V, McDade MC. 2003. Grzimek’s Animal Life Encyclopedia Second Edition, Volume 12-16 Mammals I-V. Gale, Farmington Hills, MI, USA.",EN,1
1799,Lepilemur microdon,Megaladapidae,Primates,2,2,3,223,"Hutchins M, Kleiman DG, Geist V, McDade MC. 2003. Grzimek’s Animal Life Encyclopedia Second Edition, Volume 12-16 Mammals I-V. Gale, Farmington Hills, MI, USA.",EN,1
1800,Lepilemur milanoii,Megaladapidae,Primates,2,2,3,223,"Garbutt, N. 2007. Mammal of Madagascar: A complete guide. Yale University Press, New Haven, CT.",EN,1
1801,Lepilemur mittermeieri,Megaladapidae,Primates,2,2,3,223,"Garbutt, N. 2007. Mammal of Madagascar: A complete guide. Yale University Press, New Haven, CT.",CR,1
1802,Lepilemur mustelinus,Megaladapidae,Primates,2,2,3,223,"Hutchins M, Kleiman DG, Geist V, McDade MC. 2003. Grzimek’s Animal Life Encyclopedia Second Edition, Volume 12-16 Mammals I-V. Gale, Farmington Hills, MI, USA.",VU,1
1803,Lepilemur petteri,Megaladapidae,Primates,2,2,3,223,"Garbutt, N. 2007. Mammal of Madagascar: A complete guide. Yale University Press, New Haven, CT.",EN,1
1805,Lepilemur ruficaudatus,Megaladapidae,Primates,2,2,3,223,"Hutchins M, Kleiman DG, Geist V, McDade MC. 2003. Grzimek’s Animal Life Encyclopedia Second Edition, Volume 12-16 Mammals I-V. Gale, Farmington Hills, MI, USA.",CR,1
1807,Lepilemur seali,Megaladapidae,Primates,2,2,3,223,"Garbutt, N. 2007. Mammal of Madagascar: A complete guide. Yale University Press, New Haven, CT.",VU,1
1808,Lepilemur septentrionalis,Megaladapidae,Primates,2,2,3,223,"Hutchins M, Kleiman DG, Geist V, McDade MC. 2003. Grzimek’s Animal Life Encyclopedia Second Edition, Volume 12-16 Mammals I-V. Gale, Farmington Hills, MI, USA.",CR,1
1809,Lepilemur tymerlachsoni,Megaladapidae,Primates,2,2,3,223,"Garbutt, N. 2007. Mammal of Madagascar: A complete guide. Yale University Press, New Haven, CT.",CR,1
1814,Choloepus didactylus,Megalonychidae,Xenarthra,2,2,3,223,"Hutchins M, Kleiman DG, Geist V, McDade MC. 2003. Grzimek’s Animal Life Encyclopedia Second Edition, Volume 12-16 Mammals I-V. Gale, Farmington Hills, MI, USA.",LC,0
1815,Choloepus hoffmanni,Megalonychidae,Xenarthra,2,2,3,223,"Hutchins M, Kleiman DG, Geist V, McDade MC. 2003. Grzimek’s Animal Life Encyclopedia Second Edition, Volume 12-16 Mammals I-V. Gale, Farmington Hills, MI, USA.",LC,0
1822,Abeomelomys sevia,Muridae,Rodentia,2,1,3,213,"Hutchins M, Kleiman DG, Geist V, McDade MC. 2003. Grzimek’s Animal Life Encyclopedia Second Edition, Volume 12-16 Mammals I-V. Gale, Farmington Hills, MI, USA.; Flannery T. 1995. Mammals of New Guinea. Cornell University Press, Ithaca, NY.",LC,0
1823,Arborimus longicaudus,Muridae,Rodentia,2,1,3,213,"Hutchins M, Kleiman DG, Geist V, McDade MC. 2003. Grzimek’s Animal Life Encyclopedia Second Edition, Volume 12-16 Mammals I-V. Gale, Farmington Hills, MI, USA.",NT,0
1825,Chiropodomys gliroides,Muridae,Rodentia,2,1,3,213,"Hutchins M, Kleiman DG, Geist V, McDade MC. 2003. Grzimek’s Animal Life Encyclopedia Second Edition, Volume 12-16 Mammals I-V. Gale, Farmington Hills, MI, USA. ; Nowak RM. 1999. Walker’s Mammals of the World, Vol. 2. Sixth Ed. The Johns Hopkins University Press, Maryland, USA. ",LC,0
1826,Chiropodomys karlkoopmani,Muridae,Rodentia,2,1,3,213,"Hutchins M, Kleiman DG, Geist V, McDade MC. 2003. Grzimek’s Animal Life Encyclopedia Second Edition, Volume 12-16 Mammals I-V. Gale, Farmington Hills, MI, USA.; Nowak RM. 1999. Walker’s Mammals of the World, Vol. 2. Sixth Ed. The Johns Hopkins University Press, Maryland, USA.",VU,1
1827,Chiropodomys major,Muridae,Rodentia,2,1,3,213,"Hutchins M, Kleiman DG, Geist V, McDade MC. 2003. Grzimek’s Animal Life Encyclopedia Second Edition, Volume 12-16 Mammals I-V. Gale, Farmington Hills, MI, USA. ; Nowak RM. 1999. Walker’s Mammals of the World, Vol. 2. Sixth Ed. The Johns Hopkins University Press, Maryland, USA. ",LC,0
1830,Chiruromys forbesi,Muridae,Rodentia,2,1,3,213,"Hutchins M, Kleiman DG, Geist V, McDade MC. 2003. Grzimek’s Animal Life Encyclopedia Second Edition, Volume 12-16 Mammals I-V. Gale, Farmington Hills, MI, USA.; Flannery T. 1995. Mammals of New Guinea. Cornell University Press, Ithaca, NY.",LC,0
1831,Chiruromys lamia,Muridae,Rodentia,2,1,3,213,"Hutchins M, Kleiman DG, Geist V, McDade MC. 2003. Grzimek’s Animal Life Encyclopedia Second Edition, Volume 12-16 Mammals I-V. Gale, Farmington Hills, MI, USA.; Flannery T. 1995. Mammals of New Guinea. Cornell University Press, Ithaca, NY.",LC,0
1832,Chiruromys vates,Muridae,Rodentia,2,1,3,213,"Hutchins M, Kleiman DG, Geist V, McDade MC. 2003. Grzimek’s Animal Life Encyclopedia Second Edition, Volume 12-16 Mammals I-V. Gale, Farmington Hills, MI, USA.; Flannery T. 1995. Mammals of New Guinea. Cornell University Press, Ithaca, NY.",LC,0
1833,Conilurus albipes,Muridae,Rodentia,2,1,3,213,"Hutchins M, Kleiman DG, Geist V, McDade MC. 2003. Grzimek’s Animal Life Encyclopedia Second Edition, Volume 12-16 Mammals I-V. Gale, Farmington Hills, MI, USA.; Flannery T. 1995. Mammals of New Guinea. Cornell University Press, Ithaca, NY.",EX,1
1834,Conilurus penicillatus,Muridae,Rodentia,2,1,3,213,"Hutchins M, Kleiman DG, Geist V, McDade MC. 2003. Grzimek’s Animal Life Encyclopedia Second Edition, Volume 12-16 Mammals I-V. Gale, Farmington Hills, MI, USA.; Flannery T. 1995. Mammals of New Guinea. Cornell University Press, Ithaca, NY.",VU,1
1837,Crateromys schadenbergi,Muridae,Rodentia,2,1,3,213,"Hutchins M, Kleiman DG, Geist V, McDade MC. 2003. Grzimek’s Animal Life Encyclopedia Second Edition, Volume 12-16 Mammals I-V. Gale, Farmington Hills, MI, USA.; Alderton, D. 1996. Rodents of the world. Facts on File, INC., NY, USA. ; Nowak RM. 1999. Walker’s Mammals of the World, Vol. 2. Sixth Ed. The Johns Hopkins University Press, Maryland, USA.",EN,1
1838,Delanymys brooksi,Muridae,Rodentia,2,1,3,213,"Hutchins M, Kleiman DG, Geist V, McDade MC. 2003. Grzimek’s Animal Life Encyclopedia Second Edition, Volume 12-16 Mammals I-V. Gale, Farmington Hills, MI, USA.",VU,1
1839,Dephomys defua,Muridae,Rodentia,2,1,3,213,"Hutchins M, Kleiman DG, Geist V, McDade MC. 2003. Grzimek’s Animal Life Encyclopedia Second Edition, Volume 12-16 Mammals I-V. Gale, Farmington Hills, MI, USA.; Nowak RM. 1999. Walker’s Mammals of the World, Vol. 2. Sixth Ed. The Johns Hopkins University Press, Maryland, USA.",LC,0
1841,Grammomys dolichurus,Muridae,Rodentia,2,1,3,213,"Hutchins M, Kleiman DG, Geist V, McDade MC. 2003. Grzimek’s Animal Life Encyclopedia Second Edition, Volume 12-16 Mammals I-V. Gale, Farmington Hills, MI, USA.; Skinner, J. D., Chimimba, C. T. 2005. The Mammals of Southern African Subregion. Cambridge University Press, Cape Town, South Africa. ",LC,0
1843,Haeromys minahassae,Muridae,Rodentia,2,1,3,213,"Hutchins M, Kleiman DG, Geist V, McDade MC. 2003. Grzimek’s Animal Life Encyclopedia Second Edition, Volume 12-16 Mammals I-V. Gale, Farmington Hills, MI, USA. ; Nowak RM. 1999. Walker’s Mammals of the World, Vol. 2. Sixth Ed. The Johns Hopkins University Press, Maryland, USA.",VU,1
1844,Haeromys pusillus,Muridae,Rodentia,2,1,3,213,"Hutchins M, Kleiman DG, Geist V, McDade MC. 2003. Grzimek’s Animal Life Encyclopedia Second Edition, Volume 12-16 Mammals I-V. Gale, Farmington Hills, MI, USA. ; Nowak RM. 1999. Walker’s Mammals of the World, Vol. 2. Sixth Ed. The Johns Hopkins University Press, Maryland, USA.",VU,1
1845,Hapalomys delacouri,Muridae,Rodentia,2,1,3,213,"Nowak RM. 1999. Walker’s Mammals of the World, Vol. 2. Sixth Ed. The Johns Hopkins University Press, Maryland, USA.",VU,1
1846,Hapalomys longicaudatus,Muridae,Rodentia,2,1,3,213,"Nowak RM. 1999. Walker’s Mammals of the World, Vol. 2. Sixth Ed. The Johns Hopkins University Press, Maryland, USA.",EN,1
1847,Hylomyscus aeta,Muridae,Rodentia,2,1,3,213,"Hutchins M, Kleiman DG, Geist V, McDade MC. 2003. Grzimek’s Animal Life Encyclopedia Second Edition, Volume 12-16 Mammals I-V. Gale, Farmington Hills, MI, USA.; Nowak RM. 1999. Walker’s Mammals of the World, Vol. 2. Sixth Ed. The Johns Hopkins University Press, Maryland, USA.",LC,0
1848,Hylomyscus alleni,Muridae,Rodentia,2,1,3,213,"Hutchins M, Kleiman DG, Geist V, McDade MC. 2003. Grzimek’s Animal Life Encyclopedia Second Edition, Volume 12-16 Mammals I-V. Gale, Farmington Hills, MI, USA.; Nowak RM. 1999. Walker’s Mammals of the World, Vol. 2. Sixth Ed. The Johns Hopkins University Press, Maryland, USA.",LC,0
1849,Hylomyscus baeri,Muridae,Rodentia,2,1,3,213,"Hutchins M, Kleiman DG, Geist V, McDade MC. 2003. Grzimek’s Animal Life Encyclopedia Second Edition, Volume 12-16 Mammals I-V. Gale, Farmington Hills, MI, USA.; Nowak RM. 1999. Walker’s Mammals of the World, Vol. 2. Sixth Ed. The Johns Hopkins University Press, Maryland, USA.",EN,1
1850,Hylomyscus carillus,Muridae,Rodentia,2,1,3,213,"Hutchins M, Kleiman DG, Geist V, McDade MC. 2003. Grzimek’s Animal Life Encyclopedia Second Edition, Volume 12-16 Mammals I-V. Gale, Farmington Hills, MI, USA.; Nowak RM. 1999. Walker’s Mammals of the World, Vol. 2. Sixth Ed. The Johns Hopkins University Press, Maryland, USA.",LC,0
1851,Hylomyscus denniae,Muridae,Rodentia,2,1,3,213,"Hutchins M, Kleiman DG, Geist V, McDade MC. 2003. Grzimek’s Animal Life Encyclopedia Second Edition, Volume 12-16 Mammals I-V. Gale, Farmington Hills, MI, USA.; Nowak RM. 1999. Walker’s Mammals of the World, Vol. 2. Sixth Ed. The Johns Hopkins University Press, Maryland, USA.",LC,0
1852,Hylomyscus parvus,Muridae,Rodentia,2,1,3,213,"Hutchins M, Kleiman DG, Geist V, McDade MC. 2003. Grzimek’s Animal Life Encyclopedia Second Edition, Volume 12-16 Mammals I-V. Gale, Farmington Hills, MI, USA.; Nowak RM. 1999. Walker’s Mammals of the World, Vol. 2. Sixth Ed. The Johns Hopkins University Press, Maryland, USA.",LC,0
1853,Hylomyscus stella,Muridae,Rodentia,2,1,3,213,"Hutchins M, Kleiman DG, Geist V, McDade MC. 2003. Grzimek’s Animal Life Encyclopedia Second Edition, Volume 12-16 Mammals I-V. Gale, Farmington Hills, MI, USA.; Nowak RM. 1999. Walker’s Mammals of the World, Vol. 2. Sixth Ed. The Johns Hopkins University Press, Maryland, USA.",LC,0
1854,Leporillus apicalis,Muridae,Rodentia,2,1,3,213,"Hutchins M, Kleiman DG, Geist V, McDade MC. 2003. Grzimek’s Animal Life Encyclopedia Second Edition, Volume 12-16 Mammals I-V. Gale, Farmington Hills, MI, USA. ; Nowak RM. 1999. Walker’s Mammals of the World, Vol. 2. Sixth Ed. The Johns Hopkins University Press, Maryland, USA.",EX,1
1855,Lophiomys imhausi,Muridae,Rodentia,2,1,3,213,"Hutchins M, Kleiman DG, Geist V, McDade MC. 2003. Grzimek’s Animal Life Encyclopedia Second Edition, Volume 12-16 Mammals I-V. Gale, Farmington Hills, MI, USA.; Alderton, D. 1996. Rodents of the world. Facts on File, INC., NY, USA.",LC,0
1856,Lorentzimys nouhuysi,Muridae,Rodentia,2,1,3,213,"Hutchins M, Kleiman DG, Geist V, McDade MC. 2003. Grzimek’s Animal Life Encyclopedia Second Edition, Volume 12-16 Mammals I-V. Gale, Farmington Hills, MI, USA. ; Nowak RM. 1999. Walker’s Mammals of the World, Vol. 2. Sixth Ed. The Johns Hopkins University Press, Maryland, USA.",LC,0
1857,Mallomys aroaensis,Muridae,Rodentia,2,1,3,213,"Alderton, D. 1996. Rodents of the world. Facts on File, INC., NY, USA.",LC,0
1858,Mallomys gunung,Muridae,Rodentia,2,1,3,213,"Alderton, D. 1996. Rodents of the world. Facts on File, INC., NY, USA.",EN,1
1859,Mallomys istapantap,Muridae,Rodentia,2,1,3,213,"Alderton, D. 1996. Rodents of the world. Facts on File, INC., NY, USA.",LC,0
1860,Mallomys rothschildi,Muridae,Rodentia,2,1,3,213,"Alderton, D. 1996. Rodents of the world. Facts on File, INC., NY, USA.",LC,0
1862,Melomys leucogaster,Muridae,Rodentia,2,1,3,213,"Hutchins M, Kleiman DG, Geist V, McDade MC. 2003. Grzimek’s Animal Life Encyclopedia Second Edition, Volume 12-16 Mammals I-V. Gale, Farmington Hills, MI, USA.; Flannery T. 1995. Mammals of New Guinea. Cornell University Press, Ithaca, NY. ; Nowak RM. 1999. Walker’s Mammals of the World, Vol. 2. Sixth Ed. The Johns Hopkins University Press, Maryland, USA.",LC,0
1863,Melomys rufescens,Muridae,Rodentia,2,1,3,213,"Hutchins M, Kleiman DG, Geist V, McDade MC. 2003. Grzimek’s Animal Life Encyclopedia Second Edition, Volume 12-16 Mammals I-V. Gale, Farmington Hills, MI, USA.; Flannery T. 1995. Mammals of New Guinea. Cornell University Press, Ithaca, NY. Nowak RM. 1999. Walker’s Mammals of the World, Vol. 2. Sixth Ed. The Johns Hopkins University Press, Maryland, USA.",LC,0
1864,Mesembriomys gouldii,Muridae,Rodentia,2,1,3,213,"Hutchins M, Kleiman DG, Geist V, McDade MC. 2003. Grzimek’s Animal Life Encyclopedia Second Edition, Volume 12-16 Mammals I-V. Gale, Farmington Hills, MI, USA. ; Nowak RM. 1999. Walker’s Mammals of the World, Vol. 2. Sixth Ed. The Johns Hopkins University Press, Maryland, USA.",VU,1
1865,Mesembriomys macrurus,Muridae,Rodentia,2,1,3,213,"Hutchins M, Kleiman DG, Geist V, McDade MC. 2003. Grzimek’s Animal Life Encyclopedia Second Edition, Volume 12-16 Mammals I-V. Gale, Farmington Hills, MI, USA. ; Nowak RM. 1999. Walker’s Mammals of the World, Vol. 2. Sixth Ed. The Johns Hopkins University Press, Maryland, USA.",NT,0
1866,Neotoma cinerea,Muridae,Rodentia,2,1,3,213,"Hutchins M, Kleiman DG, Geist V, McDade MC. 2003. Grzimek’s Animal Life Encyclopedia Second Edition, Volume 12-16 Mammals I-V. Gale, Farmington Hills, MI, USA. ; Burton, M., Burton R. 1975. Encyclopedia of Mammals. Octopus Books Limited, London W1. ; Klein, S., 1983. The encyclopedia of North American wildlife. Facts on File, INC., NY, USA. ",LC,0
1867,Neotoma fuscipes,Muridae,Rodentia,2,1,3,213,"Hutchins M, Kleiman DG, Geist V, McDade MC. 2003. Grzimek’s Animal Life Encyclopedia Second Edition, Volume 12-16 Mammals I-V. Gale, Farmington Hills, MI, USA., Nowak RM. 1999. Walker’s Mammals of the World, Vol. 2. Sixth Ed. The Johns Hopkins University Press, Maryland, USA.",LC,0
1868,Nyctomys sumichrasti,Muridae,Rodentia,2,1,3,213,"Alderton, D. 1996. Rodents of the world. Facts on File, INC., NY, USA. ; Nowak RM. 1999. Walker’s Mammals of the World, Vol. 2. Sixth Ed. The Johns Hopkins University Press, Maryland, USA.",LC,0
1869,Ochrotomys nuttalli,Muridae,Rodentia,2,1,3,213,"Hutchins M, Kleiman DG, Geist V, McDade MC. 2003. Grzimek’s Animal Life Encyclopedia Second Edition, Volume 12-16 Mammals I-V. Gale, Farmington Hills, MI, USA.",LC,0
1870,Ototylomys phyllotis,Muridae,Rodentia,2,1,3,213,"Hutchins M, Kleiman DG, Geist V, McDade MC. 2003. Grzimek’s Animal Life Encyclopedia Second Edition, Volume 12-16 Mammals I-V. Gale, Farmington Hills, MI, USA.",LC,0
1871,Pithecheir melanurus,Muridae,Rodentia,2,1,3,213,"Hutchins M, Kleiman DG, Geist V, McDade MC. 2003. Grzimek’s Animal Life Encyclopedia Second Edition, Volume 12-16 Mammals I-V. Gale, Farmington Hills, MI, USA.; Alderton, D. 1996. Rodents of the world. Facts on File, INC., NY, USA. ; Klein, S., 1983. The encyclopedia of North American wildlife. Facts on File, INC., NY, USA.",VU,1
1873,Platacanthomys lasiurus,Muridae,Rodentia,2,1,3,213,"Hutchins M, Kleiman DG, Geist V, McDade MC. 2003. Grzimek’s Animal Life Encyclopedia Second Edition, Volume 12-16 Mammals I-V. Gale, Farmington Hills, MI, USA. ; Nowak RM. 1999. Walker’s Mammals of the World, Vol. 2. Sixth Ed. The Johns Hopkins University Press, Maryland, USA.",VU,1
1875,Pogonomelomys mayeri,Muridae,Rodentia,2,1,3,213,"Hutchins M, Kleiman DG, Geist V, McDade MC. 2003. Grzimek’s Animal Life Encyclopedia Second Edition, Volume 12-16 Mammals I-V. Gale, Farmington Hills, MI, USA.; Flannery T. 1995. Mammals of New Guinea. Cornell University Press, Ithaca, NY.",LC,0
1876,Solomys ponceleti,Muridae,Rodentia,2,1,3,213,"Hutchins M, Kleiman DG, Geist V, McDade MC. 2003. Grzimek’s Animal Life Encyclopedia Second Edition, Volume 12-16 Mammals I-V. Gale, Farmington Hills, MI, USA.; Flannery T. 1995. Mammals of New Guinea. Cornell University Press, Ithaca, NY. ; Nowak RM. 1999. Walker’s Mammals of the World, Vol. 2. Sixth Ed. The Johns Hopkins University Press, Maryland, USA.",CR,1
1878,Solomys salebrosus,Muridae,Rodentia,2,1,3,213,"Hutchins M, Kleiman DG, Geist V, McDade MC. 2003. Grzimek’s Animal Life Encyclopedia Second Edition, Volume 12-16 Mammals I-V. Gale, Farmington Hills, MI, USA.; Flannery T. 1995. Mammals of New Guinea. Cornell University Press, Ithaca, NY. ; Nowak RM. 1999. Walker’s Mammals of the World, Vol. 2. Sixth Ed. The Johns Hopkins University Press, Maryland, USA.",EN,1
1879,Solomys sapientis,Muridae,Rodentia,2,1,3,213,"Hutchins M, Kleiman DG, Geist V, McDade MC. 2003. Grzimek’s Animal Life Encyclopedia Second Edition, Volume 12-16 Mammals I-V. Gale, Farmington Hills, MI, USA.; Flannery T. 1995. Mammals of New Guinea. Cornell University Press, Ithaca, NY. ; Nowak RM. 1999. Walker’s Mammals of the World, Vol. 2. Sixth Ed. The Johns Hopkins University Press, Maryland, USA.",EN,1
1881,Thallomys loringi,Muridae,Rodentia,2,1,3,213,"Hutchins M, Kleiman DG, Geist V, McDade MC. 2003. Grzimek’s Animal Life Encyclopedia Second Edition, Volume 12-16 Mammals I-V. Gale, Farmington Hills, MI, USA. ; Nowak RM. 1999. Walker’s Mammals of the World, Vol. 2. Sixth Ed. The Johns Hopkins University Press, Maryland, USA.",LC,0
1882,Thallomys nigricauda,Muridae,Rodentia,2,1,3,213,"Hutchins M, Kleiman DG, Geist V, McDade MC. 2003. Grzimek’s Animal Life Encyclopedia Second Edition, Volume 12-16 Mammals I-V. Gale, Farmington Hills, MI, USA. ; Nowak RM. 1999. Walker’s Mammals of the World, Vol. 2. Sixth Ed. The Johns Hopkins University Press, Maryland, USA.",LC,0
1883,Thallomys paedulcus,Muridae,Rodentia,2,1,3,213,"Hutchins M, Kleiman DG, Geist V, McDade MC. 2003. Grzimek’s Animal Life Encyclopedia Second Edition, Volume 12-16 Mammals I-V. Gale, Farmington Hills, MI, USA. ; Nowak RM. 1999. Walker’s Mammals of the World, Vol. 2. Sixth Ed. The Johns Hopkins University Press, Maryland, USA.",LC,0
1885,Thamnomys kempi,Muridae,Rodentia,2,1,3,213,"Hutchins M, Kleiman DG, Geist V, McDade MC. 2003. Grzimek’s Animal Life Encyclopedia Second Edition, Volume 12-16 Mammals I-V. Gale, Farmington Hills, MI, USA. ; Nowak RM. 1999. Walker’s Mammals of the World, Vol. 2. Sixth Ed. The Johns Hopkins University Press, Maryland, USA.",VU,1
1886,Thamnomys venustus,Muridae,Rodentia,2,1,3,213,"Hutchins M, Kleiman DG, Geist V, McDade MC. 2003. Grzimek’s Animal Life Encyclopedia Second Edition, Volume 12-16 Mammals I-V. Gale, Farmington Hills, MI, USA. ; Nowak RM. 1999. Walker’s Mammals of the World, Vol. 2. Sixth Ed. The Johns Hopkins University Press, Maryland, USA.",LC,0
1887,Tylomys bullaris,Muridae,Rodentia,2,1,3,213,"Alderton, D. 1996. Rodents of the world. Facts on File, INC., NY, USA., Nowak RM. 1999. Walker’s Mammals of the World, Vol. 2. Sixth Ed. The Johns Hopkins University Press, Maryland, USA.",CR,1
1889,Tylomys mirae,Muridae,Rodentia,2,1,3,213,"Alderton, D. 1996. Rodents of the world. Facts on File, INC., NY, USA., Nowak RM. 1999. Walker’s Mammals of the World, Vol. 2. Sixth Ed. The Johns Hopkins University Press, Maryland, USA.",LC,0
1890,Tylomys nudicaudus,Muridae,Rodentia,2,1,3,213,"Alderton, D. 1996. Rodents of the world. Facts on File, INC., NY, USA., Nowak RM. 1999. Walker’s Mammals of the World, Vol. 2. Sixth Ed. The Johns Hopkins University Press, Maryland, USA.",LC,0
1892,Tylomys tumbalensis,Muridae,Rodentia,2,1,3,213,"Alderton, D. 1996. Rodents of the world. Facts on File, INC., NY, USA., Nowak RM. 1999. Walker’s Mammals of the World, Vol. 2. Sixth Ed. The Johns Hopkins University Press, Maryland, USA.",CR,1
1893,Tylomys watsoni,Muridae,Rodentia,2,1,3,213,"Alderton, D. 1996. Rodents of the world. Facts on File, INC., NY, USA., Nowak RM. 1999. Walker’s Mammals of the World, Vol. 2. Sixth Ed. The Johns Hopkins University Press, Maryland, USA.",LC,0
1894,Uromys anak,Muridae,Rodentia,2,1,3,213,"Hutchins M, Kleiman DG, Geist V, McDade MC. 2003. Grzimek’s Animal Life Encyclopedia Second Edition, Volume 12-16 Mammals I-V. Gale, Farmington Hills, MI, USA.; Flannery T. 1995. Mammals of New Guinea. Cornell University Press, Ithaca, NY.",LC,0
1895,Uromys imperator,Muridae,Rodentia,2,1,3,213,"Hutchins M, Kleiman DG, Geist V, McDade MC. 2003. Grzimek’s Animal Life Encyclopedia Second Edition, Volume 12-16 Mammals I-V. Gale, Farmington Hills, MI, USA.; Flannery T. 1995. Mammals of New Guinea. Cornell University Press, Ithaca, NY. ; Nowak RM. 1999. Walker’s Mammals of the World, Vol. 2. Sixth Ed. The Johns Hopkins University Press, Maryland, USA.",CR,1
1897,Uromys porculus,Muridae,Rodentia,2,1,3,213,"Hutchins M, Kleiman DG, Geist V, McDade MC. 2003. Grzimek’s Animal Life Encyclopedia Second Edition, Volume 12-16 Mammals I-V. Gale, Farmington Hills, MI, USA.; Flannery T. 1995. Mammals of New Guinea. Cornell University Press, Ithaca, NY. ; Nowak RM. 1999. Walker’s Mammals of the World, Vol. 2. Sixth Ed. The Johns Hopkins University Press, Maryland, USA.",CR,1
1898,Uromys rex,Muridae,Rodentia,2,1,3,213,"Hutchins M, Kleiman DG, Geist V, McDade MC. 2003. Grzimek’s Animal Life Encyclopedia Second Edition, Volume 12-16 Mammals I-V. Gale, Farmington Hills, MI, USA.; Flannery T. 1995. Mammals of New Guinea. Cornell University Press, Ithaca, NY. ; Nowak RM. 1999. Walker’s Mammals of the World, Vol. 2. Sixth Ed. The Johns Hopkins University Press, Maryland, USA.",EN,1
1899,Vandeleuria nolthenii,Muridae,Rodentia,2,1,3,213,"Alderton, D. 1996. Rodents of the world. Facts on File, INC., NY, USA. ; Nowak RM. 1999. Walker’s Mammals of the World, Vol. 2. Sixth Ed. The Johns Hopkins University Press, Maryland, USA.",EN,1
1900,Vandeleuria oleracea,Muridae,Rodentia,2,1,3,213,"Alderton, D. 1996. Rodents of the world. Facts on File, INC., NY, USA. ; Nowak RM. 1999. Walker’s Mammals of the World, Vol. 2. Sixth Ed. The Johns Hopkins University Press, Maryland, USA.",LC,0
1906,Palaeopropithecus ingens,Palaeopropithecidae,Primates,2,1,3,213,"Nowak RM. 1999. Walker’s Mammals of the World, Vol. 1. Sixth Ed. The Johns Hopkins University Press, Maryland, USA.",EX,1
1908,Gymnobelideus leadbeateri,Petauridae,Diprotodontia,2,1,3,213,"Hutchins M, Kleiman DG, Geist V, McDade MC. 2003. Grzimek’s Animal Life Encyclopedia Second Edition, Volume 12-16 Mammals I-V. Gale, Farmington Hills, MI, USA.",CR,1
1909,Petaurus abidi,Petauridae,Diprotodontia,2,6,3,263,"Hutchins M, Kleiman DG, Geist V, McDade MC. 2003. Grzimek’s Animal Life Encyclopedia Second Edition, Volume 12-16 Mammals I-V. Gale, Farmington Hills, MI, USA.",CR,1
1910,Petaurus australis,Petauridae,Diprotodontia,2,6,3,263,"Hutchins M, Kleiman DG, Geist V, McDade MC. 2003. Grzimek’s Animal Life Encyclopedia Second Edition, Volume 12-16 Mammals I-V. Gale, Farmington Hills, MI, USA.",NT,0
1911,Petaurus breviceps,Petauridae,Diprotodontia,2,6,3,263,"Hutchins M, Kleiman DG, Geist V, McDade MC. 2003. Grzimek’s Animal Life Encyclopedia Second Edition, Volume 12-16 Mammals I-V. Gale, Farmington Hills, MI, USA.",LC,0
1912,Petaurus gracilis,Petauridae,Diprotodontia,2,6,3,263,"Hutchins M, Kleiman DG, Geist V, McDade MC. 2003. Grzimek’s Animal Life Encyclopedia Second Edition, Volume 12-16 Mammals I-V. Gale, Farmington Hills, MI, USA.",EN,1
1913,Petaurus norfolcensis,Petauridae,Diprotodontia,2,6,3,263,"Hutchins M, Kleiman DG, Geist V, McDade MC. 2003. Grzimek’s Animal Life Encyclopedia Second Edition, Volume 12-16 Mammals I-V. Gale, Farmington Hills, MI, USA.",LC,0
1914,Ailurops ursinus,Phalangeridae,Diprotodontia,2,3,3,233,"Hutchins M, Kleiman DG, Geist V, McDade MC. 2003. Grzimek’s Animal Life Encyclopedia Second Edition, Volume 12-16 Mammals I-V. Gale, Farmington Hills, MI, USA.",VU,1
1915,Phalanger carmelitae,Phalangeridae,Diprotodontia,2,3,3,233,"Hutchins M, Kleiman DG, Geist V, McDade MC. 2003. Grzimek’s Animal Life Encyclopedia Second Edition, Volume 12-16 Mammals I-V. Gale, Farmington Hills, MI, USA.",LC,0
1916,Phalanger intercastellanus,Phalangeridae,Diprotodontia,2,3,3,233,"Hutchins M, Kleiman DG, Geist V, McDade MC. 2003. Grzimek’s Animal Life Encyclopedia Second Edition, Volume 12-16 Mammals I-V. Gale, Farmington Hills, MI, USA.",LC,0
1917,Phalanger lullulae,Phalangeridae,Diprotodontia,2,3,3,233,"Hutchins M, Kleiman DG, Geist V, McDade MC. 2003. Grzimek’s Animal Life Encyclopedia Second Edition, Volume 12-16 Mammals I-V. Gale, Farmington Hills, MI, USA.",EN,1
1918,Phalanger matanim,Phalangeridae,Diprotodontia,2,3,3,233,"Hutchins M, Kleiman DG, Geist V, McDade MC. 2003. Grzimek’s Animal Life Encyclopedia Second Edition, Volume 12-16 Mammals I-V. Gale, Farmington Hills, MI, USA.",CR,1
1919,Phalanger orientalis,Phalangeridae,Diprotodontia,2,3,3,233,"Hutchins M, Kleiman DG, Geist V, McDade MC. 2003. Grzimek’s Animal Life Encyclopedia Second Edition, Volume 12-16 Mammals I-V. Gale, Farmington Hills, MI, USA.",LC,0
1920,Phalanger ornatus,Phalangeridae,Diprotodontia,2,3,3,233,"Hutchins M, Kleiman DG, Geist V, McDade MC. 2003. Grzimek’s Animal Life Encyclopedia Second Edition, Volume 12-16 Mammals I-V. Gale, Farmington Hills, MI, USA.",LC,0
1922,Phalanger rothschildi,Phalangeridae,Diprotodontia,2,3,3,233,"Hutchins M, Kleiman DG, Geist V, McDade MC. 2003. Grzimek’s Animal Life Encyclopedia Second Edition, Volume 12-16 Mammals I-V. Gale, Farmington Hills, MI, USA.",LC,0
1923,Phalanger sericeus,Phalangeridae,Diprotodontia,2,3,3,233,"Hutchins M, Kleiman DG, Geist V, McDade MC. 2003. Grzimek’s Animal Life Encyclopedia Second Edition, Volume 12-16 Mammals I-V. Gale, Farmington Hills, MI, USA.",LC,0
1924,Phalanger vestitus,Phalangeridae,Diprotodontia,2,3,3,233,"Hutchins M, Kleiman DG, Geist V, McDade MC. 2003. Grzimek’s Animal Life Encyclopedia Second Edition, Volume 12-16 Mammals I-V. Gale, Farmington Hills, MI, USA.",LC,0
1925,Spilocuscus maculatus,Phalangeridae,Diprotodontia,2,3,3,233,"Hutchins M, Kleiman DG, Geist V, McDade MC. 2003. Grzimek’s Animal Life Encyclopedia Second Edition, Volume 12-16 Mammals I-V. Gale, Farmington Hills, MI, USA.",LC,0
1926,Spilocuscus rufoniger,Phalangeridae,Diprotodontia,2,3,3,233,"Hutchins M, Kleiman DG, Geist V, McDade MC. 2003. Grzimek’s Animal Life Encyclopedia Second Edition, Volume 12-16 Mammals I-V. Gale, Farmington Hills, MI, USA.",CR,1
1927,Strigocuscus celebensis,Phalangeridae,Diprotodontia,2,3,3,233,"Hutchins M, Kleiman DG, Geist V, McDade MC. 2003. Grzimek’s Animal Life Encyclopedia Second Edition, Volume 12-16 Mammals I-V. Gale, Farmington Hills, MI, USA.",NT,0
1930,Trichosurus caninus,Phalangeridae,Diprotodontia,2,3,3,233,"Hutchins M, Kleiman DG, Geist V, McDade MC. 2003. Grzimek’s Animal Life Encyclopedia Second Edition, Volume 12-16 Mammals I-V. Gale, Farmington Hills, MI, USA.",LC,0
1931,Trichosurus vulpecula,Phalangeridae,Diprotodontia,2,3,3,233,"Hutchins M, Kleiman DG, Geist V, McDade MC. 2003. Grzimek’s Animal Life Encyclopedia Second Edition, Volume 12-16 Mammals I-V. Gale, Farmington Hills, MI, USA.",LC,0
1932,Wyulda squamicaudata,Phalangeridae,Diprotodontia,2,3,3,233,"Hutchins M, Kleiman DG, Geist V, McDade MC. 2003. Grzimek’s Animal Life Encyclopedia Second Edition, Volume 12-16 Mammals I-V. Gale, Farmington Hills, MI, USA.",NT,0
1933,Phascolarctos cinereus,Phascolarctidae,Diprotodontia,2,2,3,232,"Hutchins M, Kleiman DG, Geist V, McDade MC. 2003. Grzimek’s Animal Life Encyclopedia Second Edition, Volume 12-16 Mammals I-V. Gale, Farmington Hills, MI, USA.",VU,1
1935,Ametrida centurio,Phyllostomidae,Chiroptera,2,6,3,263,"Hutchins M, Kleiman DG, Geist V, McDade MC. 2003. Grzimek’s Animal Life Encyclopedia Second Edition, Volume 12-16 Mammals I-V. Gale, Farmington Hills, MI, USA., Nowak RM. 1999. Walker’s Mammals of the World, Vol. 1. Sixth Ed. The Johns Hopkins University Press, Maryland, USA.",LC,0
1936,Ardops nichollsi,Phyllostomidae,Chiroptera,2,6,3,263,"Hutchins M, Kleiman DG, Geist V, McDade MC. 2003. Grzimek’s Animal Life Encyclopedia Second Edition, Volume 12-16 Mammals I-V. Gale, Farmington Hills, MI, USA., Nowak RM. 1999. Walker’s Mammals of the World, Vol. 1. Sixth Ed. The Johns Hopkins University Press, Maryland, USA.",LC,0
1937,Ariteus flavescens,Phyllostomidae,Chiroptera,2,6,3,263,"Hutchins M, Kleiman DG, Geist V, McDade MC. 2003. Grzimek’s Animal Life Encyclopedia Second Edition, Volume 12-16 Mammals I-V. Gale, Farmington Hills, MI, USA., Nowak RM. 1999. Walker’s Mammals of the World, Vol. 1. Sixth Ed. The Johns Hopkins University Press, Maryland, USA.",LC,0
1938,Artibeus amplus,Phyllostomidae,Chiroptera,2,6,3,263,"Hutchins M, Kleiman DG, Geist V, McDade MC. 2003. Grzimek’s Animal Life Encyclopedia Second Edition, Volume 12-16 Mammals I-V. Gale, Farmington Hills, MI, USA., Nowak RM. 1999. Walker’s Mammals of the World, Vol. 1. Sixth Ed. The Johns Hopkins University Press, Maryland, USA.",LC,0
1942,Artibeus concolor,Phyllostomidae,Chiroptera,2,6,3,263,"Hutchins M, Kleiman DG, Geist V, McDade MC. 2003. Grzimek’s Animal Life Encyclopedia Second Edition, Volume 12-16 Mammals I-V. Gale, Farmington Hills, MI, USA., Nowak RM. 1999. Walker’s Mammals of the World, Vol. 1. Sixth Ed. The Johns Hopkins University Press, Maryland, USA.",LC,0
1943,Artibeus fimbriatus,Phyllostomidae,Chiroptera,2,6,3,263,"Hutchins M, Kleiman DG, Geist V, McDade MC. 2003. Grzimek’s Animal Life Encyclopedia Second Edition, Volume 12-16 Mammals I-V. Gale, Farmington Hills, MI, USA., Nowak RM. 1999. Walker’s Mammals of the World, Vol. 1. Sixth Ed. The Johns Hopkins University Press, Maryland, USA.",LC,0
1944,Artibeus fraterculus,Phyllostomidae,Chiroptera,2,6,3,263,"Hutchins M, Kleiman DG, Geist V, McDade MC. 2003. Grzimek’s Animal Life Encyclopedia Second Edition, Volume 12-16 Mammals I-V. Gale, Farmington Hills, MI, USA., Nowak RM. 1999. Walker’s Mammals of the World, Vol. 1. Sixth Ed. The Johns Hopkins University Press, Maryland, USA.",LC,0
1947,Artibeus hirsutus,Phyllostomidae,Chiroptera,2,6,3,263,"Hutchins M, Kleiman DG, Geist V, McDade MC. 2003. Grzimek’s Animal Life Encyclopedia Second Edition, Volume 12-16 Mammals I-V. Gale, Farmington Hills, MI, USA., Nowak RM. 1999. Walker’s Mammals of the World, Vol. 1. Sixth Ed. The Johns Hopkins University Press, Maryland, USA.",LC,0
1949,Artibeus jamaicensis,Phyllostomidae,Chiroptera,2,6,3,263,"Hutchins M, Kleiman DG, Geist V, McDade MC. 2003. Grzimek’s Animal Life Encyclopedia Second Edition, Volume 12-16 Mammals I-V. Gale, Farmington Hills, MI, USA.",LC,0
1950,Artibeus lituratus,Phyllostomidae,Chiroptera,2,6,3,263,"Hutchins M, Kleiman DG, Geist V, McDade MC. 2003. Grzimek’s Animal Life Encyclopedia Second Edition, Volume 12-16 Mammals I-V. Gale, Farmington Hills, MI, USA.",LC,0
1951,Artibeus obscurus,Phyllostomidae,Chiroptera,2,6,3,263,"Hutchins M, Kleiman DG, Geist V, McDade MC. 2003. Grzimek’s Animal Life Encyclopedia Second Edition, Volume 12-16 Mammals I-V. Gale, Farmington Hills, MI, USA., Nowak RM. 1999. Walker’s Mammals of the World, Vol. 1. Sixth Ed. The Johns Hopkins University Press, Maryland, USA.",LC,0
1953,Artibeus planirostris,Phyllostomidae,Chiroptera,2,6,3,263,"Hutchins M, Kleiman DG, Geist V, McDade MC. 2003. Grzimek’s Animal Life Encyclopedia Second Edition, Volume 12-16 Mammals I-V. Gale, Farmington Hills, MI, USA., Nowak RM. 1999. Walker’s Mammals of the World, Vol. 1. Sixth Ed. The Johns Hopkins University Press, Maryland, USA.",LC,0
1955,Carollia brevicauda,Phyllostomidae,Chiroptera,2,6,3,263,"Hutchins M, Kleiman DG, Geist V, McDade MC. 2003. Grzimek’s Animal Life Encyclopedia Second Edition, Volume 12-16 Mammals I-V. Gale, Farmington Hills, MI, USA., Nowak RM. 1999. Walker’s Mammals of the World, Vol. 1. Sixth Ed. The Johns Hopkins University Press, Maryland, USA.",LC,0
1956,Carollia castanea,Phyllostomidae,Chiroptera,2,6,3,263,"Hutchins M, Kleiman DG, Geist V, McDade MC. 2003. Grzimek’s Animal Life Encyclopedia Second Edition, Volume 12-16 Mammals I-V. Gale, Farmington Hills, MI, USA.",LC,0
1957,Carollia perspicillata,Phyllostomidae,Chiroptera,2,6,3,263,"Hutchins M, Kleiman DG, Geist V, McDade MC. 2003. Grzimek’s Animal Life Encyclopedia Second Edition, Volume 12-16 Mammals I-V. Gale, Farmington Hills, MI, USA.",LC,0
1958,Carollia subrufa,Phyllostomidae,Chiroptera,2,6,3,263,"Hutchins M, Kleiman DG, Geist V, McDade MC. 2003. Grzimek’s Animal Life Encyclopedia Second Edition, Volume 12-16 Mammals I-V. Gale, Farmington Hills, MI, USA., Nowak RM. 1999. Walker’s Mammals of the World, Vol. 1. Sixth Ed. The Johns Hopkins University Press, Maryland, USA.",LC,0
1959,Centurio senex,Phyllostomidae,Chiroptera,2,6,3,263,"Hutchins M, Kleiman DG, Geist V, McDade MC. 2003. Grzimek’s Animal Life Encyclopedia Second Edition, Volume 12-16 Mammals I-V. Gale, Farmington Hills, MI, USA.",LC,0
1960,Chiroderma doriae,Phyllostomidae,Chiroptera,2,6,3,263,"Hutchins M, Kleiman DG, Geist V, McDade MC. 2003. Grzimek’s Animal Life Encyclopedia Second Edition, Volume 12-16 Mammals I-V. Gale, Farmington Hills, MI, USA., Nowak RM. 1999. Walker’s Mammals of the World, Vol. 1. Sixth Ed. The Johns Hopkins University Press, Maryland, USA.",LC,0
1961,Chiroderma improvisum,Phyllostomidae,Chiroptera,2,6,3,263,"Hutchins M, Kleiman DG, Geist V, McDade MC. 2003. Grzimek’s Animal Life Encyclopedia Second Edition, Volume 12-16 Mammals I-V. Gale, Farmington Hills, MI, USA., Nowak RM. 1999. Walker’s Mammals of the World, Vol. 1. Sixth Ed. The Johns Hopkins University Press, Maryland, USA.",EN,1
1962,Chiroderma salvini,Phyllostomidae,Chiroptera,2,6,3,263,"Hutchins M, Kleiman DG, Geist V, McDade MC. 2003. Grzimek’s Animal Life Encyclopedia Second Edition, Volume 12-16 Mammals I-V. Gale, Farmington Hills, MI, USA., Nowak RM. 1999. Walker’s Mammals of the World, Vol. 1. Sixth Ed. The Johns Hopkins University Press, Maryland, USA.",LC,0
1963,Chiroderma trinitatum,Phyllostomidae,Chiroptera,2,6,3,263,"Hutchins M, Kleiman DG, Geist V, McDade MC. 2003. Grzimek’s Animal Life Encyclopedia Second Edition, Volume 12-16 Mammals I-V. Gale, Farmington Hills, MI, USA., Nowak RM. 1999. Walker’s Mammals of the World, Vol. 1. Sixth Ed. The Johns Hopkins University Press, Maryland, USA.",LC,0
1964,Chiroderma villosum,Phyllostomidae,Chiroptera,2,6,3,263,"Hutchins M, Kleiman DG, Geist V, McDade MC. 2003. Grzimek’s Animal Life Encyclopedia Second Edition, Volume 12-16 Mammals I-V. Gale, Farmington Hills, MI, USA.",LC,0
1965,Choeronycteris mexicana,Phyllostomidae,Chiroptera,2,6,3,263,"Hutchins M, Kleiman DG, Geist V, McDade MC. 2003. Grzimek’s Animal Life Encyclopedia Second Edition, Volume 12-16 Mammals I-V. Gale, Farmington Hills, MI, USA.",NT,0
1966,Ectophylla alba,Phyllostomidae,Chiroptera,2,6,3,263,"Hutchins M, Kleiman DG, Geist V, McDade MC. 2003. Grzimek’s Animal Life Encyclopedia Second Edition, Volume 12-16 Mammals I-V. Gale, Farmington Hills, MI, USA.",NT,0
1967,Hylonycteris underwoodi,Phyllostomidae,Chiroptera,2,6,3,263,"Hutchins M, Kleiman DG, Geist V, McDade MC. 2003. Grzimek’s Animal Life Encyclopedia Second Edition, Volume 12-16 Mammals I-V. Gale, Farmington Hills, MI, USA., Nowak RM. 1999. Walker’s Mammals of the World, Vol. 1. Sixth Ed. The Johns Hopkins University Press, Maryland, USA.",LC,0
1968,Leptonycteris curasoae,Phyllostomidae,Chiroptera,2,6,3,263,"Hutchins M, Kleiman DG, Geist V, McDade MC. 2003. Grzimek’s Animal Life Encyclopedia Second Edition, Volume 12-16 Mammals I-V. Gale, Farmington Hills, MI, USA.",VU,1
1969,Lichonycteris obscura,Phyllostomidae,Chiroptera,2,6,3,263,"Hutchins M, Kleiman DG, Geist V, McDade MC. 2003. Grzimek’s Animal Life Encyclopedia Second Edition, Volume 12-16 Mammals I-V. Gale, Farmington Hills, MI, USA., Nowak RM. 1999. Walker’s Mammals of the World, Vol. 1. Sixth Ed. The Johns Hopkins University Press, Maryland, USA.",LC,0
1970,Lionycteris spurrelli,Phyllostomidae,Chiroptera,2,6,3,263,"Hutchins M, Kleiman DG, Geist V, McDade MC. 2003. Grzimek’s Animal Life Encyclopedia Second Edition, Volume 12-16 Mammals I-V. Gale, Farmington Hills, MI, USA., Nowak RM. 1999. Walker’s Mammals of the World, Vol. 1. Sixth Ed. The Johns Hopkins University Press, Maryland, USA.",LC,0
1971,Lonchophylla robusta,Phyllostomidae,Chiroptera,2,6,3,263,"Hutchins M, Kleiman DG, Geist V, McDade MC. 2003. Grzimek’s Animal Life Encyclopedia Second Edition, Volume 12-16 Mammals I-V. Gale, Farmington Hills, MI, USA.",LC,0
1972,Mesophylla macconnelli,Phyllostomidae,Chiroptera,2,6,3,263,"Hutchins M, Kleiman DG, Geist V, McDade MC. 2003. Grzimek’s Animal Life Encyclopedia Second Edition, Volume 12-16 Mammals I-V. Gale, Farmington Hills, MI, USA., Nowak RM. 1999. Walker’s Mammals of the World, Vol. 1. Sixth Ed. The Johns Hopkins University Press, Maryland, USA.",LC,0
1973,Monophyllus plethodon,Phyllostomidae,Chiroptera,2,6,3,263,"Hutchins M, Kleiman DG, Geist V, McDade MC. 2003. Grzimek’s Animal Life Encyclopedia Second Edition, Volume 12-16 Mammals I-V. Gale, Farmington Hills, MI, USA., Nowak RM. 1999. Walker’s Mammals of the World, Vol. 1. Sixth Ed. The Johns Hopkins University Press, Maryland, USA.",LC,0
1974,Monophyllus redmani,Phyllostomidae,Chiroptera,2,6,3,263,"Hutchins M, Kleiman DG, Geist V, McDade MC. 2003. Grzimek’s Animal Life Encyclopedia Second Edition, Volume 12-16 Mammals I-V. Gale, Farmington Hills, MI, USA., Nowak RM. 1999. Walker’s Mammals of the World, Vol. 1. Sixth Ed. The Johns Hopkins University Press, Maryland, USA.",LC,0
1975,Musonycteris harrisoni,Phyllostomidae,Chiroptera,2,6,3,263,"Hutchins M, Kleiman DG, Geist V, McDade MC. 2003. Grzimek’s Animal Life Encyclopedia Second Edition, Volume 12-16 Mammals I-V. Gale, Farmington Hills, MI, USA., Nowak RM. 1999. Walker’s Mammals of the World, Vol. 1. Sixth Ed. The Johns Hopkins University Press, Maryland, USA.",VU,1
1976,Phylloderma stenops,Phyllostomidae,Chiroptera,2,6,3,263,"Hutchins M, Kleiman DG, Geist V, McDade MC. 2003. Grzimek’s Animal Life Encyclopedia Second Edition, Volume 12-16 Mammals I-V. Gale, Farmington Hills, MI, USA., Nowak RM. 1999. Walker’s Mammals of the World, Vol. 1. Sixth Ed. The Johns Hopkins University Press, Maryland, USA.",LC,0
1977,Phyllops falcatus,Phyllostomidae,Chiroptera,2,6,3,263,"Hutchins M, Kleiman DG, Geist V, McDade MC. 2003. Grzimek’s Animal Life Encyclopedia Second Edition, Volume 12-16 Mammals I-V. Gale, Farmington Hills, MI, USA., Nowak RM. 1999. Walker’s Mammals of the World, Vol. 1. Sixth Ed. The Johns Hopkins University Press, Maryland, USA.",LC,0
1978,Phyllostomus discolor,Phyllostomidae,Chiroptera,2,6,3,263,"Hutchins M, Kleiman DG, Geist V, McDade MC. 2003. Grzimek’s Animal Life Encyclopedia Second Edition, Volume 12-16 Mammals I-V. Gale, Farmington Hills, MI, USA.",LC,0
1979,Platalina genovensium,Phyllostomidae,Chiroptera,2,6,3,263,"Hutchins M, Kleiman DG, Geist V, McDade MC. 2003. Grzimek’s Animal Life Encyclopedia Second Edition, Volume 12-16 Mammals I-V. Gale, Farmington Hills, MI, USA.",NT,0
1980,Platyrrhinus aurarius,Phyllostomidae,Chiroptera,2,6,3,263,"Hutchins M, Kleiman DG, Geist V, McDade MC. 2003. Grzimek’s Animal Life Encyclopedia Second Edition, Volume 12-16 Mammals I-V. Gale, Farmington Hills, MI, USA., Nowak RM. 1999. Walker’s Mammals of the World, Vol. 1. Sixth Ed. The Johns Hopkins University Press, Maryland, USA.",LC,0
1981,Platyrrhinus brachycephalus,Phyllostomidae,Chiroptera,2,6,3,263,"Hutchins M, Kleiman DG, Geist V, McDade MC. 2003. Grzimek’s Animal Life Encyclopedia Second Edition, Volume 12-16 Mammals I-V. Gale, Farmington Hills, MI, USA., Nowak RM. 1999. Walker’s Mammals of the World, Vol. 1. Sixth Ed. The Johns Hopkins University Press, Maryland, USA.",LC,0
1982,Platyrrhinus chocoensis,Phyllostomidae,Chiroptera,2,6,3,263,"Hutchins M, Kleiman DG, Geist V, McDade MC. 2003. Grzimek’s Animal Life Encyclopedia Second Edition, Volume 12-16 Mammals I-V. Gale, Farmington Hills, MI, USA., Nowak RM. 1999. Walker’s Mammals of the World, Vol. 1. Sixth Ed. The Johns Hopkins University Press, Maryland, USA.",VU,1
1983,Platyrrhinus dorsalis,Phyllostomidae,Chiroptera,2,6,3,263,"Hutchins M, Kleiman DG, Geist V, McDade MC. 2003. Grzimek’s Animal Life Encyclopedia Second Edition, Volume 12-16 Mammals I-V. Gale, Farmington Hills, MI, USA., Nowak RM. 1999. Walker’s Mammals of the World, Vol. 1. Sixth Ed. The Johns Hopkins University Press, Maryland, USA.",LC,0
1984,Platyrrhinus helleri,Phyllostomidae,Chiroptera,2,6,3,263,"Hutchins M, Kleiman DG, Geist V, McDade MC. 2003. Grzimek’s Animal Life Encyclopedia Second Edition, Volume 12-16 Mammals I-V. Gale, Farmington Hills, MI, USA., Nowak RM. 1999. Walker’s Mammals of the World, Vol. 1. Sixth Ed. The Johns Hopkins University Press, Maryland, USA.",LC,0
1985,Platyrrhinus infuscus,Phyllostomidae,Chiroptera,2,6,3,263,"Hutchins M, Kleiman DG, Geist V, McDade MC. 2003. Grzimek’s Animal Life Encyclopedia Second Edition, Volume 12-16 Mammals I-V. Gale, Farmington Hills, MI, USA., Nowak RM. 1999. Walker’s Mammals of the World, Vol. 1. Sixth Ed. The Johns Hopkins University Press, Maryland, USA.",LC,0
1986,Platyrrhinus lineatus,Phyllostomidae,Chiroptera,2,6,3,263,"Hutchins M, Kleiman DG, Geist V, McDade MC. 2003. Grzimek’s Animal Life Encyclopedia Second Edition, Volume 12-16 Mammals I-V. Gale, Farmington Hills, MI, USA., Nowak RM. 1999. Walker’s Mammals of the World, Vol. 1. Sixth Ed. The Johns Hopkins University Press, Maryland, USA.",LC,0
1987,Platyrrhinus recifinus,Phyllostomidae,Chiroptera,2,6,3,263,"Hutchins M, Kleiman DG, Geist V, McDade MC. 2003. Grzimek’s Animal Life Encyclopedia Second Edition, Volume 12-16 Mammals I-V. Gale, Farmington Hills, MI, USA., Nowak RM. 1999. Walker’s Mammals of the World, Vol. 1. Sixth Ed. The Johns Hopkins University Press, Maryland, USA.",LC,0
1989,Platyrrhinus vittatus,Phyllostomidae,Chiroptera,2,6,3,263,"Hutchins M, Kleiman DG, Geist V, McDade MC. 2003. Grzimek’s Animal Life Encyclopedia Second Edition, Volume 12-16 Mammals I-V. Gale, Farmington Hills, MI, USA., Nowak RM. 1999. Walker’s Mammals of the World, Vol. 1. Sixth Ed. The Johns Hopkins University Press, Maryland, USA.",LC,0
1990,Pygoderma bilabiatum,Phyllostomidae,Chiroptera,2,6,3,263,"Hutchins M, Kleiman DG, Geist V, McDade MC. 2003. Grzimek’s Animal Life Encyclopedia Second Edition, Volume 12-16 Mammals I-V. Gale, Farmington Hills, MI, USA., Nowak RM. 1999. Walker’s Mammals of the World, Vol. 1. Sixth Ed. The Johns Hopkins University Press, Maryland, USA.",LC,0
1991,Rhinophylla alethina,Phyllostomidae,Chiroptera,2,6,3,263,"Hutchins M, Kleiman DG, Geist V, McDade MC. 2003. Grzimek’s Animal Life Encyclopedia Second Edition, Volume 12-16 Mammals I-V. Gale, Farmington Hills, MI, USA., Nowak RM. 1999. Walker’s Mammals of the World, Vol. 1. Sixth Ed. The Johns Hopkins University Press, Maryland, USA.",NT,0
1992,Rhinophylla fischerae,Phyllostomidae,Chiroptera,2,6,3,263,"Hutchins M, Kleiman DG, Geist V, McDade MC. 2003. Grzimek’s Animal Life Encyclopedia Second Edition, Volume 12-16 Mammals I-V. Gale, Farmington Hills, MI, USA., Nowak RM. 1999. Walker’s Mammals of the World, Vol. 1. Sixth Ed. The Johns Hopkins University Press, Maryland, USA.",LC,0
1993,Rhinophylla pumilio,Phyllostomidae,Chiroptera,2,6,3,263,"Hutchins M, Kleiman DG, Geist V, McDade MC. 2003. Grzimek’s Animal Life Encyclopedia Second Edition, Volume 12-16 Mammals I-V. Gale, Farmington Hills, MI, USA.",LC,0
1994,Sphaeronycteris toxophyllum,Phyllostomidae,Chiroptera,2,6,3,263,"Hutchins M, Kleiman DG, Geist V, McDade MC. 2003. Grzimek’s Animal Life Encyclopedia Second Edition, Volume 12-16 Mammals I-V. Gale, Farmington Hills, MI, USA., Nowak RM. 1999. Walker’s Mammals of the World, Vol. 1. Sixth Ed. The Johns Hopkins University Press, Maryland, USA.",LC,0
1995,Stenoderma rufum,Phyllostomidae,Chiroptera,2,6,3,263,"Hutchins M, Kleiman DG, Geist V, McDade MC. 2003. Grzimek’s Animal Life Encyclopedia Second Edition, Volume 12-16 Mammals I-V. Gale, Farmington Hills, MI, USA., Nowak RM. 1999. Walker’s Mammals of the World, Vol. 1. Sixth Ed. The Johns Hopkins University Press, Maryland, USA.",NT,0
1996,Sturnira aratathomasi,Phyllostomidae,Chiroptera,2,6,3,263,"Hutchins M, Kleiman DG, Geist V, McDade MC. 2003. Grzimek’s Animal Life Encyclopedia Second Edition, Volume 12-16 Mammals I-V. Gale, Farmington Hills, MI, USA., Nowak RM. 1999. Walker’s Mammals of the World, Vol. 1. Sixth Ed. The Johns Hopkins University Press, Maryland, USA.",LC,0
1997,Sturnira bidens,Phyllostomidae,Chiroptera,2,6,3,263,"Hutchins M, Kleiman DG, Geist V, McDade MC. 2003. Grzimek’s Animal Life Encyclopedia Second Edition, Volume 12-16 Mammals I-V. Gale, Farmington Hills, MI, USA., Nowak RM. 1999. Walker’s Mammals of the World, Vol. 1. Sixth Ed. The Johns Hopkins University Press, Maryland, USA.",LC,0
1998,Sturnira bogotensis,Phyllostomidae,Chiroptera,2,6,3,263,"Hutchins M, Kleiman DG, Geist V, McDade MC. 2003. Grzimek’s Animal Life Encyclopedia Second Edition, Volume 12-16 Mammals I-V. Gale, Farmington Hills, MI, USA., Nowak RM. 1999. Walker’s Mammals of the World, Vol. 1. Sixth Ed. The Johns Hopkins University Press, Maryland, USA.",LC,0
1999,Sturnira erythromos,Phyllostomidae,Chiroptera,2,6,3,263,"Hutchins M, Kleiman DG, Geist V, McDade MC. 2003. Grzimek’s Animal Life Encyclopedia Second Edition, Volume 12-16 Mammals I-V. Gale, Farmington Hills, MI, USA., Nowak RM. 1999. Walker’s Mammals of the World, Vol. 1. Sixth Ed. The Johns Hopkins University Press, Maryland, USA.",LC,0
2000,Sturnira lilium,Phyllostomidae,Chiroptera,2,6,3,263,"Hutchins M, Kleiman DG, Geist V, McDade MC. 2003. Grzimek’s Animal Life Encyclopedia Second Edition, Volume 12-16 Mammals I-V. Gale, Farmington Hills, MI, USA.",LC,0
2001,Sturnira ludovici,Phyllostomidae,Chiroptera,2,6,3,263,"Hutchins M, Kleiman DG, Geist V, McDade MC. 2003. Grzimek’s Animal Life Encyclopedia Second Edition, Volume 12-16 Mammals I-V. Gale, Farmington Hills, MI, USA., Nowak RM. 1999. Walker’s Mammals of the World, Vol. 1. Sixth Ed. The Johns Hopkins University Press, Maryland, USA.",LC,0
2002,Sturnira luisi,Phyllostomidae,Chiroptera,2,6,3,263,"Hutchins M, Kleiman DG, Geist V, McDade MC. 2003. Grzimek’s Animal Life Encyclopedia Second Edition, Volume 12-16 Mammals I-V. Gale, Farmington Hills, MI, USA., Nowak RM. 1999. Walker’s Mammals of the World, Vol. 1. Sixth Ed. The Johns Hopkins University Press, Maryland, USA.",LC,0
2003,Sturnira magna,Phyllostomidae,Chiroptera,2,6,3,263,"Hutchins M, Kleiman DG, Geist V, McDade MC. 2003. Grzimek’s Animal Life Encyclopedia Second Edition, Volume 12-16 Mammals I-V. Gale, Farmington Hills, MI, USA., Nowak RM. 1999. Walker’s Mammals of the World, Vol. 1. Sixth Ed. The Johns Hopkins University Press, Maryland, USA.",LC,0
2004,Sturnira mordax,Phyllostomidae,Chiroptera,2,6,3,263,"Hutchins M, Kleiman DG, Geist V, McDade MC. 2003. Grzimek’s Animal Life Encyclopedia Second Edition, Volume 12-16 Mammals I-V. Gale, Farmington Hills, MI, USA., Nowak RM. 1999. Walker’s Mammals of the World, Vol. 1. Sixth Ed. The Johns Hopkins University Press, Maryland, USA.",LC,0
2005,Sturnira nana,Phyllostomidae,Chiroptera,2,6,3,263,"Hutchins M, Kleiman DG, Geist V, McDade MC. 2003. Grzimek’s Animal Life Encyclopedia Second Edition, Volume 12-16 Mammals I-V. Gale, Farmington Hills, MI, USA., Nowak RM. 1999. Walker’s Mammals of the World, Vol. 1. Sixth Ed. The Johns Hopkins University Press, Maryland, USA.",EN,1
2007,Sturnira tildae,Phyllostomidae,Chiroptera,2,6,3,263,"Hutchins M, Kleiman DG, Geist V, McDade MC. 2003. Grzimek’s Animal Life Encyclopedia Second Edition, Volume 12-16 Mammals I-V. Gale, Farmington Hills, MI, USA., Nowak RM. 1999. Walker’s Mammals of the World, Vol. 1. Sixth Ed. The Johns Hopkins University Press, Maryland, USA.",LC,0
2009,Uroderma bilobatum,Phyllostomidae,Chiroptera,2,6,3,263,"Hutchins M, Kleiman DG, Geist V, McDade MC. 2003. Grzimek’s Animal Life Encyclopedia Second Edition, Volume 12-16 Mammals I-V. Gale, Farmington Hills, MI, USA.",LC,0
2010,Uroderma magnirostrum,Phyllostomidae,Chiroptera,2,6,3,263,"Hutchins M, Kleiman DG, Geist V, McDade MC. 2003. Grzimek’s Animal Life Encyclopedia Second Edition, Volume 12-16 Mammals I-V. Gale, Farmington Hills, MI, USA., Nowak RM. 1999. Walker’s Mammals of the World, Vol. 1. Sixth Ed. The Johns Hopkins University Press, Maryland, USA.",LC,0
2013,Vampyressa melissa,Phyllostomidae,Chiroptera,2,6,3,263,"Hutchins M, Kleiman DG, Geist V, McDade MC. 2003. Grzimek’s Animal Life Encyclopedia Second Edition, Volume 12-16 Mammals I-V. Gale, Farmington Hills, MI, USA., Nowak RM. 1999. Walker’s Mammals of the World, Vol. 1. Sixth Ed. The Johns Hopkins University Press, Maryland, USA.",VU,1
2016,Vampyrodes caraccioli,Phyllostomidae,Chiroptera,2,6,3,263,"Hutchins M, Kleiman DG, Geist V, McDade MC. 2003. Grzimek’s Animal Life Encyclopedia Second Edition, Volume 12-16 Mammals I-V. Gale, Farmington Hills, MI, USA., Nowak RM. 1999. Walker’s Mammals of the World, Vol. 1. Sixth Ed. The Johns Hopkins University Press, Maryland, USA.",LC,0
2017,Cacajao calvus,Pitheciidae,Primates,2,2,3,223,"Hutchins M, Kleiman DG, Geist V, McDade MC. 2003. Grzimek’s Animal Life Encyclopedia Second Edition, Volume 12-16 Mammals I-V. Gale, Farmington Hills, MI, USA.",VU,1
2018,Cacajao melanocephalus,Pitheciidae,Primates,2,2,3,223,"Hutchins M, Kleiman DG, Geist V, McDade MC. 2003. Grzimek’s Animal Life Encyclopedia Second Edition, Volume 12-16 Mammals I-V. Gale, Farmington Hills, MI, USA.",LC,0
2030,Callicebus personatus,Pitheciidae,Primates,2,2,3,223,"Hutchins M, Kleiman DG, Geist V, McDade MC. 2003. Grzimek’s Animal Life Encyclopedia Second Edition, Volume 12-16 Mammals I-V. Gale, Farmington Hills, MI, USA.",VU,1
2032,Chiropotes albinasus,Pitheciidae,Primates,2,2,3,223,"Hutchins M, Kleiman DG, Geist V, McDade MC. 2003. Grzimek’s Animal Life Encyclopedia Second Edition, Volume 12-16 Mammals I-V. Gale, Farmington Hills, MI, USA.",EN,1
2033,Chiropotes satanas,Pitheciidae,Primates,2,2,3,223,"Hutchins M, Kleiman DG, Geist V, McDade MC. 2003. Grzimek’s Animal Life Encyclopedia Second Edition, Volume 12-16 Mammals I-V. Gale, Farmington Hills, MI, USA.",CR,1
2034,Pithecia aequatorialis,Pitheciidae,Primates,2,2,3,223,"Hutchins M, Kleiman DG, Geist V, McDade MC. 2003. Grzimek’s Animal Life Encyclopedia Second Edition, Volume 12-16 Mammals I-V. Gale, Farmington Hills, MI, USA.",LC,0
2035,Pithecia albicans,Pitheciidae,Primates,2,2,3,223,"Hutchins M, Kleiman DG, Geist V, McDade MC. 2003. Grzimek’s Animal Life Encyclopedia Second Edition, Volume 12-16 Mammals I-V. Gale, Farmington Hills, MI, USA.",LC,0
2037,Pithecia monachus,Pitheciidae,Primates,2,2,3,223,"Hutchins M, Kleiman DG, Geist V, McDade MC. 2003. Grzimek’s Animal Life Encyclopedia Second Edition, Volume 12-16 Mammals I-V. Gale, Farmington Hills, MI, USA.",LC,0
2038,Pithecia pithecia,Pitheciidae,Primates,2,2,3,223,"Hutchins M, Kleiman DG, Geist V, McDade MC. 2003. Grzimek’s Animal Life Encyclopedia Second Edition, Volume 12-16 Mammals I-V. Gale, Farmington Hills, MI, USA.",LC,0
2039,Bettongia penicillata,Potoroidae,Diprotodontia,2,3,3,233,"Hutchins M, Kleiman DG, Geist V, McDade MC. 2003. Grzimek’s Animal Life Encyclopedia Second Edition, Volume 12-16 Mammals I-V. Gale, Farmington Hills, MI, USA.",CR,1
2040,Bassaricyon alleni,Procyonidae,Carnivora,2,1,3,213,"Hutchins M, Kleiman DG, Geist V, McDade MC. 2003. Grzimek’s Animal Life Encyclopedia Second Edition, Volume 12-16 Mammals I-V. Gale, Farmington Hills, MI, USA.",LC,0
2042,Bassaricyon gabbii,Procyonidae,Carnivora,2,1,3,213,"Hutchins M, Kleiman DG, Geist V, McDade MC. 2003. Grzimek’s Animal Life Encyclopedia Second Edition, Volume 12-16 Mammals I-V. Gale, Farmington Hills, MI, USA., Nowak RM. 1999. Walker’s Mammals of the World, Vol. 1. Sixth Ed. The Johns Hopkins University Press, Maryland, USA. ",LC,0
2045,Potos flavus,Procyonidae,Carnivora,2,1,3,213,"Hutchins M, Kleiman DG, Geist V, McDade MC. 2003. Grzimek’s Animal Life Encyclopedia Second Edition, Volume 12-16 Mammals I-V. Gale, Farmington Hills, MI, USA.",LC,0
2046,Hemibelideus lemuroides,Pseudocheiridae,Diprotodontia,2,1,3,213,"Hutchins M, Kleiman DG, Geist V, McDade MC. 2003. Grzimek’s Animal Life Encyclopedia Second Edition, Volume 12-16 Mammals I-V. Gale, Farmington Hills, MI, USA.",NT,0
2047,Petauroides volans,Pseudocheiridae,Diprotodontia,2,1,3,213,"Hutchins M, Kleiman DG, Geist V, McDade MC. 2003. Grzimek’s Animal Life Encyclopedia Second Edition, Volume 12-16 Mammals I-V. Gale, Farmington Hills, MI, USA., Nowak RM. 1999. Walker’s Mammals of the World, Vol. 1. Sixth Ed. The Johns Hopkins University Press, Maryland, USA.",VU,1
2053,Pseudocheirus peregrinus,Pseudocheiridae,Diprotodontia,2,1,3,213,"Hutchins M, Kleiman DG, Geist V, McDade MC. 2003. Grzimek’s Animal Life Encyclopedia Second Edition, Volume 12-16 Mammals I-V. Gale, Farmington Hills, MI, USA.; Long JL. 2003. Introduced Mammals of the World, Their history, distribution, and influence. CSIRO Publishing, Collingwood VIC, Australia.",LC,0
2055,Pseudochirops albertisii,Pseudocheiridae,Diprotodontia,2,1,3,213,"Hutchins M, Kleiman DG, Geist V, McDade MC. 2003. Grzimek’s Animal Life Encyclopedia Second Edition, Volume 12-16 Mammals I-V. Gale, Farmington Hills, MI, USA.; Flannery T. 1995. Mammals of New Guinea. Cornell University Press, Ithaca, NY.",NT,0
2056,Pseudochirops archeri,Pseudocheiridae,Diprotodontia,2,1,3,213,"Hutchins M, Kleiman DG, Geist V, McDade MC. 2003. Grzimek’s Animal Life Encyclopedia Second Edition, Volume 12-16 Mammals I-V. Gale, Farmington Hills, MI, USA.",NT,0
2057,Pseudochirops corinnae,Pseudocheiridae,Diprotodontia,2,1,3,213,"Hutchins M, Kleiman DG, Geist V, McDade MC. 2003. Grzimek’s Animal Life Encyclopedia Second Edition, Volume 12-16 Mammals I-V. Gale, Farmington Hills, MI, USA., Nowak RM. 1999. Walker’s Mammals of the World, Vol. 1. Sixth Ed. The Johns Hopkins University Press, Maryland, USA.",NT,0
2058,Pseudochirops coronatus,Pseudocheiridae,Diprotodontia,2,1,3,213,"Hutchins M, Kleiman DG, Geist V, McDade MC. 2003. Grzimek’s Animal Life Encyclopedia Second Edition, Volume 12-16 Mammals I-V. Gale, Farmington Hills, MI, USA.; Flannery T. 1995. Mammals of New Guinea. Cornell University Press, Ithaca, NY.",VU,1
2059,Acerodon celebensis,Pteropodidae,Chiroptera,2,6,3,263,"Nowak RM. 1999. Walker’s Mammals of the World, Vol. 1. Sixth Ed. The Johns Hopkins University Press, Maryland, USA.",VU,1
2060,Acerodon humilis,Pteropodidae,Chiroptera,2,6,3,263,"Nowak RM. 1999. Walker’s Mammals of the World, Vol. 1. Sixth Ed. The Johns Hopkins University Press, Maryland, USA.",EN,1
2061,Acerodon jubatus,Pteropodidae,Chiroptera,2,6,3,263,"Nowak RM. 1999. Walker’s Mammals of the World, Vol. 1. Sixth Ed. The Johns Hopkins University Press, Maryland, USA.",EN,1
2062,Acerodon leucotis,Pteropodidae,Chiroptera,2,6,3,263,"Nowak RM. 1999. Walker’s Mammals of the World, Vol. 1. Sixth Ed. The Johns Hopkins University Press, Maryland, USA.",VU,1
2064,Acerodon mackloti,Pteropodidae,Chiroptera,2,6,3,263,"Nowak RM. 1999. Walker’s Mammals of the World, Vol. 1. Sixth Ed. The Johns Hopkins University Press, Maryland, USA.",VU,1
2065,Aethalops alecto,Pteropodidae,Chiroptera,2,6,3,263,"Nowak RM. 1999. Walker’s Mammals of the World, Vol. 1. Sixth Ed. The Johns Hopkins University Press, Maryland, USA.",LC,0
2066,Alionycteris paucidentata,Pteropodidae,Chiroptera,2,6,3,263,"Hare T., Lambert M. 1997. Encyclopedia of Mammals, Volumes 1-16. Marshall Cavendish Corporatio. New York, USA.",LC,0
2067,Balionycteris maculata,Pteropodidae,Chiroptera,2,6,3,263,"Nowak RM. 1999. Walker’s Mammals of the World, Vol. 1. Sixth Ed. The Johns Hopkins University Press, Maryland, USA.",LC,0
2068,Casinycteris argynnis,Pteropodidae,Chiroptera,2,6,3,263,"Nowak RM. 1999. Walker’s Mammals of the World, Vol. 1. Sixth Ed. The Johns Hopkins University Press, Maryland, USA.",LC,0
2069,Chironax melanocephalus,Pteropodidae,Chiroptera,2,6,3,263,"Nowak RM. 1999. Walker’s Mammals of the World, Vol. 1. Sixth Ed. The Johns Hopkins University Press, Maryland, USA.",LC,0
2070,Cynopterus nusatenggara,Pteropodidae,Chiroptera,2,6,3,263,"Hare T., Lambert M. 1997. Encyclopedia of Mammals, Volumes 1-16. Marshall Cavendish Corporatio. New York, USA.",LC,0
2071,Dobsonia chapmani,Pteropodidae,Chiroptera,2,6,3,263,"Hare T., Lambert M. 1997. Encyclopedia of Mammals, Volumes 1-16. Marshall Cavendish Corporatio. New York, USA.",CR,1
2072,Dobsonia pannietensis,Pteropodidae,Chiroptera,2,6,3,263,"Hare T., Lambert M. 1997. Encyclopedia of Mammals, Volumes 1-16. Marshall Cavendish Corporatio. New York, USA.",NT,0
2073,Dyacopterus spadiceus,Pteropodidae,Chiroptera,2,6,3,263,"Nowak RM. 1999. Walker’s Mammals of the World, Vol. 1. Sixth Ed. The Johns Hopkins University Press, Maryland, USA.",NT,0
2074,Eidolon dupreanum,Pteropodidae,Chiroptera,2,6,3,263,"Nowak RM. 1999. Walker’s Mammals of the World, Vol. 1. Sixth Ed. The Johns Hopkins University Press, Maryland, USA.",VU,1
2075,Eidolon helvum,Pteropodidae,Chiroptera,2,6,3,263,"Nowak RM. 1999. Walker’s Mammals of the World, Vol. 1. Sixth Ed. The Johns Hopkins University Press, Maryland, USA.",NT,0
2077,Epomophorus angolensis,Pteropodidae,Chiroptera,2,6,3,263,"Nowak RM. 1999. Walker’s Mammals of the World, Vol. 1. Sixth Ed. The Johns Hopkins University Press, Maryland, USA.",NT,0
2078,Epomophorus gambianus,Pteropodidae,Chiroptera,2,6,3,263,"Nowak RM. 1999. Walker’s Mammals of the World, Vol. 1. Sixth Ed. The Johns Hopkins University Press, Maryland, USA.",LC,0
2080,Epomophorus labiatus,Pteropodidae,Chiroptera,2,6,3,263,"Nowak RM. 1999. Walker’s Mammals of the World, Vol. 1. Sixth Ed. The Johns Hopkins University Press, Maryland, USA.",LC,0
2081,Epomophorus minimus,Pteropodidae,Chiroptera,2,6,3,263,"Nowak RM. 1999. Walker’s Mammals of the World, Vol. 1. Sixth Ed. The Johns Hopkins University Press, Maryland, USA.",LC,0
2082,Epomophorus wahlbergi,Pteropodidae,Chiroptera,2,6,3,263,"Nowak RM. 1999. Walker’s Mammals of the World, Vol. 1. Sixth Ed. The Johns Hopkins University Press, Maryland, USA.",LC,0
2083,Epomops buettikoferi,Pteropodidae,Chiroptera,2,6,3,263,"Nowak RM. 1999. Walker’s Mammals of the World, Vol. 1. Sixth Ed. The Johns Hopkins University Press, Maryland, USA.",LC,0
2085,Epomops franqueti,Pteropodidae,Chiroptera,2,6,3,263,"Nowak RM. 1999. Walker’s Mammals of the World, Vol. 1. Sixth Ed. The Johns Hopkins University Press, Maryland, USA.",LC,0
2086,Haplonycteris fischeri,Pteropodidae,Chiroptera,2,6,3,263,"Nowak RM. 1999. Walker’s Mammals of the World, Vol. 1. Sixth Ed. The Johns Hopkins University Press, Maryland, USA.",LC,0
2087,Harpyionycteris celebensis,Pteropodidae,Chiroptera,2,6,3,263,"Nowak RM. 1999. Walker’s Mammals of the World, Vol. 1. Sixth Ed. The Johns Hopkins University Press, Maryland, USA.",VU,1
2088,Harpyionycteris whiteheadi,Pteropodidae,Chiroptera,2,6,3,263,"Nowak RM. 1999. Walker’s Mammals of the World, Vol. 1. Sixth Ed. The Johns Hopkins University Press, Maryland, USA.",LC,0
2089,Hypsignathus monstrosus,Pteropodidae,Chiroptera,2,6,3,263,"Nowak RM. 1999. Walker’s Mammals of the World, Vol. 1. Sixth Ed. The Johns Hopkins University Press, Maryland, USA.",LC,0
2090,Latidens salimalii,Pteropodidae,Chiroptera,2,6,3,263,"Hare T., Lambert M. 1997. Encyclopedia of Mammals, Volumes 1-16. Marshall Cavendish Corporatio. New York, USA.",EN,1
2091,Macroglossus minimus,Pteropodidae,Chiroptera,2,6,3,263,"Nowak RM. 1999. Walker’s Mammals of the World, Vol. 1. Sixth Ed. The Johns Hopkins University Press, Maryland, USA.",LC,0
2092,Macroglossus sobrinus,Pteropodidae,Chiroptera,2,6,3,263,"Nowak RM. 1999. Walker’s Mammals of the World, Vol. 1. Sixth Ed. The Johns Hopkins University Press, Maryland, USA.",LC,0
2093,Megaerops ecaudatus,Pteropodidae,Chiroptera,2,6,3,263,"Hare T., Lambert M. 1997. Encyclopedia of Mammals, Volumes 1-16. Marshall Cavendish Corporatio. New York, USA.",LC,0
2094,Megaerops kusnotoi,Pteropodidae,Chiroptera,2,6,3,263,"Hare T., Lambert M. 1997. Encyclopedia of Mammals, Volumes 1-16. Marshall Cavendish Corporatio. New York, USA.",VU,1
2095,Megaerops niphanae,Pteropodidae,Chiroptera,2,6,3,263,"Hare T., Lambert M. 1997. Encyclopedia of Mammals, Volumes 1-16. Marshall Cavendish Corporatio. New York, USA.",LC,0
2096,Megaerops wetmorei,Pteropodidae,Chiroptera,2,6,3,263,"Hare T., Lambert M. 1997. Encyclopedia of Mammals, Volumes 1-16. Marshall Cavendish Corporatio. New York, USA.",VU,1
2097,Megaloglossus woermanni,Pteropodidae,Chiroptera,2,6,3,263,"Nowak RM. 1999. Walker’s Mammals of the World, Vol. 1. Sixth Ed. The Johns Hopkins University Press, Maryland, USA.",LC,0
2099,Melonycteris melanops,Pteropodidae,Chiroptera,2,6,3,263,"Nowak RM. 1999. Walker’s Mammals of the World, Vol. 1. Sixth Ed. The Johns Hopkins University Press, Maryland, USA.",LC,0
2100,Melonycteris woodfordi,Pteropodidae,Chiroptera,2,6,3,263,"Nowak RM. 1999. Walker’s Mammals of the World, Vol. 1. Sixth Ed. The Johns Hopkins University Press, Maryland, USA.",LC,0
2102,Micropteropus pusillus,Pteropodidae,Chiroptera,2,6,3,213,"Nowak RM. 1999. Walker’s Mammals of the World, Vol. 1. Sixth Ed. The Johns Hopkins University Press, Maryland, USA.",LC,0
2103,Myonycteris brachycephala,Pteropodidae,Chiroptera,2,6,3,263,"Nowak RM. 1999. Walker’s Mammals of the World, Vol. 1. Sixth Ed. The Johns Hopkins University Press, Maryland, USA.",EN,1
2104,Myonycteris relicta,Pteropodidae,Chiroptera,2,6,3,263,"Nowak RM. 1999. Walker’s Mammals of the World, Vol. 1. Sixth Ed. The Johns Hopkins University Press, Maryland, USA.",LC,0
2105,Myonycteris torquata,Pteropodidae,Chiroptera,2,6,3,263,"Nowak RM. 1999. Walker’s Mammals of the World, Vol. 1. Sixth Ed. The Johns Hopkins University Press, Maryland, USA.",LC,0
2107,Neopteryx frosti,Pteropodidae,Chiroptera,2,6,3,263,"Nowak RM. 1999. Walker’s Mammals of the World, Vol. 1. Sixth Ed. The Johns Hopkins University Press, Maryland, USA.",EN,1
2108,Nyctimene aello,Pteropodidae,Chiroptera,2,6,3,263,"Nowak RM. 1999. Walker’s Mammals of the World, Vol. 1. Sixth Ed. The Johns Hopkins University Press, Maryland, USA.",LC,0
2109,Nyctimene albiventer,Pteropodidae,Chiroptera,2,6,3,263,"Nowak RM. 1999. Walker’s Mammals of the World, Vol. 1. Sixth Ed. The Johns Hopkins University Press, Maryland, USA.",LC,0
2111,Nyctimene cephalotes,Pteropodidae,Chiroptera,2,6,3,263,"Hare T., Lambert M. 1997. Encyclopedia of Mammals, Volumes 1-16. Marshall Cavendish Corporatio. New York, USA.",LC,0
2112,Nyctimene certans,Pteropodidae,Chiroptera,2,6,3,263,"Nowak RM. 1999. Walker’s Mammals of the World, Vol. 1. Sixth Ed. The Johns Hopkins University Press, Maryland, USA.",LC,0
2115,Nyctimene major,Pteropodidae,Chiroptera,2,6,3,263,"Nowak RM. 1999. Walker’s Mammals of the World, Vol. 1. Sixth Ed. The Johns Hopkins University Press, Maryland, USA.",LC,0
2116,Nyctimene malaitensis,Pteropodidae,Chiroptera,2,6,3,263,"Hare T., Lambert M. 1997. Encyclopedia of Mammals, Volumes 1-16. Marshall Cavendish Corporatio. New York, USA.",LC,0
2118,Nyctimene minutus,Pteropodidae,Chiroptera,2,6,3,263,"Nowak RM. 1999. Walker’s Mammals of the World, Vol. 1. Sixth Ed. The Johns Hopkins University Press, Maryland, USA.",VU,1
2119,Nyctimene rabori,Pteropodidae,Chiroptera,2,6,3,263,"Nowak RM. 1999. Walker’s Mammals of the World, Vol. 1. Sixth Ed. The Johns Hopkins University Press, Maryland, USA.",EN,1
2120,Nyctimene robinsoni,Pteropodidae,Chiroptera,2,6,3,263,"Hare T., Lambert M. 1997. Encyclopedia of Mammals, Volumes 1-16. Marshall Cavendish Corporatio. New York, USA.",LC,0
2122,Nyctimene vizcaccia,Pteropodidae,Chiroptera,2,6,3,263,"Hare T., Lambert M. 1997. Encyclopedia of Mammals, Volumes 1-16. Marshall Cavendish Corporatio. New York, USA.",LC,0
2123,Otopteropus cartilagonodus,Pteropodidae,Chiroptera,2,6,3,263,"Nowak RM. 1999. Walker’s Mammals of the World, Vol. 1. Sixth Ed. The Johns Hopkins University Press, Maryland, USA.",LC,0
2124,Paranyctimene raptor,Pteropodidae,Chiroptera,2,6,3,263,"Nowak RM. 1999. Walker’s Mammals of the World, Vol. 1. Sixth Ed. The Johns Hopkins University Press, Maryland, USA.; Flannery T. 1995. Mammals of New Guinea. Cornell University Press, Ithaca, NY.",LC,0
2126,Ptenochirus jagori,Pteropodidae,Chiroptera,2,6,3,263,"Nowak RM. 1999. Walker’s Mammals of the World, Vol. 1. Sixth Ed. The Johns Hopkins University Press, Maryland, USA.",LC,0
2127,Ptenochirus minor,Pteropodidae,Chiroptera,2,6,3,263,"Nowak RM. 1999. Walker’s Mammals of the World, Vol. 1. Sixth Ed. The Johns Hopkins University Press, Maryland, USA.",LC,0
2129,Pteralopex anceps,Pteropodidae,Chiroptera,2,6,3,263,"Nowak RM. 1999. Walker’s Mammals of the World, Vol. 1. Sixth Ed. The Johns Hopkins University Press, Maryland, USA.",EN,1
2130,Pteralopex atrata,Pteropodidae,Chiroptera,2,6,3,263,"Nowak RM. 1999. Walker’s Mammals of the World, Vol. 1. Sixth Ed. The Johns Hopkins University Press, Maryland, USA.",EN,1
2131,Pteralopex pulchra,Pteropodidae,Chiroptera,2,6,3,263,"Nowak RM. 1999. Walker’s Mammals of the World, Vol. 1. Sixth Ed. The Johns Hopkins University Press, Maryland, USA.",CR,1
2132,Pteropus admiralitatum,Pteropodidae,Chiroptera,2,6,3,263,"Hutchins M, Kleiman DG, Geist V, McDade MC. 2003. Grzimek’s Animal Life Encyclopedia Second Edition, Volume 12-16 Mammals I-V. Gale, Farmington Hills, MI, USA.",LC,0
2133,Pteropus aldabrensis,Pteropodidae,Chiroptera,2,6,3,263,"Hutchins M, Kleiman DG, Geist V, McDade MC. 2003. Grzimek’s Animal Life Encyclopedia Second Edition, Volume 12-16 Mammals I-V. Gale, Farmington Hills, MI, USA.",EN,1
2134,Pteropus alecto,Pteropodidae,Chiroptera,2,6,3,263,"Hutchins M, Kleiman DG, Geist V, McDade MC. 2003. Grzimek’s Animal Life Encyclopedia Second Edition, Volume 12-16 Mammals I-V. Gale, Farmington Hills, MI, USA.",LC,0
2135,Pteropus anetianus,Pteropodidae,Chiroptera,2,6,3,263,"Hutchins M, Kleiman DG, Geist V, McDade MC. 2003. Grzimek’s Animal Life Encyclopedia Second Edition, Volume 12-16 Mammals I-V. Gale, Farmington Hills, MI, USA.",VU,1
2137,Pteropus brunneus,Pteropodidae,Chiroptera,2,6,3,263,"Hutchins M, Kleiman DG, Geist V, McDade MC. 2003. Grzimek’s Animal Life Encyclopedia Second Edition, Volume 12-16 Mammals I-V. Gale, Farmington Hills, MI, USA.",EX,1
2138,Pteropus caniceps,Pteropodidae,Chiroptera,2,6,3,263,"Hutchins M, Kleiman DG, Geist V, McDade MC. 2003. Grzimek’s Animal Life Encyclopedia Second Edition, Volume 12-16 Mammals I-V. Gale, Farmington Hills, MI, USA.",VU,1
2139,Pteropus chrysoproctus,Pteropodidae,Chiroptera,2,6,3,263,"Hutchins M, Kleiman DG, Geist V, McDade MC. 2003. Grzimek’s Animal Life Encyclopedia Second Edition, Volume 12-16 Mammals I-V. Gale, Farmington Hills, MI, USA.",VU,1
2140,Pteropus conspicillatus,Pteropodidae,Chiroptera,2,6,3,263,"Hutchins M, Kleiman DG, Geist V, McDade MC. 2003. Grzimek’s Animal Life Encyclopedia Second Edition, Volume 12-16 Mammals I-V. Gale, Farmington Hills, MI, USA.",LC,0
2141,Pteropus dasymallus,Pteropodidae,Chiroptera,2,6,3,263,"Hutchins M, Kleiman DG, Geist V, McDade MC. 2003. Grzimek’s Animal Life Encyclopedia Second Edition, Volume 12-16 Mammals I-V. Gale, Farmington Hills, MI, USA.",VU,1
2142,Pteropus faunulus,Pteropodidae,Chiroptera,2,6,3,263,"Hutchins M, Kleiman DG, Geist V, McDade MC. 2003. Grzimek’s Animal Life Encyclopedia Second Edition, Volume 12-16 Mammals I-V. Gale, Farmington Hills, MI, USA.",EN,1
2143,Pteropus fundatus,Pteropodidae,Chiroptera,2,6,3,263,"Hutchins M, Kleiman DG, Geist V, McDade MC. 2003. Grzimek’s Animal Life Encyclopedia Second Edition, Volume 12-16 Mammals I-V. Gale, Farmington Hills, MI, USA.",EN,1
2144,Pteropus giganteus,Pteropodidae,Chiroptera,2,6,3,263,"Hutchins M, Kleiman DG, Geist V, McDade MC. 2003. Grzimek’s Animal Life Encyclopedia Second Edition, Volume 12-16 Mammals I-V. Gale, Farmington Hills, MI, USA.",LC,0
2148,Pteropus hypomelanus,Pteropodidae,Chiroptera,2,6,3,263,"Hutchins M, Kleiman DG, Geist V, McDade MC. 2003. Grzimek’s Animal Life Encyclopedia Second Edition, Volume 12-16 Mammals I-V. Gale, Farmington Hills, MI, USA.",NT,0
2150,Pteropus leucopterus,Pteropodidae,Chiroptera,2,6,3,263,"Hutchins M, Kleiman DG, Geist V, McDade MC. 2003. Grzimek’s Animal Life Encyclopedia Second Edition, Volume 12-16 Mammals I-V. Gale, Farmington Hills, MI, USA.",LC,0
2153,Pteropus lylei,Pteropodidae,Chiroptera,2,6,3,263,"Hutchins M, Kleiman DG, Geist V, McDade MC. 2003. Grzimek’s Animal Life Encyclopedia Second Edition, Volume 12-16 Mammals I-V. Gale, Farmington Hills, MI, USA.",VU,1
2154,Pteropus macrotis,Pteropodidae,Chiroptera,2,6,3,263,"Hutchins M, Kleiman DG, Geist V, McDade MC. 2003. Grzimek’s Animal Life Encyclopedia Second Edition, Volume 12-16 Mammals I-V. Gale, Farmington Hills, MI, USA.",LC,0
2155,Pteropus mahaganus,Pteropodidae,Chiroptera,2,6,3,263,"Hutchins M, Kleiman DG, Geist V, McDade MC. 2003. Grzimek’s Animal Life Encyclopedia Second Edition, Volume 12-16 Mammals I-V. Gale, Farmington Hills, MI, USA.",LC,0
2156,Pteropus mariannus,Pteropodidae,Chiroptera,2,6,3,263,"Hutchins M, Kleiman DG, Geist V, McDade MC. 2003. Grzimek’s Animal Life Encyclopedia Second Edition, Volume 12-16 Mammals I-V. Gale, Farmington Hills, MI, USA.",EN,1
2158,Pteropus melanopogon,Pteropodidae,Chiroptera,2,6,3,263,"Hutchins M, Kleiman DG, Geist V, McDade MC. 2003. Grzimek’s Animal Life Encyclopedia Second Edition, Volume 12-16 Mammals I-V. Gale, Farmington Hills, MI, USA.",EN,1
2159,Pteropus melanotus,Pteropodidae,Chiroptera,2,6,3,263,"Hutchins M, Kleiman DG, Geist V, McDade MC. 2003. Grzimek’s Animal Life Encyclopedia Second Edition, Volume 12-16 Mammals I-V. Gale, Farmington Hills, MI, USA.",VU,1
2160,Pteropus molossinus,Pteropodidae,Chiroptera,2,6,3,263,"Hutchins M, Kleiman DG, Geist V, McDade MC. 2003. Grzimek’s Animal Life Encyclopedia Second Edition, Volume 12-16 Mammals I-V. Gale, Farmington Hills, MI, USA.",EN,1
2161,Pteropus neohibernicus,Pteropodidae,Chiroptera,2,6,3,263,"Hutchins M, Kleiman DG, Geist V, McDade MC. 2003. Grzimek’s Animal Life Encyclopedia Second Edition, Volume 12-16 Mammals I-V. Gale, Farmington Hills, MI, USA.",LC,0
2162,Pteropus niger,Pteropodidae,Chiroptera,2,6,3,263,"Hutchins M, Kleiman DG, Geist V, McDade MC. 2003. Grzimek’s Animal Life Encyclopedia Second Edition, Volume 12-16 Mammals I-V. Gale, Farmington Hills, MI, USA.",EN,1
2163,Pteropus nitendiensis,Pteropodidae,Chiroptera,2,6,3,263,"Hutchins M, Kleiman DG, Geist V, McDade MC. 2003. Grzimek’s Animal Life Encyclopedia Second Edition, Volume 12-16 Mammals I-V. Gale, Farmington Hills, MI, USA.",EN,1
2164,Pteropus ocularis,Pteropodidae,Chiroptera,2,6,3,263,"Hutchins M, Kleiman DG, Geist V, McDade MC. 2003. Grzimek’s Animal Life Encyclopedia Second Edition, Volume 12-16 Mammals I-V. Gale, Farmington Hills, MI, USA.",VU,1
2165,Pteropus ornatus,Pteropodidae,Chiroptera,2,6,3,263,"Hutchins M, Kleiman DG, Geist V, McDade MC. 2003. Grzimek’s Animal Life Encyclopedia Second Edition, Volume 12-16 Mammals I-V. Gale, Farmington Hills, MI, USA.",VU,1
2166,Pteropus personatus,Pteropodidae,Chiroptera,2,6,3,263,"Hutchins M, Kleiman DG, Geist V, McDade MC. 2003. Grzimek’s Animal Life Encyclopedia Second Edition, Volume 12-16 Mammals I-V. Gale, Farmington Hills, MI, USA.",LC,0
2168,Pteropus pilosus,Pteropodidae,Chiroptera,2,6,3,263,"Hutchins M, Kleiman DG, Geist V, McDade MC. 2003. Grzimek’s Animal Life Encyclopedia Second Edition, Volume 12-16 Mammals I-V. Gale, Farmington Hills, MI, USA.",EX,1
2169,Pteropus pohlei,Pteropodidae,Chiroptera,2,6,3,263,"Hutchins M, Kleiman DG, Geist V, McDade MC. 2003. Grzimek’s Animal Life Encyclopedia Second Edition, Volume 12-16 Mammals I-V. Gale, Farmington Hills, MI, USA.",VU,1
2170,Pteropus poliocephalus,Pteropodidae,Chiroptera,2,6,3,263,"Hutchins M, Kleiman DG, Geist V, McDade MC. 2003. Grzimek’s Animal Life Encyclopedia Second Edition, Volume 12-16 Mammals I-V. Gale, Farmington Hills, MI, USA.",VU,1
2171,Pteropus pselaphon,Pteropodidae,Chiroptera,2,6,3,263,"Hutchins M, Kleiman DG, Geist V, McDade MC. 2003. Grzimek’s Animal Life Encyclopedia Second Edition, Volume 12-16 Mammals I-V. Gale, Farmington Hills, MI, USA.",EN,1
2172,Pteropus pumilus,Pteropodidae,Chiroptera,2,6,3,263,"Hutchins M, Kleiman DG, Geist V, McDade MC. 2003. Grzimek’s Animal Life Encyclopedia Second Edition, Volume 12-16 Mammals I-V. Gale, Farmington Hills, MI, USA.",NT,0
2173,Pteropus rayneri,Pteropodidae,Chiroptera,2,6,3,263,"Hutchins M, Kleiman DG, Geist V, McDade MC. 2003. Grzimek’s Animal Life Encyclopedia Second Edition, Volume 12-16 Mammals I-V. Gale, Farmington Hills, MI, USA.",NT,0
2174,Pteropus rodricensis,Pteropodidae,Chiroptera,2,6,3,263,"Hutchins M, Kleiman DG, Geist V, McDade MC. 2003. Grzimek’s Animal Life Encyclopedia Second Edition, Volume 12-16 Mammals I-V. Gale, Farmington Hills, MI, USA.",EN,1
2175,Pteropus rufus,Pteropodidae,Chiroptera,2,6,3,263,"Hutchins M, Kleiman DG, Geist V, McDade MC. 2003. Grzimek’s Animal Life Encyclopedia Second Edition, Volume 12-16 Mammals I-V. Gale, Farmington Hills, MI, USA.",VU,1
2176,Pteropus samoensis,Pteropodidae,Chiroptera,2,6,3,263,"Hutchins M, Kleiman DG, Geist V, McDade MC. 2003. Grzimek’s Animal Life Encyclopedia Second Edition, Volume 12-16 Mammals I-V. Gale, Farmington Hills, MI, USA.",NT,0
2178,Pteropus scapulatus,Pteropodidae,Chiroptera,2,6,3,263,"Hutchins M, Kleiman DG, Geist V, McDade MC. 2003. Grzimek’s Animal Life Encyclopedia Second Edition, Volume 12-16 Mammals I-V. Gale, Farmington Hills, MI, USA.",LC,0
2179,Pteropus seychellensis,Pteropodidae,Chiroptera,2,6,3,263,"Hutchins M, Kleiman DG, Geist V, McDade MC. 2003. Grzimek’s Animal Life Encyclopedia Second Edition, Volume 12-16 Mammals I-V. Gale, Farmington Hills, MI, USA.",LC,0
2181,Pteropus subniger,Pteropodidae,Chiroptera,2,6,3,263,"Hutchins M, Kleiman DG, Geist V, McDade MC. 2003. Grzimek’s Animal Life Encyclopedia Second Edition, Volume 12-16 Mammals I-V. Gale, Farmington Hills, MI, USA.",EX,1
2183,Pteropus tokudae,Pteropodidae,Chiroptera,2,6,3,263,"Hutchins M, Kleiman DG, Geist V, McDade MC. 2003. Grzimek’s Animal Life Encyclopedia Second Edition, Volume 12-16 Mammals I-V. Gale, Farmington Hills, MI, USA.",EX,1
2184,Pteropus tonganus,Pteropodidae,Chiroptera,2,6,3,263,"Hutchins M, Kleiman DG, Geist V, McDade MC. 2003. Grzimek’s Animal Life Encyclopedia Second Edition, Volume 12-16 Mammals I-V. Gale, Farmington Hills, MI, USA.",LC,0
2185,Pteropus tuberculatus,Pteropodidae,Chiroptera,2,6,3,263,"Hutchins M, Kleiman DG, Geist V, McDade MC. 2003. Grzimek’s Animal Life Encyclopedia Second Edition, Volume 12-16 Mammals I-V. Gale, Farmington Hills, MI, USA.",EN,1
2186,Pteropus vampyrus,Pteropodidae,Chiroptera,2,6,3,263,"Hutchins M, Kleiman DG, Geist V, McDade MC. 2003. Grzimek’s Animal Life Encyclopedia Second Edition, Volume 12-16 Mammals I-V. Gale, Farmington Hills, MI, USA.",NT,0
2187,Pteropus vetulus,Pteropodidae,Chiroptera,2,6,3,263,"Hutchins M, Kleiman DG, Geist V, McDade MC. 2003. Grzimek’s Animal Life Encyclopedia Second Edition, Volume 12-16 Mammals I-V. Gale, Farmington Hills, MI, USA.",NT,0
2188,Pteropus voeltzkowi,Pteropodidae,Chiroptera,2,6,3,263,"Hutchins M, Kleiman DG, Geist V, McDade MC. 2003. Grzimek’s Animal Life Encyclopedia Second Edition, Volume 12-16 Mammals I-V. Gale, Farmington Hills, MI, USA.",VU,1
2189,Pteropus woodfordi,Pteropodidae,Chiroptera,2,6,3,263,"Hutchins M, Kleiman DG, Geist V, McDade MC. 2003. Grzimek’s Animal Life Encyclopedia Second Edition, Volume 12-16 Mammals I-V. Gale, Farmington Hills, MI, USA.",LC,0
2190,Scotonycteris ophiodon,Pteropodidae,Chiroptera,2,6,3,263,"Nowak RM. 1999. Walker’s Mammals of the World, Vol. 1. Sixth Ed. The Johns Hopkins University Press, Maryland, USA.",NT,0
2191,Scotonycteris zenkeri,Pteropodidae,Chiroptera,2,6,3,263,"Nowak RM. 1999. Walker’s Mammals of the World, Vol. 1. Sixth Ed. The Johns Hopkins University Press, Maryland, USA.",LC,0
2192,Sphaerias blanfordi,Pteropodidae,Chiroptera,2,6,3,263,"Nowak RM. 1999. Walker’s Mammals of the World, Vol. 1. Sixth Ed. The Johns Hopkins University Press, Maryland, USA.",LC,0
2193,Styloctenium wallacei,Pteropodidae,Chiroptera,2,6,3,263,"Hare T., Lambert M. 1997. Encyclopedia of Mammals, Volumes 1-16. Marshall Cavendish Corporatio. New York, USA.",NT,0
2194,Syconycteris australis,Pteropodidae,Chiroptera,2,6,3,263,"Nowak RM. 1999. Walker’s Mammals of the World, Vol. 1. Sixth Ed. The Johns Hopkins University Press, Maryland, USA.; Flannery T. 1995. Mammals of New Guinea. Cornell University Press, Ithaca, NY.",LC,0
2195,Syconycteris carolinae,Pteropodidae,Chiroptera,2,6,3,263,"Nowak RM. 1999. Walker’s Mammals of the World, Vol. 1. Sixth Ed. The Johns Hopkins University Press, Maryland, USA.",VU,1
2196,Syconycteris hobbit,Pteropodidae,Chiroptera,2,6,3,263,"Nowak RM. 1999. Walker’s Mammals of the World, Vol. 1. Sixth Ed. The Johns Hopkins University Press, Maryland, USA.; Flannery T. 1995. Mammals of New Guinea. Cornell University Press, Ithaca, NY.",LC,0
2197,Thoopterus nigrescens,Pteropodidae,Chiroptera,2,6,3,263,"Nowak RM. 1999. Walker’s Mammals of the World, Vol. 1. Sixth Ed. The Johns Hopkins University Press, Maryland, USA.",LC,0
2198,Aeretes melanopterus,Sciuridae,Rodentia,2,3,3,233,"Hutchins M, Kleiman DG, Geist V, McDade MC. 2003. Grzimek’s Animal Life Encyclopedia Second Edition, Volume 12-16 Mammals I-V. Gale, Farmington Hills, MI, USA.",NT,0
2200,Aeromys thomasi,Sciuridae,Rodentia,2,1,3,213,"Hutchins M, Kleiman DG, Geist V, McDade MC. 2003. Grzimek’s Animal Life Encyclopedia Second Edition, Volume 12-16 Mammals I-V. Gale, Farmington Hills, MI, USA.",LC,0
2202,Biswamoyopterus biswasi,Sciuridae,Rodentia,2,3,3,233,"Hutchins M, Kleiman DG, Geist V, McDade MC. 2003. Grzimek’s Animal Life Encyclopedia Second Edition, Volume 12-16 Mammals I-V. Gale, Farmington Hills, MI, USA.",CR,1
2203,Callosciurus adamsi,Sciuridae,Rodentia,2,1,3,213,"Nowak RM. 1999. Walker’s Mammals of the World, Vol. 2. Sixth Ed. The Johns Hopkins University Press, Maryland, USA.; Hare T., Lambert M. 1997. Encyclopedia of Mammals, Volumes 1-16. Marshall Cavendish Corporation. New York, USA",NT,0
2205,Callosciurus baluensis,Sciuridae,Rodentia,2,1,3,213,"Nowak RM. 1999. Walker’s Mammals of the World, Vol. 2. Sixth Ed. The Johns Hopkins University Press, Maryland, USA.; Hare T., Lambert M. 1997. Encyclopedia of Mammals, Volumes 1-16. Marshall Cavendish Corporation. New York, USA",LC,0
2206,Callosciurus caniceps,Sciuridae,Rodentia,2,1,3,213,"Nowak RM. 1999. Walker’s Mammals of the World, Vol. 2. Sixth Ed. The Johns Hopkins University Press, Maryland, USA.; Hare T., Lambert M. 1997. Encyclopedia of Mammals, Volumes 1-16. Marshall Cavendish Corporation. New York, USA",LC,0
2207,Callosciurus erythraeus,Sciuridae,Rodentia,2,1,3,213,"Hutchins M, Kleiman DG, Geist V, McDade MC. 2003. Grzimek’s Animal Life Encyclopedia Second Edition, Volume 12-16 Mammals I-V. Gale, Farmington Hills, MI, USA.; Hare T., Lambert M. 1997. Encyclopedia of Mammals, Volumes 1-16. Marshall Cavendish Corporation. New York, USA",LC,0
2208,Callosciurus finlaysonii,Sciuridae,Rodentia,2,1,3,213,"Nowak RM. 1999. Walker’s Mammals of the World, Vol. 2. Sixth Ed. The Johns Hopkins University Press, Maryland, USA.; Hare T., Lambert M. 1997. Encyclopedia of Mammals, Volumes 1-16. Marshall Cavendish Corporation. New York, USA",LC,0
2209,Callosciurus inornatus,Sciuridae,Rodentia,2,1,3,213,"Nowak RM. 1999. Walker’s Mammals of the World, Vol. 2. Sixth Ed. The Johns Hopkins University Press, Maryland, USA.; Hare T., Lambert M. 1997. Encyclopedia of Mammals, Volumes 1-16. Marshall Cavendish Corporation. New York, USA",LC,0
2210,Callosciurus melanogaster,Sciuridae,Rodentia,2,1,3,213,"Nowak RM. 1999. Walker’s Mammals of the World, Vol. 2. Sixth Ed. The Johns Hopkins University Press, Maryland, USA.; Hare T., Lambert M. 1997. Encyclopedia of Mammals, Volumes 1-16. Marshall Cavendish Corporation. New York, USA",VU,1
2211,Callosciurus nigrovittatus,Sciuridae,Rodentia,2,1,3,213,"Nowak RM. 1999. Walker’s Mammals of the World, Vol. 2. Sixth Ed. The Johns Hopkins University Press, Maryland, USA.; Hare T., Lambert M. 1997. Encyclopedia of Mammals, Volumes 1-16. Marshall Cavendish Corporation. New York, USA",LC,0
2212,Callosciurus notatus,Sciuridae,Rodentia,2,1,3,213,"Nowak RM. 1999. Walker’s Mammals of the World, Vol. 2. Sixth Ed. The Johns Hopkins University Press, Maryland, USA.; Hare T., Lambert M. 1997. Encyclopedia of Mammals, Volumes 1-16. Marshall Cavendish Corporation. New York, USA",LC,0
2213,Callosciurus orestes,Sciuridae,Rodentia,2,1,3,213,"Nowak RM. 1999. Walker’s Mammals of the World, Vol. 2. Sixth Ed. The Johns Hopkins University Press, Maryland, USA.; Hare T., Lambert M. 1997. Encyclopedia of Mammals, Volumes 1-16. Marshall Cavendish Corporation. New York, USA",LC,0
2214,Callosciurus phayrei,Sciuridae,Rodentia,2,1,3,213,"Nowak RM. 1999. Walker’s Mammals of the World, Vol. 2. Sixth Ed. The Johns Hopkins University Press, Maryland, USA.; Hare T., Lambert M. 1997. Encyclopedia of Mammals, Volumes 1-16. Marshall Cavendish Corporation. New York, USA",LC,0
2215,Callosciurus prevostii,Sciuridae,Rodentia,2,1,3,213,"Nowak RM. 1999. Walker’s Mammals of the World, Vol. 2. Sixth Ed. The Johns Hopkins University Press, Maryland, USA.; Macdonald, D. W. 2006. The Princeton Encyclopedia of Mammals. Princeton University Press, Princeton, NJ.",LC,0
2216,Callosciurus pygerythrus,Sciuridae,Rodentia,2,1,3,213,"Nowak RM. 1999. Walker’s Mammals of the World, Vol. 2. Sixth Ed. The Johns Hopkins University Press, Maryland, USA.; Hare T., Lambert M. 1997. Encyclopedia of Mammals, Volumes 1-16. Marshall Cavendish Corporation. New York, USA",LC,0
2217,Callosciurus quinquestriatus,Sciuridae,Rodentia,2,1,3,213,"Nowak RM. 1999. Walker’s Mammals of the World, Vol. 2. Sixth Ed. The Johns Hopkins University Press, Maryland, USA.; Hare T., Lambert M. 1997. Encyclopedia of Mammals, Volumes 1-16. Marshall Cavendish Corporation. New York, USA",LC,0
2218,Eupetaurus cinereus,Sciuridae,Rodentia,2,3,3,233,"Hutchins M, Kleiman DG, Geist V, McDade MC. 2003. Grzimek’s Animal Life Encyclopedia Second Edition, Volume 12-16 Mammals I-V. Gale, Farmington Hills, MI, USA.",EN,1
2219,Exilisciurus concinnus,Sciuridae,Rodentia,2,6,3,263,"Alderton, D. 1996. Rodents of the world. Facts on File, INC., NY, USA., Nowak RM. 1999. Walker’s Mammals of the World, Vol. 2. Sixth Ed. The Johns Hopkins University Press, Maryland, USA.",LC,0
2221,Exilisciurus whiteheadi,Sciuridae,Rodentia,2,6,3,263,"Alderton, D. 1996. Rodents of the world. Facts on File, INC., NY, USA., Nowak RM. 1999. Walker’s Mammals of the World, Vol. 2. Sixth Ed. The Johns Hopkins University Press, Maryland, USA.",LC,0
2222,Funambulus palmarum,Sciuridae,Rodentia,2,1,3,213,"Long JL. 2003. Introduced Mammals of the World, Their history, distribution, and influence. CSIRO Publishing, Collingwood VIC, Australia. ; Nowak RM. 1999. Walker’s Mammals of the World, Vol. 2. Sixth Ed. The Johns Hopkins University Press, Maryland, USA.",LC,0
2223,Funisciurus congicus,Sciuridae,Rodentia,2,1,3,213,"Nowak RM. 1999. Walker’s Mammals of the World, Vol. 2. Sixth Ed. The Johns Hopkins University Press, Maryland, USA. ; Skinner, J. D., Chimimba, C. T. 2005. The Mammals of Southern African Subregion. Cambridge University Press, Cape Town, South Africa. ",LC,0
2224,Glaucomys sabrinus,Sciuridae,Rodentia,2,6,3,263,"Alderton, D. 1996. Rodents of the world. Facts on File, INC., NY, USA.",LC,0
2225,Glaucomys volans,Sciuridae,Rodentia,2,6,3,263,"Hutchins M, Kleiman DG, Geist V, McDade MC. 2003. Grzimek’s Animal Life Encyclopedia Second Edition, Volume 12-16 Mammals I-V. Gale, Farmington Hills, MI, USA.",LC,0
2226,Heliosciurus mutabilis,Sciuridae,Rodentia,2,1,3,213,"Nowak RM. 1999. Walker’s Mammals of the World, Vol. 2. Sixth Ed. The Johns Hopkins University Press, Maryland, USA. ; Skinner, J. D., Chimimba, C. T. 2005. The Mammals of Southern African Subregion. Cambridge University Press, Cape Town, South Africa. ",LC,0
2227,Hylopetes alboniger,Sciuridae,Rodentia,2,6,3,263,"Nowak RM. 1999. Walker’s Mammals of the World, Vol. 2. Sixth Ed. The Johns Hopkins University Press, Maryland, USA.; Hare T., Lambert M. 1997. Encyclopedia of Mammals, Volumes 1-16. Marshall Cavendish Corporation. New York, USA",LC,0
2231,Hylopetes nigripes,Sciuridae,Rodentia,2,6,3,263,"Nowak RM. 1999. Walker’s Mammals of the World, Vol. 2. Sixth Ed. The Johns Hopkins University Press, Maryland, USA.; Hare T., Lambert M. 1997. Encyclopedia of Mammals, Volumes 1-16. Marshall Cavendish Corporation. New York, USA",NT,0
2232,Hylopetes phayrei,Sciuridae,Rodentia,2,6,3,263,"Nowak RM. 1999. Walker’s Mammals of the World, Vol. 2. Sixth Ed. The Johns Hopkins University Press, Maryland, USA.; Hare T., Lambert M. 1997. Encyclopedia of Mammals, Volumes 1-16. Marshall Cavendish Corporation. New York, USA",LC,0
2233,Hylopetes sipora,Sciuridae,Rodentia,2,6,3,263,"Nowak RM. 1999. Walker’s Mammals of the World, Vol. 2. Sixth Ed. The Johns Hopkins University Press, Maryland, USA.; Hare T., Lambert M. 1997. Encyclopedia of Mammals, Volumes 1-16. Marshall Cavendish Corporation. New York, USA",EN,1
2234,Hylopetes spadiceus,Sciuridae,Rodentia,2,6,3,263,"Nowak RM. 1999. Walker’s Mammals of the World, Vol. 2. Sixth Ed. The Johns Hopkins University Press, Maryland, USA.; Hare T., Lambert M. 1997. Encyclopedia of Mammals, Volumes 1-16. Marshall Cavendish Corporation. New York, USA",LC,0
2237,Microsciurus alfari,Sciuridae,Rodentia,2,3,3,233,"Nowak RM. 1999. Walker’s Mammals of the World, Vol. 2. Sixth Ed. The Johns Hopkins University Press, Maryland, USA.",LC,0
2238,Microsciurus flaviventer,Sciuridae,Rodentia,2,3,3,233,"Nowak RM. 1999. Walker’s Mammals of the World, Vol. 2. Sixth Ed. The Johns Hopkins University Press, Maryland, USA.",LC,0
2239,Microsciurus mimulus,Sciuridae,Rodentia,2,3,3,233,"Nowak RM. 1999. Walker’s Mammals of the World, Vol. 2. Sixth Ed. The Johns Hopkins University Press, Maryland, USA.",LC,0
2241,Paraxerus alexandri,Sciuridae,Rodentia,2,1,3,213,"Nowak RM. 1999. Walker’s Mammals of the World, Vol. 2. Sixth Ed. The Johns Hopkins University Press, Maryland, USA.",LC,0
2242,Paraxerus boehmi,Sciuridae,Rodentia,2,1,3,213,"Nowak RM. 1999. Walker’s Mammals of the World, Vol. 2. Sixth Ed. The Johns Hopkins University Press, Maryland, USA.",LC,0
2243,Paraxerus cepapi,Sciuridae,Rodentia,2,1,3,213,"Nowak RM. 1999. Walker’s Mammals of the World, Vol. 2. Sixth Ed. The Johns Hopkins University Press, Maryland, USA.",LC,0
2245,Paraxerus flavovittis,Sciuridae,Rodentia,2,1,3,213,"Nowak RM. 1999. Walker’s Mammals of the World, Vol. 2. Sixth Ed. The Johns Hopkins University Press, Maryland, USA.",LC,0
2247,Paraxerus ochraceus,Sciuridae,Rodentia,2,1,3,213,"Nowak RM. 1999. Walker’s Mammals of the World, Vol. 2. Sixth Ed. The Johns Hopkins University Press, Maryland, USA.",LC,0
2248,Paraxerus palliatus,Sciuridae,Rodentia,2,1,3,213,"Nowak RM. 1999. Walker’s Mammals of the World, Vol. 2. Sixth Ed. The Johns Hopkins University Press, Maryland, USA.",LC,0
2249,Paraxerus poensis,Sciuridae,Rodentia,2,1,3,213,"Nowak RM. 1999. Walker’s Mammals of the World, Vol. 2. Sixth Ed. The Johns Hopkins University Press, Maryland, USA.",LC,0
2250,Paraxerus vexillarius,Sciuridae,Rodentia,2,1,3,213,"Nowak RM. 1999. Walker’s Mammals of the World, Vol. 2. Sixth Ed. The Johns Hopkins University Press, Maryland, USA.",LC,0
2251,Paraxerus vincenti,Sciuridae,Rodentia,2,1,3,213,"Nowak RM. 1999. Walker’s Mammals of the World, Vol. 2. Sixth Ed. The Johns Hopkins University Press, Maryland, USA.",EN,1
2253,Petaurista alborufus,Sciuridae,Rodentia,2,6,3,263,"Alderton, D. 1996. Rodents of the world. Facts on File, INC., NY, USA.",LC,0
2254,Petaurista elegans,Sciuridae,Rodentia,2,6,3,263,"Alderton, D. 1996. Rodents of the world. Facts on File, INC., NY, USA.",LC,0
2255,Petaurista leucogenys,Sciuridae,Rodentia,2,6,3,263,"Alderton, D. 1996. Rodents of the world. Facts on File, INC., NY, USA.",LC,0
2256,Petaurista magnificus,Sciuridae,Rodentia,2,6,3,263,"Alderton, D. 1996. Rodents of the world. Facts on File, INC., NY, USA.",LC,0
2257,Petaurista nobilis,Sciuridae,Rodentia,2,6,3,263,"Alderton, D. 1996. Rodents of the world. Facts on File, INC., NY, USA.",NT,0
2258,Petaurista petaurista,Sciuridae,Rodentia,2,3,3,233,"Hutchins M, Kleiman DG, Geist V, McDade MC. 2003. Grzimek’s Animal Life Encyclopedia Second Edition, Volume 12-16 Mammals I-V. Gale, Farmington Hills, MI, USA.",LC,0
2260,Petaurista philippensis,Sciuridae,Rodentia,2,6,3,263,"Alderton, D. 1996. Rodents of the world. Facts on File, INC., NY, USA.",LC,0
2261,Petaurista xanthotis,Sciuridae,Rodentia,2,6,3,263,"Alderton, D. 1996. Rodents of the world. Facts on File, INC., NY, USA.",LC,0
2262,Petinomys genibarbis,Sciuridae,Rodentia,2,6,3,263,"Hutchins M, Kleiman DG, Geist V, McDade MC. 2003. Grzimek’s Animal Life Encyclopedia Second Edition, Volume 12-16 Mammals I-V. Gale, Farmington Hills, MI, USA.",VU,1
2263,Protoxerus aubinnii,Sciuridae,Rodentia,2,1,3,213,"Nowak RM. 1999. Walker’s Mammals of the World, Vol. 2. Sixth Ed. The Johns Hopkins University Press, Maryland, USA.",NT,0
2264,Protoxerus stangeri,Sciuridae,Rodentia,2,1,3,213,"Nowak RM. 1999. Walker’s Mammals of the World, Vol. 2. Sixth Ed. The Johns Hopkins University Press, Maryland, USA.",LC,0
2265,Pteromys momonga,Sciuridae,Rodentia,2,1,3,213,"Nowak RM. 1999. Walker’s Mammals of the World, Vol. 2. Sixth Ed. The Johns Hopkins University Press, Maryland, USA.",LC,0
2266,Pteromys volans,Sciuridae,Rodentia,2,1,3,213,"Nowak RM. 1999. Walker’s Mammals of the World, Vol. 2. Sixth Ed. The Johns Hopkins University Press, Maryland, USA.",LC,0
2267,Pteromyscus pulverulentus,Sciuridae,Rodentia,2,1,3,213,"Nowak RM. 1999. Walker’s Mammals of the World, Vol. 2. Sixth Ed. The Johns Hopkins University Press, Maryland, USA.",EN,1
2268,Ratufa affinis,Sciuridae,Rodentia,2,1,3,213,"Nowak RM. 1999. Walker’s Mammals of the World, Vol. 2. Sixth Ed. The Johns Hopkins University Press, Maryland, USA.; Alderton, D. 1996. Rodents of the world. Facts on File, INC., NY, USA.; Macdonald, D. W. 2006. The Princeton Encyclopedia of Mammals. Princeton University Press, Princeton, NJ.",NT,0
2269,Ratufa bicolor,Sciuridae,Rodentia,2,1,3,213,"Nowak RM. 1999. Walker’s Mammals of the World, Vol. 2. Sixth Ed. The Johns Hopkins University Press, Maryland, USA.; Alderton, D. 1996. Rodents of the world. Facts on File, INC., NY, USA.; Macdonald, D. W. 2006. The Princeton Encyclopedia of Mammals. Princeton University Press, Princeton, NJ.",NT,0
2270,Ratufa indica,Sciuridae,Rodentia,2,1,3,213,"Hutchins M, Kleiman DG, Geist V, McDade MC. 2003. Grzimek’s Animal Life Encyclopedia Second Edition, Volume 12-16 Mammals I-V. Gale, Farmington Hills, MI, USA.",LC,0
2271,Ratufa macroura,Sciuridae,Rodentia,2,1,3,213,"Nowak RM. 1999. Walker’s Mammals of the World, Vol. 2. Sixth Ed. The Johns Hopkins University Press, Maryland, USA.; Alderton, D. 1996. Rodents of the world. Facts on File, INC., NY, USA.; Hare T., Lambert M. 1997. Encyclopedia of Mammals, Volumes 1-16. Marshall Cavendish Corporation. New York, USA",NT,0
2272,Sciurillus pusillus,Sciuridae,Rodentia,2,1,3,213,"Nowak RM. 1999. Walker’s Mammals of the World, Vol. 2. Sixth Ed. The Johns Hopkins University Press, Maryland, USA.",LC,0
2273,Sciurus aberti,Sciuridae,Rodentia,2,1,3,213,"Hutchins M, Kleiman DG, Geist V, McDade MC. 2003. Grzimek’s Animal Life Encyclopedia Second Edition, Volume 12-16 Mammals I-V. Gale, Farmington Hills, MI, USA., Long JL. 2003. Introduced Mammals of the World, Their history, distribution, and influence. CSIRO Publishing, Collingwood VIC, Australia.",LC,0
2274,Sciurus aestuans,Sciuridae,Rodentia,2,1,3,213,"Nowak RM. 1999. Walker’s Mammals of the World, Vol. 2. Sixth Ed. The Johns Hopkins University Press, Maryland, USA.",LC,0
2275,Sciurus alleni,Sciuridae,Rodentia,2,1,3,213,"Hutchins M, Kleiman DG, Geist V, McDade MC. 2003. Grzimek’s Animal Life Encyclopedia Second Edition, Volume 12-16 Mammals I-V. Gale, Farmington Hills, MI, USA.; Macdonald, D. W. 2006. The Princeton Encyclopedia of Mammals. Princeton University Press, Princeton, NJ.",LC,0
2276,Sciurus anomalus,Sciuridae,Rodentia,2,1,3,213,"Hutchins M, Kleiman DG, Geist V, McDade MC. 2003. Grzimek’s Animal Life Encyclopedia Second Edition, Volume 12-16 Mammals I-V. Gale, Farmington Hills, MI, USA.Nowak RM. 1999. Walker’s Mammals of the World, Vol. 2. Sixth Ed. The Johns Hopkins University Press, Maryland, USA.",LC,0
2278,Sciurus aureogaster,Sciuridae,Rodentia,2,1,3,213,"Hutchins M, Kleiman DG, Geist V, McDade MC. 2003. Grzimek’s Animal Life Encyclopedia Second Edition, Volume 12-16 Mammals I-V. Gale, Farmington Hills, MI, USA., Long JL. 2003. Introduced Mammals of the World, Their history, distribution, and influence. CSIRO Publishing, Collingwood VIC, Australia.",LC,0
2279,Sciurus carolinensis,Sciuridae,Rodentia,2,1,3,213,"Hutchins M, Kleiman DG, Geist V, McDade MC. 2003. Grzimek’s Animal Life Encyclopedia Second Edition, Volume 12-16 Mammals I-V. Gale, Farmington Hills, MI, USA.",LC,0
2280,Sciurus colliaei,Sciuridae,Rodentia,2,1,3,213,"Nowak RM. 1999. Walker’s Mammals of the World, Vol. 2. Sixth Ed. The Johns Hopkins University Press, Maryland, USA.",LC,0
2281,Sciurus deppei,Sciuridae,Rodentia,2,1,3,213,"Hutchins M, Kleiman DG, Geist V, McDade MC. 2003. Grzimek’s Animal Life Encyclopedia Second Edition, Volume 12-16 Mammals I-V. Gale, Farmington Hills, MI, USA.",LC,0
2284,Sciurus granatensis,Sciuridae,Rodentia,2,1,3,213,"Nowak RM. 1999. Walker’s Mammals of the World, Vol. 2. Sixth Ed. The Johns Hopkins University Press, Maryland, USA.",LC,0
2285,Sciurus griseus,Sciuridae,Rodentia,2,1,3,213,"Hutchins M, Kleiman DG, Geist V, McDade MC. 2003. Grzimek’s Animal Life Encyclopedia Second Edition, Volume 12-16 Mammals I-V. Gale, Farmington Hills, MI, USA., Nowak RM. 1999. Walker’s Mammals of the World, Vol. 2. Sixth Ed. The Johns Hopkins University Press, Maryland, USA.",LC,0
2286,Sciurus ignitus,Sciuridae,Rodentia,2,1,3,213,"Nowak RM. 1999. Walker’s Mammals of the World, Vol. 2. Sixth Ed. The Johns Hopkins University Press, Maryland, USA.",LC,0
2287,Sciurus igniventris,Sciuridae,Rodentia,2,1,3,213,"Nowak RM. 1999. Walker’s Mammals of the World, Vol. 2. Sixth Ed. The Johns Hopkins University Press, Maryland, USA.",LC,0
2288,Sciurus lis,Sciuridae,Rodentia,2,1,3,213,"Nowak RM. 1999. Walker’s Mammals of the World, Vol. 2. Sixth Ed. The Johns Hopkins University Press, Maryland, USA.",LC,0
2289,Sciurus nayaritensis,Sciuridae,Rodentia,2,1,3,213,"Hutchins M, Kleiman DG, Geist V, McDade MC. 2003. Grzimek’s Animal Life Encyclopedia Second Edition, Volume 12-16 Mammals I-V. Gale, Farmington Hills, MI, USA., Nowak RM. 1999. Walker’s Mammals of the World, Vol. 2. Sixth Ed. The Johns Hopkins University Press, Maryland, USA.",LC,0
2290,Sciurus niger,Sciuridae,Rodentia,2,1,3,213,"Hutchins M, Kleiman DG, Geist V, McDade MC. 2003. Grzimek’s Animal Life Encyclopedia Second Edition, Volume 12-16 Mammals I-V. Gale, Farmington Hills, MI, USA., Long JL. 2003. Introduced Mammals of the World, Their history, distribution, and influence. CSIRO Publishing, Collingwood VIC, Australia.",LC,0
2291,Sciurus oculatus,Sciuridae,Rodentia,2,1,3,213,"Hutchins M, Kleiman DG, Geist V, McDade MC. 2003. Grzimek’s Animal Life Encyclopedia Second Edition, Volume 12-16 Mammals I-V. Gale, Farmington Hills, MI, USA.; Macdonald, D. W. 2006. The Princeton Encyclopedia of Mammals. Princeton University Press, Princeton, NJ.",LC,0
2294,Sciurus richmondi,Sciuridae,Rodentia,2,1,3,213,"Nowak RM. 1999. Walker’s Mammals of the World, Vol. 2. Sixth Ed. The Johns Hopkins University Press, Maryland, USA.",NT,0
2296,Sciurus spadiceus,Sciuridae,Rodentia,2,1,3,213,"Nowak RM. 1999. Walker’s Mammals of the World, Vol. 2. Sixth Ed. The Johns Hopkins University Press, Maryland, USA.",LC,0
2297,Sciurus stramineus,Sciuridae,Rodentia,2,1,3,213,"Nowak RM. 1999. Walker’s Mammals of the World, Vol. 2. Sixth Ed. The Johns Hopkins University Press, Maryland, USA.",LC,0
2298,Sciurus variegatoides,Sciuridae,Rodentia,2,1,3,213,"Hutchins M, Kleiman DG, Geist V, McDade MC. 2003. Grzimek’s Animal Life Encyclopedia Second Edition, Volume 12-16 Mammals I-V. Gale, Farmington Hills, MI, USA.",LC,0
2299,Sciurus vulgaris,Sciuridae,Rodentia,2,1,3,213,"Hutchins M, Kleiman DG, Geist V, McDade MC. 2003. Grzimek’s Animal Life Encyclopedia Second Edition, Volume 12-16 Mammals I-V. Gale, Farmington Hills, MI, USA., Long JL. 2003. Introduced Mammals of the World, Their history, distribution, and influence. CSIRO Publishing, Collingwood VIC, Australia.",LC,0
2300,Sciurus yucatanensis,Sciuridae,Rodentia,2,1,3,213,"Hutchins M, Kleiman DG, Geist V, McDade MC. 2003. Grzimek’s Animal Life Encyclopedia Second Edition, Volume 12-16 Mammals I-V. Gale, Farmington Hills, MI, USA., Nowak RM. 1999. Walker’s Mammals of the World, Vol. 2. Sixth Ed. The Johns Hopkins University Press, Maryland, USA.",LC,0
2301,Sundasciurus hippurus,Sciuridae,Rodentia,2,1,3,213,"Nowak RM. 1999. Walker’s Mammals of the World, Vol. 2. Sixth Ed. The Johns Hopkins University Press, Maryland, USA.",NT,0
2302,Sundasciurus tenuis,Sciuridae,Rodentia,2,1,3,213,"Nowak RM. 1999. Walker’s Mammals of the World, Vol. 2. Sixth Ed. The Johns Hopkins University Press, Maryland, USA.",LC,0
2303,Tamiasciurus hudsonicus,Sciuridae,Rodentia,2,1,3,213,"Hutchins M, Kleiman DG, Geist V, McDade MC. 2003. Grzimek’s Animal Life Encyclopedia Second Edition, Volume 12-16 Mammals I-V. Gale, Farmington Hills, MI, USA., Long JL. 2003. Introduced Mammals of the World, Their history, distribution, and influence. CSIRO Publishing, Collingwood VIC, Australia.",LC,0
2304,Tarsipes rostratus,Tarsipedidae,Diprotodontia,2,1,3,213,"Hutchins M, Kleiman DG, Geist V, McDade MC. 2003. Grzimek’s Animal Life Encyclopedia Second Edition, Volume 12-16 Mammals I-V. Gale, Farmington Hills, MI, USA.",LC,0
2305,Nandinia binotata,Viverridae,Carnivora,2,1,3,213,"Hutchins M, Kleiman DG, Geist V, McDade MC. 2003. Grzimek’s Animal Life Encyclopedia Second Edition, Volume 12-16 Mammals I-V. Gale, Farmington Hills, MI, USA.; Wilson DE. 2009. Handbook of the Mammals of the World. Vol.1 Carnivores. Lynx Edicions, Barcelona., Nowak RM. 1999. Walker’s Mammals of the World, Vol. 1. Sixth Ed. The Johns Hopkins University Press, Maryland, USA.",LC,0
2306,Paguma larvata,Viverridae,Carnivora,2,1,3,213,"Hutchins M, Kleiman DG, Geist V, McDade MC. 2003. Grzimek’s Animal Life Encyclopedia Second Edition, Volume 12-16 Mammals I-V. Gale, Farmington Hills, MI, USA.",LC,0
2307,Paradoxurus hermaphroditus,Viverridae,Carnivora,2,1,3,213,"Hutchins M, Kleiman DG, Geist V, McDade MC. 2003. Grzimek’s Animal Life Encyclopedia Second Edition, Volume 12-16 Mammals I-V. Gale, Farmington Hills, MI, USA.",LC,0
2308,Paradoxurus jerdoni,Viverridae,Carnivora,2,1,3,211,"Hutchins M, Kleiman DG, Geist V, McDade MC. 2003. Grzimek’s Animal Life Encyclopedia Second Edition, Volume 12-16 Mammals I-V. Gale, Farmington Hills, MI, USA., Nowak RM. 1999. Walker’s Mammals of the World, Vol. 1. Sixth Ed. The Johns Hopkins University Press, Maryland, USA.; Macdonald, D. W. 2006. The Princeton Encyclopedia of Mammals. Princeton University Press, Princeton, NJ. ",LC,0
2309,Paradoxurus zeylonensis,Viverridae,Carnivora,2,1,3,213,"Hutchins M, Kleiman DG, Geist V, McDade MC. 2003. Grzimek’s Animal Life Encyclopedia Second Edition, Volume 12-16 Mammals I-V. Gale, Farmington Hills, MI, USA., Nowak RM. 1999. Walker’s Mammals of the World, Vol. 1. Sixth Ed. The Johns Hopkins University Press, Maryland, USA.; Macdonald, D. W. 2006. The Princeton Encyclopedia of Mammals. Princeton University Press, Princeton, NJ. ",LC,0
2310,Antilocapra americana,Antilocapridae,Artiodactyla,3,1,3,313,"Hutchins M, Kleiman DG, Geist V, McDade MC. 2003. Grzimek’s Animal Life Encyclopedia Second Edition, Volume 12-16 Mammals I-V. Gale, Farmington Hills, MI, USA.",LC,0
2319,Addax nasomaculatus,Bovidae,Artiodactyla,3,1,3,313,"Hutchins M, Kleiman DG, Geist V, McDade MC. 2003. Grzimek’s Animal Life Encyclopedia Second Edition, Volume 12-16 Mammals I-V. Gale, Farmington Hills, MI, USA.",CR,1
2320,Aepyceros melampus,Bovidae,Artiodactyla,3,1,3,313,"Hutchins M, Kleiman DG, Geist V, McDade MC. 2003. Grzimek’s Animal Life Encyclopedia Second Edition, Volume 12-16 Mammals I-V. Gale, Farmington Hills, MI, USA.",LC,0
2321,Alcelaphus buselaphus,Bovidae,Artiodactyla,3,1,3,313,"Hutchins M, Kleiman DG, Geist V, McDade MC. 2003. Grzimek’s Animal Life Encyclopedia Second Edition, Volume 12-16 Mammals I-V. Gale, Farmington Hills, MI, USA.",LC,0
2322,Ammodorcas clarkei,Bovidae,Artiodactyla,3,1,3,313,"Hutchins M, Kleiman DG, Geist V, McDade MC. 2003. Grzimek’s Animal Life Encyclopedia Second Edition, Volume 12-16 Mammals I-V. Gale, Farmington Hills, MI, USA.",VU,1
2323,Ammotragus lervia,Bovidae,Artiodactyla,3,1,3,313,"Hutchins M, Kleiman DG, Geist V, McDade MC. 2003. Grzimek’s Animal Life Encyclopedia Second Edition, Volume 12-16 Mammals I-V. Gale, Farmington Hills, MI, USA.",VU,1
2326,Antidorcas marsupialis,Bovidae,Artiodactyla,3,1,3,313,"Hutchins M, Kleiman DG, Geist V, McDade MC. 2003. Grzimek’s Animal Life Encyclopedia Second Edition, Volume 12-16 Mammals I-V. Gale, Farmington Hills, MI, USA.",LC,0
2327,Antilope cervicapra,Bovidae,Artiodactyla,3,1,3,313,"Hutchins M, Kleiman DG, Geist V, McDade MC. 2003. Grzimek’s Animal Life Encyclopedia Second Edition, Volume 12-16 Mammals I-V. Gale, Farmington Hills, MI, USA.",LC,0
2328,Bison bison,Bovidae,Artiodactyla,3,1,3,313,"Hutchins M, Kleiman DG, Geist V, McDade MC. 2003. Grzimek’s Animal Life Encyclopedia Second Edition, Volume 12-16 Mammals I-V. Gale, Farmington Hills, MI, USA.",NT,0
2329,Bison bonasus,Bovidae,Artiodactyla,3,1,3,313,"Hutchins M, Kleiman DG, Geist V, McDade MC. 2003. Grzimek’s Animal Life Encyclopedia Second Edition, Volume 12-16 Mammals I-V. Gale, Farmington Hills, MI, USA.",VU,1
2337,Bos javanicus,Bovidae,Artiodactyla,3,1,3,313,"Hutchins M, Kleiman DG, Geist V, McDade MC. 2003. Grzimek’s Animal Life Encyclopedia Second Edition, Volume 12-16 Mammals I-V. Gale, Farmington Hills, MI, USA.",EN,1
2338,Bos sauveli,Bovidae,Artiodactyla,3,1,3,313,"Hutchins M, Kleiman DG, Geist V, McDade MC. 2003. Grzimek’s Animal Life Encyclopedia Second Edition, Volume 12-16 Mammals I-V. Gale, Farmington Hills, MI, USA.",CR,1
2340,Boselaphus tragocamelus,Bovidae,Artiodactyla,3,1,3,313,"Hutchins M, Kleiman DG, Geist V, McDade MC. 2003. Grzimek’s Animal Life Encyclopedia Second Edition, Volume 12-16 Mammals I-V. Gale, Farmington Hills, MI, USA.",LC,0
2342,Bubalus depressicornis,Bovidae,Artiodactyla,3,1,3,313,"Hutchins M, Kleiman DG, Geist V, McDade MC. 2003. Grzimek’s Animal Life Encyclopedia Second Edition, Volume 12-16 Mammals I-V. Gale, Farmington Hills, MI, USA.",EN,1
2344,Bubalus mindorensis,Bovidae,Artiodactyla,3,1,3,313,"Hutchins M, Kleiman DG, Geist V, McDade MC. 2003. Grzimek’s Animal Life Encyclopedia Second Edition, Volume 12-16 Mammals I-V. Gale, Farmington Hills, MI, USA.",CR,1
2345,Bubalus quarlesi,Bovidae,Artiodactyla,3,1,3,313,"Hutchins M, Kleiman DG, Geist V, McDade MC. 2003. Grzimek’s Animal Life Encyclopedia Second Edition, Volume 12-16 Mammals I-V. Gale, Farmington Hills, MI, USA.",EN,1
2346,Budorcas taxicolor,Bovidae,Artiodactyla,3,1,3,313,"Hutchins M, Kleiman DG, Geist V, McDade MC. 2003. Grzimek’s Animal Life Encyclopedia Second Edition, Volume 12-16 Mammals I-V. Gale, Farmington Hills, MI, USA.",VU,1
2347,Capra caucasica,Bovidae,Artiodactyla,3,1,3,313,"Hutchins M, Kleiman DG, Geist V, McDade MC. 2003. Grzimek’s Animal Life Encyclopedia Second Edition, Volume 12-16 Mammals I-V. Gale, Farmington Hills, MI, USA.",EN,1
2348,Capra cylindricornis,Bovidae,Artiodactyla,3,1,3,313,"Hutchins M, Kleiman DG, Geist V, McDade MC. 2003. Grzimek’s Animal Life Encyclopedia Second Edition, Volume 12-16 Mammals I-V. Gale, Farmington Hills, MI, USA.",NT,0
2349,Capra falconeri,Bovidae,Artiodactyla,3,1,3,313,"Hutchins M, Kleiman DG, Geist V, McDade MC. 2003. Grzimek’s Animal Life Encyclopedia Second Edition, Volume 12-16 Mammals I-V. Gale, Farmington Hills, MI, USA.",NT,0
2351,Capra ibex,Bovidae,Artiodactyla,3,1,3,313,"Hutchins M, Kleiman DG, Geist V, McDade MC. 2003. Grzimek’s Animal Life Encyclopedia Second Edition, Volume 12-16 Mammals I-V. Gale, Farmington Hills, MI, USA.",LC,0
2352,Capra nubiana,Bovidae,Artiodactyla,3,1,3,313,"Hutchins M, Kleiman DG, Geist V, McDade MC. 2003. Grzimek’s Animal Life Encyclopedia Second Edition, Volume 12-16 Mammals I-V. Gale, Farmington Hills, MI, USA.",VU,1
2353,Capra pyrenaica,Bovidae,Artiodactyla,3,1,3,313,"Hutchins M, Kleiman DG, Geist V, McDade MC. 2003. Grzimek’s Animal Life Encyclopedia Second Edition, Volume 12-16 Mammals I-V. Gale, Farmington Hills, MI, USA.",LC,0
2354,Capra sibirica,Bovidae,Artiodactyla,3,1,3,313,"Hutchins M, Kleiman DG, Geist V, McDade MC. 2003. Grzimek’s Animal Life Encyclopedia Second Edition, Volume 12-16 Mammals I-V. Gale, Farmington Hills, MI, USA.",NT,0
2355,Capra walie,Bovidae,Artiodactyla,3,1,3,313,"Hutchins M, Kleiman DG, Geist V, McDade MC. 2003. Grzimek’s Animal Life Encyclopedia Second Edition, Volume 12-16 Mammals I-V. Gale, Farmington Hills, MI, USA.",VU,1
2356,Cephalophus adersi,Bovidae,Artiodactyla,3,1,3,313,"Hutchins M, Kleiman DG, Geist V, McDade MC. 2003. Grzimek’s Animal Life Encyclopedia Second Edition, Volume 12-16 Mammals I-V. Gale, Farmington Hills, MI, USA.",VU,1
2357,Cephalophus callipygus,Bovidae,Artiodactyla,3,1,3,313,"Hutchins M, Kleiman DG, Geist V, McDade MC. 2003. Grzimek’s Animal Life Encyclopedia Second Edition, Volume 12-16 Mammals I-V. Gale, Farmington Hills, MI, USA.",LC,0
2358,Cephalophus dorsalis,Bovidae,Artiodactyla,3,1,3,313,"Hutchins M, Kleiman DG, Geist V, McDade MC. 2003. Grzimek’s Animal Life Encyclopedia Second Edition, Volume 12-16 Mammals I-V. Gale, Farmington Hills, MI, USA.",NT,0
2359,Cephalophus harveyi,Bovidae,Artiodactyla,3,1,3,313,"Hutchins M, Kleiman DG, Geist V, McDade MC. 2003. Grzimek’s Animal Life Encyclopedia Second Edition, Volume 12-16 Mammals I-V. Gale, Farmington Hills, MI, USA.",LC,0
2360,Cephalophus jentinki,Bovidae,Artiodactyla,3,1,3,313,"Hutchins M, Kleiman DG, Geist V, McDade MC. 2003. Grzimek’s Animal Life Encyclopedia Second Edition, Volume 12-16 Mammals I-V. Gale, Farmington Hills, MI, USA.",EN,1
2361,Cephalophus leucogaster,Bovidae,Artiodactyla,3,1,3,313,"Hutchins M, Kleiman DG, Geist V, McDade MC. 2003. Grzimek’s Animal Life Encyclopedia Second Edition, Volume 12-16 Mammals I-V. Gale, Farmington Hills, MI, USA.",NT,0
2364,Cephalophus natalensis,Bovidae,Artiodactyla,3,1,3,313,"Hutchins M, Kleiman DG, Geist V, McDade MC. 2003. Grzimek’s Animal Life Encyclopedia Second Edition, Volume 12-16 Mammals I-V. Gale, Farmington Hills, MI, USA.",LC,0
2365,Cephalophus niger,Bovidae,Artiodactyla,3,1,3,313,"Hutchins M, Kleiman DG, Geist V, McDade MC. 2003. Grzimek’s Animal Life Encyclopedia Second Edition, Volume 12-16 Mammals I-V. Gale, Farmington Hills, MI, USA.",LC,0
2366,Cephalophus nigrifrons,Bovidae,Artiodactyla,3,1,3,313,"Hutchins M, Kleiman DG, Geist V, McDade MC. 2003. Grzimek’s Animal Life Encyclopedia Second Edition, Volume 12-16 Mammals I-V. Gale, Farmington Hills, MI, USA.",LC,0
2367,Cephalophus ogilbyi,Bovidae,Artiodactyla,3,1,3,313,"Hutchins M, Kleiman DG, Geist V, McDade MC. 2003. Grzimek’s Animal Life Encyclopedia Second Edition, Volume 12-16 Mammals I-V. Gale, Farmington Hills, MI, USA.",LC,0
2369,Cephalophus rufilatus,Bovidae,Artiodactyla,3,1,3,313,"Hutchins M, Kleiman DG, Geist V, McDade MC. 2003. Grzimek’s Animal Life Encyclopedia Second Edition, Volume 12-16 Mammals I-V. Gale, Farmington Hills, MI, USA.",LC,0
2370,Cephalophus silvicultor,Bovidae,Artiodactyla,3,1,3,313,"Hutchins M, Kleiman DG, Geist V, McDade MC. 2003. Grzimek’s Animal Life Encyclopedia Second Edition, Volume 12-16 Mammals I-V. Gale, Farmington Hills, MI, USA.",NT,0
2371,Cephalophus spadix,Bovidae,Artiodactyla,3,1,3,313,"Hutchins M, Kleiman DG, Geist V, McDade MC. 2003. Grzimek’s Animal Life Encyclopedia Second Edition, Volume 12-16 Mammals I-V. Gale, Farmington Hills, MI, USA.",EN,1
2372,Cephalophus weynsi,Bovidae,Artiodactyla,3,1,3,313,"Hutchins M, Kleiman DG, Geist V, McDade MC. 2003. Grzimek’s Animal Life Encyclopedia Second Edition, Volume 12-16 Mammals I-V. Gale, Farmington Hills, MI, USA.",LC,0
2373,Cephalophus zebra,Bovidae,Artiodactyla,3,1,3,313,"Hutchins M, Kleiman DG, Geist V, McDade MC. 2003. Grzimek’s Animal Life Encyclopedia Second Edition, Volume 12-16 Mammals I-V. Gale, Farmington Hills, MI, USA.",VU,1
2374,Connochaetes gnou,Bovidae,Artiodactyla,3,1,3,313,"Hutchins M, Kleiman DG, Geist V, McDade MC. 2003. Grzimek’s Animal Life Encyclopedia Second Edition, Volume 12-16 Mammals I-V. Gale, Farmington Hills, MI, USA.",LC,0
2375,Connochaetes taurinus,Bovidae,Artiodactyla,3,1,3,313,"Hutchins M, Kleiman DG, Geist V, McDade MC. 2003. Grzimek’s Animal Life Encyclopedia Second Edition, Volume 12-16 Mammals I-V. Gale, Farmington Hills, MI, USA.",LC,0
2377,Damaliscus lunatus,Bovidae,Artiodactyla,3,1,3,313,"Hutchins M, Kleiman DG, Geist V, McDade MC. 2003. Grzimek’s Animal Life Encyclopedia Second Edition, Volume 12-16 Mammals I-V. Gale, Farmington Hills, MI, USA.",LC,0
2378,Damaliscus pygargus,Bovidae,Artiodactyla,3,1,3,313,"Hutchins M, Kleiman DG, Geist V, McDade MC. 2003. Grzimek’s Animal Life Encyclopedia Second Edition, Volume 12-16 Mammals I-V. Gale, Farmington Hills, MI, USA.",LC,0
2379,Dorcatragus megalotis,Bovidae,Artiodactyla,3,1,3,313,"Hutchins M, Kleiman DG, Geist V, McDade MC. 2003. Grzimek’s Animal Life Encyclopedia Second Edition, Volume 12-16 Mammals I-V. Gale, Farmington Hills, MI, USA.",VU,1
2382,Gazella arabica,Bovidae,Artiodactyla,3,1,3,313,"Hutchins M, Kleiman DG, Geist V, McDade MC. 2003. Grzimek’s Animal Life Encyclopedia Second Edition, Volume 12-16 Mammals I-V. Gale, Farmington Hills, MI, USA.",VU,1
2384,Gazella bennettii,Bovidae,Artiodactyla,3,1,3,313,"Hutchins M, Kleiman DG, Geist V, McDade MC. 2003. Grzimek’s Animal Life Encyclopedia Second Edition, Volume 12-16 Mammals I-V. Gale, Farmington Hills, MI, USA.",LC,0
2385,Gazella bilkis,Bovidae,Artiodactyla,3,1,3,313,"Hutchins M, Kleiman DG, Geist V, McDade MC. 2003. Grzimek’s Animal Life Encyclopedia Second Edition, Volume 12-16 Mammals I-V. Gale, Farmington Hills, MI, USA.",EX,1
2386,Gazella cuvieri,Bovidae,Artiodactyla,3,1,3,313,"Hutchins M, Kleiman DG, Geist V, McDade MC. 2003. Grzimek’s Animal Life Encyclopedia Second Edition, Volume 12-16 Mammals I-V. Gale, Farmington Hills, MI, USA.",VU,1
2388,Gazella dorcas,Bovidae,Artiodactyla,3,1,3,313,"Hutchins M, Kleiman DG, Geist V, McDade MC. 2003. Grzimek’s Animal Life Encyclopedia Second Edition, Volume 12-16 Mammals I-V. Gale, Farmington Hills, MI, USA.",VU,1
2389,Gazella gazella,Bovidae,Artiodactyla,3,1,3,313,"Hutchins M, Kleiman DG, Geist V, McDade MC. 2003. Grzimek’s Animal Life Encyclopedia Second Edition, Volume 12-16 Mammals I-V. Gale, Farmington Hills, MI, USA.",EN,1
2391,Gazella leptoceros,Bovidae,Artiodactyla,3,1,3,313,"Hutchins M, Kleiman DG, Geist V, McDade MC. 2003. Grzimek’s Animal Life Encyclopedia Second Edition, Volume 12-16 Mammals I-V. Gale, Farmington Hills, MI, USA.",EN,1
2393,Gazella saudiya,Bovidae,Artiodactyla,3,1,3,313,"Hutchins M, Kleiman DG, Geist V, McDade MC. 2003. Grzimek’s Animal Life Encyclopedia Second Edition, Volume 12-16 Mammals I-V. Gale, Farmington Hills, MI, USA.",EX,1
2395,Gazella spekei,Bovidae,Artiodactyla,3,1,3,313,"Hutchins M, Kleiman DG, Geist V, McDade MC. 2003. Grzimek’s Animal Life Encyclopedia Second Edition, Volume 12-16 Mammals I-V. Gale, Farmington Hills, MI, USA.",EN,1
2396,Gazella subgutturosa,Bovidae,Artiodactyla,3,1,3,313,"Hutchins M, Kleiman DG, Geist V, McDade MC. 2003. Grzimek’s Animal Life Encyclopedia Second Edition, Volume 12-16 Mammals I-V. Gale, Farmington Hills, MI, USA.",VU,1
2400,Hemitragus jemlahicus,Bovidae,Artiodactyla,3,1,3,313,"Hutchins M, Kleiman DG, Geist V, McDade MC. 2003. Grzimek’s Animal Life Encyclopedia Second Edition, Volume 12-16 Mammals I-V. Gale, Farmington Hills, MI, USA.",NT,0
2401,Hippotragus equinus,Bovidae,Artiodactyla,3,1,3,313,"Hutchins M, Kleiman DG, Geist V, McDade MC. 2003. Grzimek’s Animal Life Encyclopedia Second Edition, Volume 12-16 Mammals I-V. Gale, Farmington Hills, MI, USA.",LC,0
2402,Hippotragus leucophaeus,Bovidae,Artiodactyla,3,1,3,313,"Hutchins M, Kleiman DG, Geist V, McDade MC. 2003. Grzimek’s Animal Life Encyclopedia Second Edition, Volume 12-16 Mammals I-V. Gale, Farmington Hills, MI, USA.",EX,1
2403,Hippotragus niger,Bovidae,Artiodactyla,3,1,3,313,"Hutchins M, Kleiman DG, Geist V, McDade MC. 2003. Grzimek’s Animal Life Encyclopedia Second Edition, Volume 12-16 Mammals I-V. Gale, Farmington Hills, MI, USA.",LC,0
2404,Kobus ellipsiprymnus,Bovidae,Artiodactyla,3,1,3,313,"Hutchins M, Kleiman DG, Geist V, McDade MC. 2003. Grzimek’s Animal Life Encyclopedia Second Edition, Volume 12-16 Mammals I-V. Gale, Farmington Hills, MI, USA.",LC,0
2405,Kobus kob,Bovidae,Artiodactyla,3,1,3,313,"Hutchins M, Kleiman DG, Geist V, McDade MC. 2003. Grzimek’s Animal Life Encyclopedia Second Edition, Volume 12-16 Mammals I-V. Gale, Farmington Hills, MI, USA.",LC,0
2406,Kobus leche,Bovidae,Artiodactyla,3,1,3,313,"Hutchins M, Kleiman DG, Geist V, McDade MC. 2003. Grzimek’s Animal Life Encyclopedia Second Edition, Volume 12-16 Mammals I-V. Gale, Farmington Hills, MI, USA.",NT,0
2407,Kobus megaceros,Bovidae,Artiodactyla,3,1,3,313,"Hutchins M, Kleiman DG, Geist V, McDade MC. 2003. Grzimek’s Animal Life Encyclopedia Second Edition, Volume 12-16 Mammals I-V. Gale, Farmington Hills, MI, USA.",EN,1
2408,Kobus vardonii,Bovidae,Artiodactyla,3,1,3,313,"Hutchins M, Kleiman DG, Geist V, McDade MC. 2003. Grzimek’s Animal Life Encyclopedia Second Edition, Volume 12-16 Mammals I-V. Gale, Farmington Hills, MI, USA.",NT,0
2409,Litocranius walleri,Bovidae,Artiodactyla,3,1,3,313,"Hutchins M, Kleiman DG, Geist V, McDade MC. 2003. Grzimek’s Animal Life Encyclopedia Second Edition, Volume 12-16 Mammals I-V. Gale, Farmington Hills, MI, USA.",NT,0
2410,Madoqua guentheri,Bovidae,Artiodactyla,3,1,3,313,"Hutchins M, Kleiman DG, Geist V, McDade MC. 2003. Grzimek’s Animal Life Encyclopedia Second Edition, Volume 12-16 Mammals I-V. Gale, Farmington Hills, MI, USA.",LC,0
2411,Madoqua kirkii,Bovidae,Artiodactyla,3,1,3,313,"Hutchins M, Kleiman DG, Geist V, McDade MC. 2003. Grzimek’s Animal Life Encyclopedia Second Edition, Volume 12-16 Mammals I-V. Gale, Farmington Hills, MI, USA.",LC,0
2413,Madoqua saltiana,Bovidae,Artiodactyla,3,1,3,313,"Hutchins M, Kleiman DG, Geist V, McDade MC. 2003. Grzimek’s Animal Life Encyclopedia Second Edition, Volume 12-16 Mammals I-V. Gale, Farmington Hills, MI, USA.",LC,0
2415,Naemorhedus baileyi,Bovidae,Artiodactyla,3,1,3,313,"Hutchins M, Kleiman DG, Geist V, McDade MC. 2003. Grzimek’s Animal Life Encyclopedia Second Edition, Volume 12-16 Mammals I-V. Gale, Farmington Hills, MI, USA.",VU,1
2416,Naemorhedus caudatus,Bovidae,Artiodactyla,3,1,3,313,"Hutchins M, Kleiman DG, Geist V, McDade MC. 2003. Grzimek’s Animal Life Encyclopedia Second Edition, Volume 12-16 Mammals I-V. Gale, Farmington Hills, MI, USA.",VU,1
2418,Naemorhedus goral,Bovidae,Artiodactyla,3,1,3,313,"Hutchins M, Kleiman DG, Geist V, McDade MC. 2003. Grzimek’s Animal Life Encyclopedia Second Edition, Volume 12-16 Mammals I-V. Gale, Farmington Hills, MI, USA.",NT,0
2421,Neotragus batesi,Bovidae,Artiodactyla,3,1,3,313,"Hutchins M, Kleiman DG, Geist V, McDade MC. 2003. Grzimek’s Animal Life Encyclopedia Second Edition, Volume 12-16 Mammals I-V. Gale, Farmington Hills, MI, USA.",LC,0
2423,Neotragus pygmaeus,Bovidae,Artiodactyla,3,1,3,313,"Hutchins M, Kleiman DG, Geist V, McDade MC. 2003. Grzimek’s Animal Life Encyclopedia Second Edition, Volume 12-16 Mammals I-V. Gale, Farmington Hills, MI, USA.",LC,0
2424,Oreamnos americanus,Bovidae,Artiodactyla,3,1,3,313,"Hutchins M, Kleiman DG, Geist V, McDade MC. 2003. Grzimek’s Animal Life Encyclopedia Second Edition, Volume 12-16 Mammals I-V. Gale, Farmington Hills, MI, USA.",LC,0
2426,Oreotragus oreotragus,Bovidae,Artiodactyla,3,1,3,313,"Hutchins M, Kleiman DG, Geist V, McDade MC. 2003. Grzimek’s Animal Life Encyclopedia Second Edition, Volume 12-16 Mammals I-V. Gale, Farmington Hills, MI, USA.",LC,0
2427,Oryx dammah,Bovidae,Artiodactyla,3,1,3,313,"Hutchins M, Kleiman DG, Geist V, McDade MC. 2003. Grzimek’s Animal Life Encyclopedia Second Edition, Volume 12-16 Mammals I-V. Gale, Farmington Hills, MI, USA.",EW,1
2428,Oryx gazella,Bovidae,Artiodactyla,3,1,3,313,"Hutchins M, Kleiman DG, Geist V, McDade MC. 2003. Grzimek’s Animal Life Encyclopedia Second Edition, Volume 12-16 Mammals I-V. Gale, Farmington Hills, MI, USA.",LC,0
2429,Oryx leucoryx,Bovidae,Artiodactyla,3,1,3,313,"Hutchins M, Kleiman DG, Geist V, McDade MC. 2003. Grzimek’s Animal Life Encyclopedia Second Edition, Volume 12-16 Mammals I-V. Gale, Farmington Hills, MI, USA.",VU,1
2430,Ourebia ourebi,Bovidae,Artiodactyla,3,1,3,313,"Hutchins M, Kleiman DG, Geist V, McDade MC. 2003. Grzimek’s Animal Life Encyclopedia Second Edition, Volume 12-16 Mammals I-V. Gale, Farmington Hills, MI, USA.",LC,0
2431,Ovibos moschatus,Bovidae,Artiodactyla,3,1,3,313,"Hutchins M, Kleiman DG, Geist V, McDade MC. 2003. Grzimek’s Animal Life Encyclopedia Second Edition, Volume 12-16 Mammals I-V. Gale, Farmington Hills, MI, USA.",LC,0
2432,Ovis ammon,Bovidae,Artiodactyla,3,1,3,313,"Hutchins M, Kleiman DG, Geist V, McDade MC. 2003. Grzimek’s Animal Life Encyclopedia Second Edition, Volume 12-16 Mammals I-V. Gale, Farmington Hills, MI, USA.",NT,0
2434,Ovis canadensis,Bovidae,Artiodactyla,3,1,3,313,"Hutchins M, Kleiman DG, Geist V, McDade MC. 2003. Grzimek’s Animal Life Encyclopedia Second Edition, Volume 12-16 Mammals I-V. Gale, Farmington Hills, MI, USA.",LC,0
2435,Ovis dalli,Bovidae,Artiodactyla,3,1,3,313,"Hutchins M, Kleiman DG, Geist V, McDade MC. 2003. Grzimek’s Animal Life Encyclopedia Second Edition, Volume 12-16 Mammals I-V. Gale, Farmington Hills, MI, USA.",LC,0
2436,Ovis nivicola,Bovidae,Artiodactyla,3,1,3,313,"Hutchins M, Kleiman DG, Geist V, McDade MC. 2003. Grzimek’s Animal Life Encyclopedia Second Edition, Volume 12-16 Mammals I-V. Gale, Farmington Hills, MI, USA.",LC,0
2437,Ovis vignei,Bovidae,Artiodactyla,3,1,3,313,"Hutchins M, Kleiman DG, Geist V, McDade MC. 2003. Grzimek’s Animal Life Encyclopedia Second Edition, Volume 12-16 Mammals I-V. Gale, Farmington Hills, MI, USA.",VU,1
2438,Pantholops hodgsonii,Bovidae,Artiodactyla,3,1,3,313,"Hutchins M, Kleiman DG, Geist V, McDade MC. 2003. Grzimek’s Animal Life Encyclopedia Second Edition, Volume 12-16 Mammals I-V. Gale, Farmington Hills, MI, USA.",NT,0
2439,Pelea capreolus,Bovidae,Artiodactyla,3,1,3,313,"Hutchins M, Kleiman DG, Geist V, McDade MC. 2003. Grzimek’s Animal Life Encyclopedia Second Edition, Volume 12-16 Mammals I-V. Gale, Farmington Hills, MI, USA.",NT,0
2441,Procapra gutturosa,Bovidae,Artiodactyla,3,1,3,313,"Hutchins M, Kleiman DG, Geist V, McDade MC. 2003. Grzimek’s Animal Life Encyclopedia Second Edition, Volume 12-16 Mammals I-V. Gale, Farmington Hills, MI, USA.",LC,0
2442,Procapra picticaudata,Bovidae,Artiodactyla,3,1,3,313,"Hutchins M, Kleiman DG, Geist V, McDade MC. 2003. Grzimek’s Animal Life Encyclopedia Second Edition, Volume 12-16 Mammals I-V. Gale, Farmington Hills, MI, USA.",NT,0
2443,Procapra przewalskii,Bovidae,Artiodactyla,3,1,3,313,"Hutchins M, Kleiman DG, Geist V, McDade MC. 2003. Grzimek’s Animal Life Encyclopedia Second Edition, Volume 12-16 Mammals I-V. Gale, Farmington Hills, MI, USA.",EN,1
2444,Pseudois nayaur,Bovidae,Artiodactyla,3,1,3,313,"Hutchins M, Kleiman DG, Geist V, McDade MC. 2003. Grzimek’s Animal Life Encyclopedia Second Edition, Volume 12-16 Mammals I-V. Gale, Farmington Hills, MI, USA.",LC,0
2446,Raphicerus campestris,Bovidae,Artiodactyla,3,1,3,313,"Hutchins M, Kleiman DG, Geist V, McDade MC. 2003. Grzimek’s Animal Life Encyclopedia Second Edition, Volume 12-16 Mammals I-V. Gale, Farmington Hills, MI, USA.",LC,0
2447,Raphicerus melanotis,Bovidae,Artiodactyla,3,1,3,313,"Hutchins M, Kleiman DG, Geist V, McDade MC. 2003. Grzimek’s Animal Life Encyclopedia Second Edition, Volume 12-16 Mammals I-V. Gale, Farmington Hills, MI, USA.",LC,0
2448,Raphicerus sharpei,Bovidae,Artiodactyla,3,1,3,313,"Hutchins M, Kleiman DG, Geist V, McDade MC. 2003. Grzimek’s Animal Life Encyclopedia Second Edition, Volume 12-16 Mammals I-V. Gale, Farmington Hills, MI, USA.",LC,0
2449,Redunca arundinum,Bovidae,Artiodactyla,3,1,3,313,"Hutchins M, Kleiman DG, Geist V, McDade MC. 2003. Grzimek’s Animal Life Encyclopedia Second Edition, Volume 12-16 Mammals I-V. Gale, Farmington Hills, MI, USA.",LC,0
2450,Redunca fulvorufula,Bovidae,Artiodactyla,3,1,3,313,"Hutchins M, Kleiman DG, Geist V, McDade MC. 2003. Grzimek’s Animal Life Encyclopedia Second Edition, Volume 12-16 Mammals I-V. Gale, Farmington Hills, MI, USA.",EN,1
2451,Redunca redunca,Bovidae,Artiodactyla,3,1,3,313,"Hutchins M, Kleiman DG, Geist V, McDade MC. 2003. Grzimek’s Animal Life Encyclopedia Second Edition, Volume 12-16 Mammals I-V. Gale, Farmington Hills, MI, USA.",LC,0
2452,Rupicapra pyrenaica,Bovidae,Artiodactyla,3,1,3,313,"Hutchins M, Kleiman DG, Geist V, McDade MC. 2003. Grzimek’s Animal Life Encyclopedia Second Edition, Volume 12-16 Mammals I-V. Gale, Farmington Hills, MI, USA.",LC,0
2453,Rupicapra rupicapra,Bovidae,Artiodactyla,3,1,3,313,"Hutchins M, Kleiman DG, Geist V, McDade MC. 2003. Grzimek’s Animal Life Encyclopedia Second Edition, Volume 12-16 Mammals I-V. Gale, Farmington Hills, MI, USA.",LC,0
2455,Saiga tatarica,Bovidae,Artiodactyla,3,1,3,313,"Hutchins M, Kleiman DG, Geist V, McDade MC. 2003. Grzimek’s Animal Life Encyclopedia Second Edition, Volume 12-16 Mammals I-V. Gale, Farmington Hills, MI, USA.",CR,1
2458,Sylvicapra grimmia,Bovidae,Artiodactyla,3,1,3,313,"Hutchins M, Kleiman DG, Geist V, McDade MC. 2003. Grzimek’s Animal Life Encyclopedia Second Edition, Volume 12-16 Mammals I-V. Gale, Farmington Hills, MI, USA. ; Burton, M., Burton R. 1975. Encyclopedia of Mammals. Octopus Books Limited, London W1.",LC,0
2460,Syncerus caffer,Bovidae,Artiodactyla,3,1,3,313,"Hutchins M, Kleiman DG, Geist V, McDade MC. 2003. Grzimek’s Animal Life Encyclopedia Second Edition, Volume 12-16 Mammals I-V. Gale, Farmington Hills, MI, USA.",NT,0
2463,Tetracerus quadricornis,Bovidae,Artiodactyla,3,1,3,313,"Hutchins M, Kleiman DG, Geist V, McDade MC. 2003. Grzimek’s Animal Life Encyclopedia Second Edition, Volume 12-16 Mammals I-V. Gale, Farmington Hills, MI, USA.",VU,1
2464,Tragelaphus angasii,Bovidae,Artiodactyla,3,1,3,313,"Hutchins M, Kleiman DG, Geist V, McDade MC. 2003. Grzimek’s Animal Life Encyclopedia Second Edition, Volume 12-16 Mammals I-V. Gale, Farmington Hills, MI, USA.",LC,0
2465,Tragelaphus buxtoni,Bovidae,Artiodactyla,3,1,3,313,"Hutchins M, Kleiman DG, Geist V, McDade MC. 2003. Grzimek’s Animal Life Encyclopedia Second Edition, Volume 12-16 Mammals I-V. Gale, Farmington Hills, MI, USA.",EN,1
2466,Tragelaphus eurycerus,Bovidae,Artiodactyla,3,1,3,313,"Hutchins M, Kleiman DG, Geist V, McDade MC. 2003. Grzimek’s Animal Life Encyclopedia Second Edition, Volume 12-16 Mammals I-V. Gale, Farmington Hills, MI, USA.",NT,0
2467,Tragelaphus imberbis,Bovidae,Artiodactyla,3,1,3,313,"Hutchins M, Kleiman DG, Geist V, McDade MC. 2003. Grzimek’s Animal Life Encyclopedia Second Edition, Volume 12-16 Mammals I-V. Gale, Farmington Hills, MI, USA.",NT,0
2468,Tragelaphus scriptus,Bovidae,Artiodactyla,3,1,3,313,"Hutchins M, Kleiman DG, Geist V, McDade MC. 2003. Grzimek’s Animal Life Encyclopedia Second Edition, Volume 12-16 Mammals I-V. Gale, Farmington Hills, MI, USA.",LC,0
2469,Tragelaphus spekii,Bovidae,Artiodactyla,3,1,3,313,"Hutchins M, Kleiman DG, Geist V, McDade MC. 2003. Grzimek’s Animal Life Encyclopedia Second Edition, Volume 12-16 Mammals I-V. Gale, Farmington Hills, MI, USA.",LC,0
2470,Tragelaphus strepsiceros,Bovidae,Artiodactyla,3,1,3,313,"Hutchins M, Kleiman DG, Geist V, McDade MC. 2003. Grzimek’s Animal Life Encyclopedia Second Edition, Volume 12-16 Mammals I-V. Gale, Farmington Hills, MI, USA.",LC,0
2471,Burramys parvus,Burramyidae,Diprotodontia,3,1,3,313,"Hutchins M, Kleiman DG, Geist V, McDade MC. 2003. Grzimek’s Animal Life Encyclopedia Second Edition, Volume 12-16 Mammals I-V. Gale, Farmington Hills, MI, USA.",CR,1
2482,Lama guanicoe,Camelidae,Artiodactyla,3,1,3,313,"Hutchins M, Kleiman DG, Geist V, McDade MC. 2003. Grzimek’s Animal Life Encyclopedia Second Edition, Volume 12-16 Mammals I-V. Gale, Farmington Hills, MI, USA.;Wilson DE. 2011. Handbook of the Mammals of the World. Vol.2 Hooved Mammals. Lynx Edicions, Barcelona.; Macdonald, D. W. 2006. The Princeton Encyclopedia of Mammals. Princeton University Press, Princeton, NJ. ",LC,0
2486,Vicugna vicugna,Camelidae,Artiodactyla,3,1,3,313,"Hutchins M, Kleiman DG, Geist V, McDade MC. 2003. Grzimek’s Animal Life Encyclopedia Second Edition, Volume 12-16 Mammals I-V. Gale, Farmington Hills, MI, USA.; Macdonald, D. W. 2006. The Princeton Encyclopedia of Mammals. Princeton University Press, Princeton, NJ. ",LC,0
2487,Cavia aperea,Caviidae,Rodentia,3,1,3,313,"Hutchins M, Kleiman DG, Geist V, McDade MC. 2003. Grzimek’s Animal Life Encyclopedia Second Edition, Volume 12-16 Mammals I-V. Gale, Farmington Hills, MI, USA.",LC,0
2488,Cavia fulgida,Caviidae,Rodentia,3,1,3,313,"Hutchins M, Kleiman DG, Geist V, McDade MC. 2003. Grzimek’s Animal Life Encyclopedia Second Edition, Volume 12-16 Mammals I-V. Gale, Farmington Hills, MI, USA.",LC,0
2489,Cavia magna,Caviidae,Rodentia,3,1,3,313,"Hutchins M, Kleiman DG, Geist V, McDade MC. 2003. Grzimek’s Animal Life Encyclopedia Second Edition, Volume 12-16 Mammals I-V. Gale, Farmington Hills, MI, USA.",LC,0
2491,Cavia tschudii,Caviidae,Rodentia,3,1,3,313,"Hutchins M, Kleiman DG, Geist V, McDade MC. 2003. Grzimek’s Animal Life Encyclopedia Second Edition, Volume 12-16 Mammals I-V. Gale, Farmington Hills, MI, USA.",LC,0
2492,Galea flavidens,Caviidae,Rodentia,3,1,3,313,"Hutchins M, Kleiman DG, Geist V, McDade MC. 2003. Grzimek’s Animal Life Encyclopedia Second Edition, Volume 12-16 Mammals I-V. Gale, Farmington Hills, MI, USA.",LC,0
2493,Kerodon rupestris,Caviidae,Rodentia,3,1,3,313,"Hutchins M, Kleiman DG, Geist V, McDade MC. 2003. Grzimek’s Animal Life Encyclopedia Second Edition, Volume 12-16 Mammals I-V. Gale, Farmington Hills, MI, USA.",LC,0
2494,Alces alces,Cervidae,Artiodactyla,3,1,3,313,"Hutchins M, Kleiman DG, Geist V, McDade MC. 2003. Grzimek’s Animal Life Encyclopedia Second Edition, Volume 12-16 Mammals I-V. Gale, Farmington Hills, MI, USA.",LC,0
2495,Axis axis,Cervidae,Artiodactyla,3,1,3,313,"Hutchins M, Kleiman DG, Geist V, McDade MC. 2003. Grzimek’s Animal Life Encyclopedia Second Edition, Volume 12-16 Mammals I-V. Gale, Farmington Hills, MI, USA.",LC,0
2496,Axis calamianensis,Cervidae,Artiodactyla,3,1,3,313,"Beacham W., Beetz KH. 1998. Beacham's guide to international endangered species. Beacham Publishing Group. Osprey, Florida.",EN,1
2497,Axis kuhlii,Cervidae,Artiodactyla,3,1,3,313,"Beacham W., Beetz KH. 1998. Beacham's guide to international endangered species. Beacham Publishing Group. Osprey, Florida.",CR,1
2498,Axis porcinus,Cervidae,Artiodactyla,3,1,3,313,"Hutchins M, Kleiman DG, Geist V, McDade MC. 2003. Grzimek’s Animal Life Encyclopedia Second Edition, Volume 12-16 Mammals I-V. Gale, Farmington Hills, MI, USA.",EN,1
2499,Blastocerus dichotomus,Cervidae,Artiodactyla,3,1,3,313,"Hutchins M, Kleiman DG, Geist V, McDade MC. 2003. Grzimek’s Animal Life Encyclopedia Second Edition, Volume 12-16 Mammals I-V. Gale, Farmington Hills, MI, USA.",VU,1
2500,Capreolus capreolus,Cervidae,Artiodactyla,3,1,3,313,"Hutchins M, Kleiman DG, Geist V, McDade MC. 2003. Grzimek’s Animal Life Encyclopedia Second Edition, Volume 12-16 Mammals I-V. Gale, Farmington Hills, MI, USA.",LC,0
2501,Capreolus pygargus,Cervidae,Artiodactyla,3,1,3,313,"Hutchins M, Kleiman DG, Geist V, McDade MC. 2003. Grzimek’s Animal Life Encyclopedia Second Edition, Volume 12-16 Mammals I-V. Gale, Farmington Hills, MI, USA.",LC,0
2502,Cervus albirostris,Cervidae,Artiodactyla,3,1,3,313,"Hutchins M, Kleiman DG, Geist V, McDade MC. 2003. Grzimek’s Animal Life Encyclopedia Second Edition, Volume 12-16 Mammals I-V. Gale, Farmington Hills, MI, USA.",VU,1
2505,Cervus elaphus,Cervidae,Artiodactyla,3,1,3,313,"Hutchins M, Kleiman DG, Geist V, McDade MC. 2003. Grzimek’s Animal Life Encyclopedia Second Edition, Volume 12-16 Mammals I-V. Gale, Farmington Hills, MI, USA.",LC,0
2508,Cervus nippon,Cervidae,Artiodactyla,3,1,3,313,"Hutchins M, Kleiman DG, Geist V, McDade MC. 2003. Grzimek’s Animal Life Encyclopedia Second Edition, Volume 12-16 Mammals I-V. Gale, Farmington Hills, MI, USA.",LC,0
2512,Dama dama,Cervidae,Artiodactyla,3,1,3,313,"Hutchins M, Kleiman DG, Geist V, McDade MC. 2003. Grzimek’s Animal Life Encyclopedia Second Edition, Volume 12-16 Mammals I-V. Gale, Farmington Hills, MI, USA.",LC,0
2513,Dama mesopotamica,Cervidae,Artiodactyla,3,1,3,313,"Beacham W., Beetz KH. 1998. Beacham's guide to international endangered species. Beacham Publishing Group. Osprey, Florida.",EN,1
2514,Elaphodus cephalophus,Cervidae,Artiodactyla,3,1,3,313,"Hutchins M, Kleiman DG, Geist V, McDade MC. 2003. Grzimek’s Animal Life Encyclopedia Second Edition, Volume 12-16 Mammals I-V. Gale, Farmington Hills, MI, USA.",NT,0
2515,Elaphurus davidianus,Cervidae,Artiodactyla,3,1,3,313,"Hutchins M, Kleiman DG, Geist V, McDade MC. 2003. Grzimek’s Animal Life Encyclopedia Second Edition, Volume 12-16 Mammals I-V. Gale, Farmington Hills, MI, USA.",EW,1
2516,Hippocamelus antisensis,Cervidae,Artiodactyla,3,1,3,313,"Hutchins M, Kleiman DG, Geist V, McDade MC. 2003. Grzimek’s Animal Life Encyclopedia Second Edition, Volume 12-16 Mammals I-V. Gale, Farmington Hills, MI, USA.",VU,1
2517,Hippocamelus bisulcus,Cervidae,Artiodactyla,3,1,3,313,"Hutchins M, Kleiman DG, Geist V, McDade MC. 2003. Grzimek’s Animal Life Encyclopedia Second Edition, Volume 12-16 Mammals I-V. Gale, Farmington Hills, MI, USA.",EN,1
2518,Hydropotes inermis,Cervidae,Artiodactyla,3,1,3,313,"Hutchins M, Kleiman DG, Geist V, McDade MC. 2003. Grzimek’s Animal Life Encyclopedia Second Edition, Volume 12-16 Mammals I-V. Gale, Farmington Hills, MI, USA.",VU,1
2520,Mazama bricenii,Cervidae,Artiodactyla,3,1,3,313,"Hutchins M, Kleiman DG, Geist V, McDade MC. 2003. Grzimek’s Animal Life Encyclopedia Second Edition, Volume 12-16 Mammals I-V. Gale, Farmington Hills, MI, USA.",VU,1
2521,Mazama chunyi,Cervidae,Artiodactyla,3,1,3,313,"Hutchins M, Kleiman DG, Geist V, McDade MC. 2003. Grzimek’s Animal Life Encyclopedia Second Edition, Volume 12-16 Mammals I-V. Gale, Farmington Hills, MI, USA.",VU,1
2523,Mazama rufina,Cervidae,Artiodactyla,3,1,3,313,"Hutchins M, Kleiman DG, Geist V, McDade MC. 2003. Grzimek’s Animal Life Encyclopedia Second Edition, Volume 12-16 Mammals I-V. Gale, Farmington Hills, MI, USA.",VU,1
2524,Muntiacus atherodes,Cervidae,Artiodactyla,3,1,3,313,"Hutchins M, Kleiman DG, Geist V, McDade MC. 2003. Grzimek’s Animal Life Encyclopedia Second Edition, Volume 12-16 Mammals I-V. Gale, Farmington Hills, MI, USA.",NT,0
2525,Muntiacus crinifrons,Cervidae,Artiodactyla,3,1,3,313,"Hutchins M, Kleiman DG, Geist V, McDade MC. 2003. Grzimek’s Animal Life Encyclopedia Second Edition, Volume 12-16 Mammals I-V. Gale, Farmington Hills, MI, USA., Nowak RM. 1999. Walker’s Mammals of the World, Vol. 2. Sixth Ed. The Johns Hopkins University Press, Maryland, USA.",VU,1
2528,Muntiacus muntjak,Cervidae,Artiodactyla,3,1,3,313,"Hutchins M, Kleiman DG, Geist V, McDade MC. 2003. Grzimek’s Animal Life Encyclopedia Second Edition, Volume 12-16 Mammals I-V. Gale, Farmington Hills, MI, USA., Long JL. 2003. Introduced Mammals of the World, Their history, distribution, and influence. CSIRO Publishing, Collingwood VIC, Australia.",LC,0
2529,Muntiacus reevesi,Cervidae,Artiodactyla,3,1,3,313,"Hutchins M, Kleiman DG, Geist V, McDade MC. 2003. Grzimek’s Animal Life Encyclopedia Second Edition, Volume 12-16 Mammals I-V. Gale, Farmington Hills, MI, USA.",LC,0
2530,Odocoileus hemionus,Cervidae,Artiodactyla,3,1,3,313,"Hutchins M, Kleiman DG, Geist V, McDade MC. 2003. Grzimek’s Animal Life Encyclopedia Second Edition, Volume 12-16 Mammals I-V. Gale, Farmington Hills, MI, USA.",LC,0
2531,Odocoileus virginianus,Cervidae,Artiodactyla,3,1,3,313,"Hutchins M, Kleiman DG, Geist V, McDade MC. 2003. Grzimek’s Animal Life Encyclopedia Second Edition, Volume 12-16 Mammals I-V. Gale, Farmington Hills, MI, USA.",LC,0
2532,Ozotoceros bezoarticus,Cervidae,Artiodactyla,3,1,3,313,"Hutchins M, Kleiman DG, Geist V, McDade MC. 2003. Grzimek’s Animal Life Encyclopedia Second Edition, Volume 12-16 Mammals I-V. Gale, Farmington Hills, MI, USA.",NT,0
2534,Pudu puda,Cervidae,Artiodactyla,3,1,3,313,"Hutchins M, Kleiman DG, Geist V, McDade MC. 2003. Grzimek’s Animal Life Encyclopedia Second Edition, Volume 12-16 Mammals I-V. Gale, Farmington Hills, MI, USA.",NT,0
2535,Rangifer tarandus,Cervidae,Artiodactyla,3,1,3,313,"Hutchins M, Kleiman DG, Geist V, McDade MC. 2003. Grzimek’s Animal Life Encyclopedia Second Edition, Volume 12-16 Mammals I-V. Gale, Farmington Hills, MI, USA.",VU,1
2536,Chinchilla lanigera,Chinchillidae,Rodentia,3,1,3,313,"Hutchins M, Kleiman DG, Geist V, McDade MC. 2003. Grzimek’s Animal Life Encyclopedia Second Edition, Volume 12-16 Mammals I-V. Gale, Farmington Hills, MI, USA.; Alderton, D. 1996. Rodents of the world. Facts on File, INC., NY, USA.",EN,1
2538,Ctenodactylus gundi,Ctenodactylidae,Rodentia,3,1,3,313,"Alderton, D. 1996. Rodents of the world. Facts on File, INC., NY, USA.",LC,0
2540,Felovia vae,Ctenodactylidae,Rodentia,3,1,3,313,"Alderton, D. 1996. Rodents of the world. Facts on File, INC., NY, USA.",LC,0
2541,Massoutiera mzabi,Ctenodactylidae,Rodentia,3,1,3,313,"Alderton, D. 1996. Rodents of the world. Facts on File, INC., NY, USA.",LC,0
2542,Pectinator spekei,Ctenodactylidae,Rodentia,3,1,3,313,"Alderton, D. 1996. Rodents of the world. Facts on File, INC., NY, USA.",LC,0
2543,Dasyprocta leporina,Dasyproctidae,Rodentia,3,1,3,313,"Hutchins M, Kleiman DG, Geist V, McDade MC. 2003. Grzimek’s Animal Life Encyclopedia Second Edition, Volume 12-16 Mammals I-V. Gale, Farmington Hills, MI, USA., Long JL. 2003. Introduced Mammals of the World, Their history, distribution, and influence. CSIRO Publishing, Collingwood VIC, Australia.",LC,0
2544,Isothrix bistriata,Echimyidae,Rodentia,3,1,3,313,"Macdonald, D. W. 2006. The Princeton Encyclopedia of Mammals. Princeton University Press, Princeton, NJ.",LC,0
2545,Thrichomys apereoides,Echimyidae,Rodentia,3,1,3,313,"Nowak RM. 1999. Walker’s Mammals of the World, Vol. 2. Sixth Ed. The Johns Hopkins University Press, Maryland, USA.",LC,0
2547,Elephas maximus,Elephantidae,Proboscidea,3,1,3,313,"Hutchins M, Kleiman DG, Geist V, McDade MC. 2003. Grzimek’s Animal Life Encyclopedia Second Edition, Volume 12-16 Mammals I-V. Gale, Farmington Hills, MI, USA.",EN,1
2548,Loxodonta africana,Elephantidae,Proboscidea,3,1,3,313,"Hutchins M, Kleiman DG, Geist V, McDade MC. 2003. Grzimek’s Animal Life Encyclopedia Second Edition, Volume 12-16 Mammals I-V. Gale, Farmington Hills, MI, USA.",VU,1
2560,Equus ferus,Equidae,Perissodactyla,3,1,3,313,"Hutchins M, Kleiman DG, Geist V, McDade MC. 2003. Grzimek’s Animal Life Encyclopedia Second Edition, Volume 12-16 Mammals I-V. Gale, Farmington Hills, MI, USA.",EN,1
2563,Equus grevyi,Equidae,Perissodactyla,3,1,3,313,"Hutchins M, Kleiman DG, Geist V, McDade MC. 2003. Grzimek’s Animal Life Encyclopedia Second Edition, Volume 12-16 Mammals I-V. Gale, Farmington Hills, MI, USA.",EN,1
2564,Equus hemionus,Equidae,Perissodactyla,3,1,3,313,"Hutchins M, Kleiman DG, Geist V, McDade MC. 2003. Grzimek’s Animal Life Encyclopedia Second Edition, Volume 12-16 Mammals I-V. Gale, Farmington Hills, MI, USA.",NT,0
2566,Equus kiang,Equidae,Perissodactyla,3,1,3,313,"Hutchins M, Kleiman DG, Geist V, McDade MC. 2003. Grzimek’s Animal Life Encyclopedia Second Edition, Volume 12-16 Mammals I-V. Gale, Farmington Hills, MI, USA.",LC,0
2573,Equus quagga,Equidae,Perissodactyla,3,1,3,313,"Hutchins M, Kleiman DG, Geist V, McDade MC. 2003. Grzimek’s Animal Life Encyclopedia Second Edition, Volume 12-16 Mammals I-V. Gale, Farmington Hills, MI, USA.",NT,0
2576,Equus zebra,Equidae,Perissodactyla,3,1,3,313,"Hutchins M, Kleiman DG, Geist V, McDade MC. 2003. Grzimek’s Animal Life Encyclopedia Second Edition, Volume 12-16 Mammals I-V. Gale, Farmington Hills, MI, USA.",VU,1
2581,Giraffa camelopardalis,Giraffidae,Artiodactyla,3,1,3,313,"Long JL. 2003. Introduced Mammals of the World, Their history, distribution, and influence. CSIRO Publishing, Collingwood VIC, Australia.",VU,1
2583,Okapia johnstoni,Giraffidae,Artiodactyla,3,1,3,313,,EN,1
2584,Chaetodipus californicus,Heteromyidae,Rodentia,3,1,3,313,"Hutchins M, Kleiman DG, Geist V, McDade MC. 2003. Grzimek’s Animal Life Encyclopedia Second Edition, Volume 12-16 Mammals I-V. Gale, Farmington Hills, MI, USA. ; Kays, R. W., & Wilson, D. E. 2009. Mammals of North America. (2 ed.) Princeton University Press, Princeton, NJ, USA. ",LC,0
2587,Hippopotamus amphibius,Hippopotamidae,Artiodactyla,3,1,3,313,"Hutchins M, Kleiman DG, Geist V, McDade MC. 2003. Grzimek’s Animal Life Encyclopedia Second Edition, Volume 12-16 Mammals I-V. Gale, Farmington Hills, MI, USA.",VU,1
2589,Hippopotamus lemerlei,Hippopotamidae,Artiodactyla,3,1,3,313,"Hutchins M, Kleiman DG, Geist V, McDade MC. 2003. Grzimek’s Animal Life Encyclopedia Second Edition, Volume 12-16 Mammals I-V. Gale, Farmington Hills, MI, USA.",EX,1
2590,Gorilla gorilla,Hominidae,Primates,3,1,3,313,"Hutchins M, Kleiman DG, Geist V, McDade MC. 2003. Grzimek’s Animal Life Encyclopedia Second Edition, Volume 12-16 Mammals I-V. Gale, Farmington Hills, MI, USA.",CR,1
2596,Lepus brachyurus,Leporidae,Lagomorpha,3,3,3,333,"Macdonald, D. W. 2006. The Princeton Encyclopedia of Mammals. Princeton University Press, Princeton, NJ.",LC,0
2597,Lepus castroviejoi,Leporidae,Lagomorpha,3,3,3,333,"Macdonald, D. W. 2006. The Princeton Encyclopedia of Mammals. Princeton University Press, Princeton, NJ.",VU,1
2598,Lepus comus,Leporidae,Lagomorpha,3,3,3,333,"Macdonald, D. W. 2006. The Princeton Encyclopedia of Mammals. Princeton University Press, Princeton, NJ.",LC,0
2599,Lepus coreanus,Leporidae,Lagomorpha,3,3,3,333,"Macdonald, D. W. 2006. The Princeton Encyclopedia of Mammals. Princeton University Press, Princeton, NJ.",LC,0
2600,Lepus corsicanus,Leporidae,Lagomorpha,3,3,3,333,"Macdonald, D. W. 2006. The Princeton Encyclopedia of Mammals. Princeton University Press, Princeton, NJ.",VU,1
2601,Lepus europaeus,Leporidae,Lagomorpha,3,3,3,333,"Hutchins M, Kleiman DG, Geist V, McDade MC. 2003. Grzimek’s Animal Life Encyclopedia Second Edition, Volume 12-16 Mammals I-V. Gale, Farmington Hills, MI, USA.",LC,0
2602,Lepus fagani,Leporidae,Lagomorpha,3,3,3,333,"Macdonald, D. W. 2006. The Princeton Encyclopedia of Mammals. Princeton University Press, Princeton, NJ.",LC,0
2603,Lepus flavigularis,Leporidae,Lagomorpha,3,3,3,333,"Macdonald, D. W. 2006. The Princeton Encyclopedia of Mammals. Princeton University Press, Princeton, NJ.",EN,1
2604,Lepus granatensis,Leporidae,Lagomorpha,3,3,3,333,"Macdonald, D. W. 2006. The Princeton Encyclopedia of Mammals. Princeton University Press, Princeton, NJ.",LC,0
2605,Lepus hainanus,Leporidae,Lagomorpha,3,3,3,333,"Macdonald, D. W. 2006. The Princeton Encyclopedia of Mammals. Princeton University Press, Princeton, NJ.",EN,1
2606,Lepus insularis,Leporidae,Lagomorpha,3,3,3,333,"Macdonald, D. W. 2006. The Princeton Encyclopedia of Mammals. Princeton University Press, Princeton, NJ.",VU,1
2607,Lepus mandshuricus,Leporidae,Lagomorpha,3,3,3,333,"Macdonald, D. W. 2006. The Princeton Encyclopedia of Mammals. Princeton University Press, Princeton, NJ.",LC,0
2608,Lepus oiostolus,Leporidae,Lagomorpha,3,3,3,333,"Macdonald, D. W. 2006. The Princeton Encyclopedia of Mammals. Princeton University Press, Princeton, NJ.",LC,0
2609,Lepus othus,Leporidae,Lagomorpha,3,3,3,333,"Macdonald, D. W. 2006. The Princeton Encyclopedia of Mammals. Princeton University Press, Princeton, NJ.",LC,0
2611,Lepus saxatilis,Leporidae,Lagomorpha,3,3,3,333,"Skinner, J. D., Chimimba, C. T. 2005. The Mammals of Southern African Subregion. Cambridge University Press, Cape Town, South Africa.",LC,0
2612,Lepus sinensis,Leporidae,Lagomorpha,3,3,3,333,"Macdonald, D. W. 2006. The Princeton Encyclopedia of Mammals. Princeton University Press, Princeton, NJ.",LC,0
2614,Lepus starcki,Leporidae,Lagomorpha,3,3,3,333,"Macdonald, D. W. 2006. The Princeton Encyclopedia of Mammals. Princeton University Press, Princeton, NJ.",LC,0
2615,Lepus tolai,Leporidae,Lagomorpha,3,3,3,333,"Macdonald, D. W. 2006. The Princeton Encyclopedia of Mammals. Princeton University Press, Princeton, NJ.",LC,0
2616,Lepus townsendii,Leporidae,Lagomorpha,3,3,3,333,"Long JL. 2003. Introduced Mammals of the World, Their history, distribution, and influence. CSIRO Publishing, Collingwood VIC, Australia. ; Burton, M., Burton R. 1975. Encyclopedia of Mammals. Octopus Books Limited, London W1.",LC,0
2617,Lepus victoriae,Leporidae,Lagomorpha,3,3,3,333,"Macdonald, D. W. 2006. The Princeton Encyclopedia of Mammals. Princeton University Press, Princeton, NJ.",LC,0
2618,Lepus yarkandensis,Leporidae,Lagomorpha,3,3,3,333,"Macdonald, D. W. 2006. The Princeton Encyclopedia of Mammals. Princeton University Press, Princeton, NJ.",NT,0
2619,Oryctolagus cuniculus,Leporidae,Lagomorpha,3,3,3,333,Case Western Reserve University,EN,1
2620,Pronolagus crassicaudatus,Leporidae,Lagomorpha,3,3,3,333,"Skinner, J. D., Chimimba, C. T. 2005. The Mammals of Southern African Subregion. Cambridge University Press, Cape Town, South Africa.",LC,0
2621,Pronolagus randensis,Leporidae,Lagomorpha,3,3,3,333,"Skinner, J. D., Chimimba, C. T. 2005. The Mammals of Southern African Subregion. Cambridge University Press, Cape Town, South Africa.",LC,0
2622,Pronolagus rupestris,Leporidae,Lagomorpha,3,3,3,333,"Skinner, J. D., Chimimba, C. T. 2005. The Mammals of Southern African Subregion. Cambridge University Press, Cape Town, South Africa.",LC,0
2623,Sylvilagus floridanus,Leporidae,Lagomorpha,3,3,3,333,"Hutchins M, Kleiman DG, Geist V, McDade MC. 2003. Grzimek’s Animal Life Encyclopedia Second Edition, Volume 12-16 Mammals I-V. Gale, Farmington Hills, MI, USA. ; Burton, M., Burton R. 1975. Encyclopedia of Mammals. Octopus Books Limited, London W1.",LC,0
2624,Dorcopsis atrata,Macropodidae,Diprotodontia,3,3,3,333,"Hutchins M, Kleiman DG, Geist V, McDade MC. 2003. Grzimek’s Animal Life Encyclopedia Second Edition, Volume 12-16 Mammals I-V. Gale, Farmington Hills, MI, USA.",CR,1
2625,Dorcopsis luctuosa,Macropodidae,Diprotodontia,3,3,3,333,"Flannery T. 1995. Mammals of New Guinea. Cornell University Press, Ithaca, NY.",VU,1
2626,Dorcopsis muelleri,Macropodidae,Diprotodontia,3,3,3,333,"Hutchins M, Kleiman DG, Geist V, McDade MC. 2003. Grzimek’s Animal Life Encyclopedia Second Edition, Volume 12-16 Mammals I-V. Gale, Farmington Hills, MI, USA.; Flannery T. 1995. Mammals of New Guinea. Cornell University Press, Ithaca, NY.",LC,0
2628,Lagorchestes asomatus,Macropodidae,Diprotodontia,3,3,3,333,"Macdonald, D. W. 2006. The Princeton Encyclopedia of Mammals. Princeton University Press, Princeton, NJ.",EX,1
2629,Lagorchestes conspicillatus,Macropodidae,Diprotodontia,3,3,3,333,"Macdonald, D. W. 2006. The Princeton Encyclopedia of Mammals. Princeton University Press, Princeton, NJ.",LC,0
2630,Lagorchestes leporides,Macropodidae,Diprotodontia,3,3,3,333,"Macdonald, D. W. 2006. The Princeton Encyclopedia of Mammals. Princeton University Press, Princeton, NJ.",EX,1
2631,Lagostrophus fasciatus,Macropodidae,Diprotodontia,3,3,3,333,"Hutchins M, Kleiman DG, Geist V, McDade MC. 2003. Grzimek’s Animal Life Encyclopedia Second Edition, Volume 12-16 Mammals I-V. Gale, Farmington Hills, MI, USA.",VU,1
2632,Macropus agilis,Macropodidae,Diprotodontia,3,3,3,333,"Hutchins M, Kleiman DG, Geist V, McDade MC. 2003. Grzimek’s Animal Life Encyclopedia Second Edition, Volume 12-16 Mammals I-V. Gale, Farmington Hills, MI, USA.; Long JL. 2003. Introduced Mammals of the World, Their history, distribution, and influence. CSIRO Publishing, Collingwood VIC, Australia.",LC,0
2633,Macropus antilopinus,Macropodidae,Diprotodontia,3,3,3,333,"Hutchins M, Kleiman DG, Geist V, McDade MC. 2003. Grzimek’s Animal Life Encyclopedia Second Edition, Volume 12-16 Mammals I-V. Gale, Farmington Hills, MI, USA.; Long JL. 2003. Introduced Mammals of the World, Their history, distribution, and influence. CSIRO Publishing, Collingwood VIC, Australia.",LC,0
2634,Macropus bernardus,Macropodidae,Diprotodontia,3,3,3,333,"Hutchins M, Kleiman DG, Geist V, McDade MC. 2003. Grzimek’s Animal Life Encyclopedia Second Edition, Volume 12-16 Mammals I-V. Gale, Farmington Hills, MI, USA.; Long JL. 2003. Introduced Mammals of the World, Their history, distribution, and influence. CSIRO Publishing, Collingwood VIC, Australia.",NT,0
2635,Macropus dorsalis,Macropodidae,Diprotodontia,3,3,3,333,"Hutchins M, Kleiman DG, Geist V, McDade MC. 2003. Grzimek’s Animal Life Encyclopedia Second Edition, Volume 12-16 Mammals I-V. Gale, Farmington Hills, MI, USA.; Long JL. 2003. Introduced Mammals of the World, Their history, distribution, and influence. CSIRO Publishing, Collingwood VIC, Australia.",LC,0
2636,Macropus eugenii,Macropodidae,Diprotodontia,3,3,3,333,"Hutchins M, Kleiman DG, Geist V, McDade MC. 2003. Grzimek’s Animal Life Encyclopedia Second Edition, Volume 12-16 Mammals I-V. Gale, Farmington Hills, MI, USA.; Long JL. 2003. Introduced Mammals of the World, Their history, distribution, and influence. CSIRO Publishing, Collingwood VIC, Australia.",LC,0
2638,Macropus fuliginosus,Macropodidae,Diprotodontia,3,3,3,333,"Hutchins M, Kleiman DG, Geist V, McDade MC. 2003. Grzimek’s Animal Life Encyclopedia Second Edition, Volume 12-16 Mammals I-V. Gale, Farmington Hills, MI, USA.; Long JL. 2003. Introduced Mammals of the World, Their history, distribution, and influence. CSIRO Publishing, Collingwood VIC, Australia.",LC,0
2639,Macropus giganteus,Macropodidae,Diprotodontia,3,3,3,333,"Hutchins M, Kleiman DG, Geist V, McDade MC. 2003. Grzimek’s Animal Life Encyclopedia Second Edition, Volume 12-16 Mammals I-V. Gale, Farmington Hills, MI, USA.; Long JL. 2003. Introduced Mammals of the World, Their history, distribution, and influence. CSIRO Publishing, Collingwood VIC, Australia.",LC,0
2640,Macropus greyi,Macropodidae,Diprotodontia,3,3,3,333,"Hutchins M, Kleiman DG, Geist V, McDade MC. 2003. Grzimek’s Animal Life Encyclopedia Second Edition, Volume 12-16 Mammals I-V. Gale, Farmington Hills, MI, USA.; Long JL. 2003. Introduced Mammals of the World, Their history, distribution, and influence. CSIRO Publishing, Collingwood VIC, Australia.",EX,1
2641,Macropus irma,Macropodidae,Diprotodontia,3,3,3,333,"Hutchins M, Kleiman DG, Geist V, McDade MC. 2003. Grzimek’s Animal Life Encyclopedia Second Edition, Volume 12-16 Mammals I-V. Gale, Farmington Hills, MI, USA.; Long JL. 2003. Introduced Mammals of the World, Their history, distribution, and influence. CSIRO Publishing, Collingwood VIC, Australia.",LC,0
2642,Macropus parma,Macropodidae,Diprotodontia,3,3,3,333,"Hutchins M, Kleiman DG, Geist V, McDade MC. 2003. Grzimek’s Animal Life Encyclopedia Second Edition, Volume 12-16 Mammals I-V. Gale, Farmington Hills, MI, USA.; Long JL. 2003. Introduced Mammals of the World, Their history, distribution, and influence. CSIRO Publishing, Collingwood VIC, Australia.",NT,0
2643,Macropus parryi,Macropodidae,Diprotodontia,3,3,3,333,"Hutchins M, Kleiman DG, Geist V, McDade MC. 2003. Grzimek’s Animal Life Encyclopedia Second Edition, Volume 12-16 Mammals I-V. Gale, Farmington Hills, MI, USA.; Long JL. 2003. Introduced Mammals of the World, Their history, distribution, and influence. CSIRO Publishing, Collingwood VIC, Australia.",LC,0
2646,Macropus robustus,Macropodidae,Diprotodontia,3,3,3,333,"Hutchins M, Kleiman DG, Geist V, McDade MC. 2003. Grzimek’s Animal Life Encyclopedia Second Edition, Volume 12-16 Mammals I-V. Gale, Farmington Hills, MI, USA.; Long JL. 2003. Introduced Mammals of the World, Their history, distribution, and influence. CSIRO Publishing, Collingwood VIC, Australia.",LC,0
2647,Macropus rufogriseus,Macropodidae,Diprotodontia,3,3,3,333,"Hutchins M, Kleiman DG, Geist V, McDade MC. 2003. Grzimek’s Animal Life Encyclopedia Second Edition, Volume 12-16 Mammals I-V. Gale, Farmington Hills, MI, USA.; Long JL. 2003. Introduced Mammals of the World, Their history, distribution, and influence. CSIRO Publishing, Collingwood VIC, Australia.",LC,0
2648,Macropus rufus,Macropodidae,Diprotodontia,3,3,3,333,"Hutchins M, Kleiman DG, Geist V, McDade MC. 2003. Grzimek’s Animal Life Encyclopedia Second Edition, Volume 12-16 Mammals I-V. Gale, Farmington Hills, MI, USA.; Long JL. 2003. Introduced Mammals of the World, Their history, distribution, and influence. CSIRO Publishing, Collingwood VIC, Australia.",LC,0
2650,Onychogalea fraenata,Macropodidae,Diprotodontia,3,3,3,333,"Hutchins M, Kleiman DG, Geist V, McDade MC. 2003. Grzimek’s Animal Life Encyclopedia Second Edition, Volume 12-16 Mammals I-V. Gale, Farmington Hills, MI, USA.; Long JL. 2003. Introduced Mammals of the World, Their history, distribution, and influence. CSIRO Publishing, Collingwood VIC, Australia.",VU,1
2651,Onychogalea lunata,Macropodidae,Diprotodontia,3,3,3,333,"Hutchins M, Kleiman DG, Geist V, McDade MC. 2003. Grzimek’s Animal Life Encyclopedia Second Edition, Volume 12-16 Mammals I-V. Gale, Farmington Hills, MI, USA., Nowak RM. 1999. Walker’s Mammals of the World, Vol. 1. Sixth Ed. The Johns Hopkins University Press, Maryland, USA.",EX,1
2652,Onychogalea unguifera,Macropodidae,Diprotodontia,3,3,3,333,"Hutchins M, Kleiman DG, Geist V, McDade MC. 2003. Grzimek’s Animal Life Encyclopedia Second Edition, Volume 12-16 Mammals I-V. Gale, Farmington Hills, MI, USA., Nowak RM. 1999. Walker’s Mammals of the World, Vol. 1. Sixth Ed. The Johns Hopkins University Press, Maryland, USA.",LC,0
2653,Petrogale assimilis,Macropodidae,Diprotodontia,3,3,3,333,"Hutchins M, Kleiman DG, Geist V, McDade MC. 2003. Grzimek’s Animal Life Encyclopedia Second Edition, Volume 12-16 Mammals I-V. Gale, Farmington Hills, MI, USA., Nowak RM. 1999. Walker’s Mammals of the World, Vol. 1. Sixth Ed. The Johns Hopkins University Press, Maryland, USA.",LC,0
2654,Petrogale brachyotis,Macropodidae,Diprotodontia,3,3,3,333,"Hutchins M, Kleiman DG, Geist V, McDade MC. 2003. Grzimek’s Animal Life Encyclopedia Second Edition, Volume 12-16 Mammals I-V. Gale, Farmington Hills, MI, USA., Nowak RM. 1999. Walker’s Mammals of the World, Vol. 1. Sixth Ed. The Johns Hopkins University Press, Maryland, USA.",LC,0
2655,Petrogale burbidgei,Macropodidae,Diprotodontia,3,3,3,333,"Hutchins M, Kleiman DG, Geist V, McDade MC. 2003. Grzimek’s Animal Life Encyclopedia Second Edition, Volume 12-16 Mammals I-V. Gale, Farmington Hills, MI, USA., Nowak RM. 1999. Walker’s Mammals of the World, Vol. 1. Sixth Ed. The Johns Hopkins University Press, Maryland, USA.",NT,0
2656,Petrogale concinna,Macropodidae,Diprotodontia,3,3,3,333,"Hutchins M, Kleiman DG, Geist V, McDade MC. 2003. Grzimek’s Animal Life Encyclopedia Second Edition, Volume 12-16 Mammals I-V. Gale, Farmington Hills, MI, USA., Nowak RM. 1999. Walker’s Mammals of the World, Vol. 1. Sixth Ed. The Johns Hopkins University Press, Maryland, USA.",EN,1
2657,Petrogale godmani,Macropodidae,Diprotodontia,3,3,3,333,"Hutchins M, Kleiman DG, Geist V, McDade MC. 2003. Grzimek’s Animal Life Encyclopedia Second Edition, Volume 12-16 Mammals I-V. Gale, Farmington Hills, MI, USA., Nowak RM. 1999. Walker’s Mammals of the World, Vol. 1. Sixth Ed. The Johns Hopkins University Press, Maryland, USA.",NT,0
2658,Petrogale inornata,Macropodidae,Diprotodontia,3,3,3,333,"Hutchins M, Kleiman DG, Geist V, McDade MC. 2003. Grzimek’s Animal Life Encyclopedia Second Edition, Volume 12-16 Mammals I-V. Gale, Farmington Hills, MI, USA., Nowak RM. 1999. Walker’s Mammals of the World, Vol. 1. Sixth Ed. The Johns Hopkins University Press, Maryland, USA.",LC,0
2659,Petrogale lateralis,Macropodidae,Diprotodontia,3,3,3,333,"Hutchins M, Kleiman DG, Geist V, McDade MC. 2003. Grzimek’s Animal Life Encyclopedia Second Edition, Volume 12-16 Mammals I-V. Gale, Farmington Hills, MI, USA.; Long JL. 2003. Introduced Mammals of the World, Their history, distribution, and influence. CSIRO Publishing, Collingwood VIC, Australia.",VU,1
2660,Petrogale penicillata,Macropodidae,Diprotodontia,3,3,3,333,"Hutchins M, Kleiman DG, Geist V, McDade MC. 2003. Grzimek’s Animal Life Encyclopedia Second Edition, Volume 12-16 Mammals I-V. Gale, Farmington Hills, MI, USA.; Long JL. 2003. Introduced Mammals of the World, Their history, distribution, and influence. CSIRO Publishing, Collingwood VIC, Australia.",VU,1
2661,Petrogale persephone,Macropodidae,Diprotodontia,3,3,3,333,"Hutchins M, Kleiman DG, Geist V, McDade MC. 2003. Grzimek’s Animal Life Encyclopedia Second Edition, Volume 12-16 Mammals I-V. Gale, Farmington Hills, MI, USA., Nowak RM. 1999. Walker’s Mammals of the World, Vol. 1. Sixth Ed. The Johns Hopkins University Press, Maryland, USA.",EN,1
2662,Petrogale rothschildi,Macropodidae,Diprotodontia,3,3,3,333,"Hutchins M, Kleiman DG, Geist V, McDade MC. 2003. Grzimek’s Animal Life Encyclopedia Second Edition, Volume 12-16 Mammals I-V. Gale, Farmington Hills, MI, USA., Nowak RM. 1999. Walker’s Mammals of the World, Vol. 1. Sixth Ed. The Johns Hopkins University Press, Maryland, USA.",LC,0
2663,Petrogale xanthopus,Macropodidae,Diprotodontia,3,3,3,333,"Hutchins M, Kleiman DG, Geist V, McDade MC. 2003. Grzimek’s Animal Life Encyclopedia Second Edition, Volume 12-16 Mammals I-V. Gale, Farmington Hills, MI, USA., Nowak RM. 1999. Walker’s Mammals of the World, Vol. 1. Sixth Ed. The Johns Hopkins University Press, Maryland, USA.",NT,0
2664,Setonix brachyurus,Macropodidae,Diprotodontia,3,3,3,333,"Hutchins M, Kleiman DG, Geist V, McDade MC. 2003. Grzimek’s Animal Life Encyclopedia Second Edition, Volume 12-16 Mammals I-V. Gale, Farmington Hills, MI, USA.; Long JL. 2003. Introduced Mammals of the World, Their history, distribution, and influence. CSIRO Publishing, Collingwood VIC, Australia.",VU,1
2665,Thylogale billardierii,Macropodidae,Diprotodontia,3,3,3,333,"Hutchins M, Kleiman DG, Geist V, McDade MC. 2003. Grzimek’s Animal Life Encyclopedia Second Edition, Volume 12-16 Mammals I-V. Gale, Farmington Hills, MI, USA.; Long JL. 2003. Introduced Mammals of the World, Their history, distribution, and influence. CSIRO Publishing, Collingwood VIC, Australia.",LC,0
2666,Thylogale browni,Macropodidae,Diprotodontia,3,3,3,333,"Hutchins M, Kleiman DG, Geist V, McDade MC. 2003. Grzimek’s Animal Life Encyclopedia Second Edition, Volume 12-16 Mammals I-V. Gale, Farmington Hills, MI, USA.; Long JL. 2003. Introduced Mammals of the World, Their history, distribution, and influence. CSIRO Publishing, Collingwood VIC, Australia.",VU,1
2667,Thylogale brunii,Macropodidae,Diprotodontia,3,3,3,333,"Hutchins M, Kleiman DG, Geist V, McDade MC. 2003. Grzimek’s Animal Life Encyclopedia Second Edition, Volume 12-16 Mammals I-V. Gale, Farmington Hills, MI, USA., Nowak RM. 1999. Walker’s Mammals of the World, Vol. 1. Sixth Ed. The Johns Hopkins University Press, Maryland, USA.",VU,1
2668,Thylogale calabyi,Macropodidae,Diprotodontia,3,3,3,333,"Hutchins M, Kleiman DG, Geist V, McDade MC. 2003. Grzimek’s Animal Life Encyclopedia Second Edition, Volume 12-16 Mammals I-V. Gale, Farmington Hills, MI, USA., Nowak RM. 1999. Walker’s Mammals of the World, Vol. 1. Sixth Ed. The Johns Hopkins University Press, Maryland, USA.",EN,1
2671,Thylogale stigmatica,Macropodidae,Diprotodontia,3,3,3,333,"Hutchins M, Kleiman DG, Geist V, McDade MC. 2003. Grzimek’s Animal Life Encyclopedia Second Edition, Volume 12-16 Mammals I-V. Gale, Farmington Hills, MI, USA., Nowak RM. 1999. Walker’s Mammals of the World, Vol. 1. Sixth Ed. The Johns Hopkins University Press, Maryland, USA.",LC,0
2672,Thylogale thetis,Macropodidae,Diprotodontia,3,3,3,333,"Hutchins M, Kleiman DG, Geist V, McDade MC. 2003. Grzimek’s Animal Life Encyclopedia Second Edition, Volume 12-16 Mammals I-V. Gale, Farmington Hills, MI, USA., Nowak RM. 1999. Walker’s Mammals of the World, Vol. 1. Sixth Ed. The Johns Hopkins University Press, Maryland, USA.",LC,0
2674,Wallabia bicolor,Macropodidae,Diprotodontia,3,3,3,333,"Hutchins M, Kleiman DG, Geist V, McDade MC. 2003. Grzimek’s Animal Life Encyclopedia Second Edition, Volume 12-16 Mammals I-V. Gale, Farmington Hills, MI, USA.; Long JL. 2003. Introduced Mammals of the World, Their history, distribution, and influence. CSIRO Publishing, Collingwood VIC, Australia.",LC,0
2675,Moschus berezovskii,Moschidae,Artiodactyla,3,1,3,313,"Hutchins M, Kleiman DG, Geist V, McDade MC. 2003. Grzimek’s Animal Life Encyclopedia Second Edition, Volume 12-16 Mammals I-V. Gale, Farmington Hills, MI, USA.",EN,1
2676,Moschus chrysogaster,Moschidae,Artiodactyla,3,1,3,313,"Hutchins M, Kleiman DG, Geist V, McDade MC. 2003. Grzimek’s Animal Life Encyclopedia Second Edition, Volume 12-16 Mammals I-V. Gale, Farmington Hills, MI, USA.",EN,1
2677,Moschus fuscus,Moschidae,Artiodactyla,3,1,3,313,"Hutchins M, Kleiman DG, Geist V, McDade MC. 2003. Grzimek’s Animal Life Encyclopedia Second Edition, Volume 12-16 Mammals I-V. Gale, Farmington Hills, MI, USA.",EN,1
2678,Moschus moschiferus,Moschidae,Artiodactyla,3,1,3,313,"Hutchins M, Kleiman DG, Geist V, McDade MC. 2003. Grzimek’s Animal Life Encyclopedia Second Edition, Volume 12-16 Mammals I-V. Gale, Farmington Hills, MI, USA.",VU,1
2680,Acomys cineraceus,Muridae,Rodentia,3,1,3,313,"Hutchins M, Kleiman DG, Geist V, McDade MC. 2003. Grzimek’s Animal Life Encyclopedia Second Edition, Volume 12-16 Mammals I-V. Gale, Farmington Hills, MI, USA.; Nowak RM. 1999. Walker’s Mammals of the World, Vol. 2. Sixth Ed. The Johns Hopkins University Press, Maryland, USA.",LC,0
2681,Acomys ignitus,Muridae,Rodentia,3,1,3,313,"Hutchins M, Kleiman DG, Geist V, McDade MC. 2003. Grzimek’s Animal Life Encyclopedia Second Edition, Volume 12-16 Mammals I-V. Gale, Farmington Hills, MI, USA. ; Nowak RM. 1999. Walker’s Mammals of the World, Vol. 2. Sixth Ed. The Johns Hopkins University Press, Maryland, USA.",LC,0
2682,Acomys kempi,Muridae,Rodentia,3,1,3,313,"Hutchins M, Kleiman DG, Geist V, McDade MC. 2003. Grzimek’s Animal Life Encyclopedia Second Edition, Volume 12-16 Mammals I-V. Gale, Farmington Hills, MI, USA.; Nowak RM. 1999. Walker’s Mammals of the World, Vol. 2. Sixth Ed. The Johns Hopkins University Press, Maryland, USA.",LC,0
2683,Acomys louisae,Muridae,Rodentia,3,1,3,313,"Hutchins M, Kleiman DG, Geist V, McDade MC. 2003. Grzimek’s Animal Life Encyclopedia Second Edition, Volume 12-16 Mammals I-V. Gale, Farmington Hills, MI, USA. ; Nowak RM. 1999. Walker’s Mammals of the World, Vol. 2. Sixth Ed. The Johns Hopkins University Press, Maryland, USA.",LC,0
2685,Acomys mullah,Muridae,Rodentia,3,1,3,313,"Hutchins M, Kleiman DG, Geist V, McDade MC. 2003. Grzimek’s Animal Life Encyclopedia Second Edition, Volume 12-16 Mammals I-V. Gale, Farmington Hills, MI, USA. ; Nowak RM. 1999. Walker’s Mammals of the World, Vol. 2. Sixth Ed. The Johns Hopkins University Press, Maryland, USA.",LC,0
2686,Acomys percivali,Muridae,Rodentia,3,1,3,313,"Hutchins M, Kleiman DG, Geist V, McDade MC. 2003. Grzimek’s Animal Life Encyclopedia Second Edition, Volume 12-16 Mammals I-V. Gale, Farmington Hills, MI, USA. ; Nowak RM. 1999. Walker’s Mammals of the World, Vol. 2. Sixth Ed. The Johns Hopkins University Press, Maryland, USA.",LC,0
2687,Acomys russatus,Muridae,Rodentia,3,1,3,313,"Hutchins M, Kleiman DG, Geist V, McDade MC. 2003. Grzimek’s Animal Life Encyclopedia Second Edition, Volume 12-16 Mammals I-V. Gale, Farmington Hills, MI, USA.; Nowak RM. 1999. Walker’s Mammals of the World, Vol. 2. Sixth Ed. The Johns Hopkins University Press, Maryland, USA.",LC,0
2688,Acomys spinosissimus,Muridae,Rodentia,3,1,3,313,"Hutchins M, Kleiman DG, Geist V, McDade MC. 2003. Grzimek’s Animal Life Encyclopedia Second Edition, Volume 12-16 Mammals I-V. Gale, Farmington Hills, MI, USA. ; Nowak RM. 1999. Walker’s Mammals of the World, Vol. 2. Sixth Ed. The Johns Hopkins University Press, Maryland, USA.",LC,0
2689,Acomys subspinosus,Muridae,Rodentia,3,1,3,313,"Hutchins M, Kleiman DG, Geist V, McDade MC. 2003. Grzimek’s Animal Life Encyclopedia Second Edition, Volume 12-16 Mammals I-V. Gale, Farmington Hills, MI, USA.; Nowak RM. 1999. Walker’s Mammals of the World, Vol. 2. Sixth Ed. The Johns Hopkins University Press, Maryland, USA.",LC,0
2690,Aethomys bocagei,Muridae,Rodentia,3,1,3,313,"Hutchins M, Kleiman DG, Geist V, McDade MC. 2003. Grzimek’s Animal Life Encyclopedia Second Edition, Volume 12-16 Mammals I-V. Gale, Farmington Hills, MI, USA.; Nowak RM. 1999. Walker’s Mammals of the World, Vol. 2. Sixth Ed. The Johns Hopkins University Press, Maryland, USA.",LC,0
2691,Aethomys chrysophilus,Muridae,Rodentia,3,1,3,313,"Hutchins M, Kleiman DG, Geist V, McDade MC. 2003. Grzimek’s Animal Life Encyclopedia Second Edition, Volume 12-16 Mammals I-V. Gale, Farmington Hills, MI, USA.; Nowak RM. 1999. Walker’s Mammals of the World, Vol. 2. Sixth Ed. The Johns Hopkins University Press, Maryland, USA.",LC,0
2693,Aethomys hindei,Muridae,Rodentia,3,1,3,313,"Hutchins M, Kleiman DG, Geist V, McDade MC. 2003. Grzimek’s Animal Life Encyclopedia Second Edition, Volume 12-16 Mammals I-V. Gale, Farmington Hills, MI, USA.; Nowak RM. 1999. Walker’s Mammals of the World, Vol. 2. Sixth Ed. The Johns Hopkins University Press, Maryland, USA.",LC,0
2694,Aethomys kaiseri,Muridae,Rodentia,3,1,3,313,"Hutchins M, Kleiman DG, Geist V, McDade MC. 2003. Grzimek’s Animal Life Encyclopedia Second Edition, Volume 12-16 Mammals I-V. Gale, Farmington Hills, MI, USA.; Nowak RM. 1999. Walker’s Mammals of the World, Vol. 2. Sixth Ed. The Johns Hopkins University Press, Maryland, USA.",LC,0
2696,Aethomys nyikae,Muridae,Rodentia,3,1,3,313,"Hutchins M, Kleiman DG, Geist V, McDade MC. 2003. Grzimek’s Animal Life Encyclopedia Second Edition, Volume 12-16 Mammals I-V. Gale, Farmington Hills, MI, USA.; Nowak RM. 1999. Walker’s Mammals of the World, Vol. 2. Sixth Ed. The Johns Hopkins University Press, Maryland, USA.",LC,0
2698,Andinomys edax,Muridae,Rodentia,3,1,3,313,"Hutchins M, Kleiman DG, Geist V, McDade MC. 2003. Grzimek’s Animal Life Encyclopedia Second Edition, Volume 12-16 Mammals I-V. Gale, Farmington Hills, MI, USA.",LC,0
2699,Anisomys imitator,Muridae,Rodentia,3,1,3,313,"Hutchins M, Kleiman DG, Geist V, McDade MC. 2003. Grzimek’s Animal Life Encyclopedia Second Edition, Volume 12-16 Mammals I-V. Gale, Farmington Hills, MI, USA.; Flannery T. 1995. Mammals of New Guinea. Cornell University Press, Ithaca, NY.",LC,0
2700,Arvicola sapidus,Muridae,Rodentia,3,1,3,313,"Alderton, D. 1996. Rodents of the world. Facts on File, INC., NY, USA.",VU,1
2702,Batomys granti,Muridae,Rodentia,3,1,3,313,"Hutchins M, Kleiman DG, Geist V, McDade MC. 2003. Grzimek’s Animal Life Encyclopedia Second Edition, Volume 12-16 Mammals I-V. Gale, Farmington Hills, MI, USA.;Heaney, L. R. 1998. A synopsis of the mammalian fauna of the Philippine Islands. Fieldiana. Zoology. New Series, 88, 1-61. ;  Nowak RM. 1999. Walker’s Mammals of the World, Vol. 2. Sixth Ed. The Johns Hopkins University Press, Maryland, USA.",LC,0
2703,Calomyscus bailwardi,Muridae,Rodentia,3,1,3,313,"Hutchins M, Kleiman DG, Geist V, McDade MC. 2003. Grzimek’s Animal Life Encyclopedia Second Edition, Volume 12-16 Mammals I-V. Gale, Farmington Hills, MI, USA.",LC,0
2704,Chionomys gud,Muridae,Rodentia,3,1,3,313,"Hutchins M, Kleiman DG, Geist V, McDade MC. 2003. Grzimek’s Animal Life Encyclopedia Second Edition, Volume 12-16 Mammals I-V. Gale, Farmington Hills, MI, USA.Klein, S., 1983. The encyclopedia of North American wildlife. Facts on File, INC., NY, USA.",LC,0
2705,Chionomys nivalis,Muridae,Rodentia,3,1,3,313,"Hutchins M, Kleiman DG, Geist V, McDade MC. 2003. Grzimek’s Animal Life Encyclopedia Second Edition, Volume 12-16 Mammals I-V. Gale, Farmington Hills, MI, USA. ; Klein, S., 1983. The encyclopedia of North American wildlife. Facts on File, INC., NY, USA.",LC,0
2706,Chionomys roberti,Muridae,Rodentia,3,1,3,313,"Hutchins M, Kleiman DG, Geist V, McDade MC. 2003. Grzimek’s Animal Life Encyclopedia Second Edition, Volume 12-16 Mammals I-V. Gale, Farmington Hills, MI, USA.; Klein, S., 1983. The encyclopedia of North American wildlife. Facts on File, INC., NY, USA.",LC,0
2707,Coccymys ruemmleri,Muridae,Rodentia,3,1,3,313,"Hutchins M, Kleiman DG, Geist V, McDade MC. 2003. Grzimek’s Animal Life Encyclopedia Second Edition, Volume 12-16 Mammals I-V. Gale, Farmington Hills, MI, USA.; Flannery T. 1995. Mammals of New Guinea. Cornell University Press, Ithaca, NY.",LC,0
2708,Dasymys incomtus,Muridae,Rodentia,3,1,3,313,"Hutchins M, Kleiman DG, Geist V, McDade MC. 2003. Grzimek’s Animal Life Encyclopedia Second Edition, Volume 12-16 Mammals I-V. Gale, Farmington Hills, MI, USA. ; Skinner, J. D., Chimimba, C. T. 2005. The Mammals of Southern African Subregion. Cambridge University Press, Cape Town, South Africa. ",LC,0
2709,Dicrostonyx hudsonius,Muridae,Rodentia,3,1,3,313,,LC,0
2710,Eligmodontia moreni,Muridae,Rodentia,3,1,3,313,"Hutchins M, Kleiman DG, Geist V, McDade MC. 2003. Grzimek’s Animal Life Encyclopedia Second Edition, Volume 12-16 Mammals I-V. Gale, Farmington Hills, MI, USA. ; Nowak RM. 1999. Walker’s Mammals of the World, Vol. 2. Sixth Ed. The Johns Hopkins University Press, Maryland, USA.",LC,0
2711,Eligmodontia morgani,Muridae,Rodentia,3,1,3,313,"Hutchins M, Kleiman DG, Geist V, McDade MC. 2003. Grzimek’s Animal Life Encyclopedia Second Edition, Volume 12-16 Mammals I-V. Gale, Farmington Hills, MI, USA. ; Nowak RM. 1999. Walker’s Mammals of the World, Vol. 2. Sixth Ed. The Johns Hopkins University Press, Maryland, USA.",LC,0
2712,Eligmodontia puerulus,Muridae,Rodentia,3,1,3,313,"Hutchins M, Kleiman DG, Geist V, McDade MC. 2003. Grzimek’s Animal Life Encyclopedia Second Edition, Volume 12-16 Mammals I-V. Gale, Farmington Hills, MI, USA. ; Nowak RM. 1999. Walker’s Mammals of the World, Vol. 2. Sixth Ed. The Johns Hopkins University Press, Maryland, USA.",LC,0
2713,Eligmodontia typus,Muridae,Rodentia,3,1,3,313,"Hutchins M, Kleiman DG, Geist V, McDade MC. 2003. Grzimek’s Animal Life Encyclopedia Second Edition, Volume 12-16 Mammals I-V. Gale, Farmington Hills, MI, USA. ; Nowak RM. 1999. Walker’s Mammals of the World, Vol. 2. Sixth Ed. The Johns Hopkins University Press, Maryland, USA.",LC,0
2714,Golunda ellioti,Muridae,Rodentia,3,1,3,313,"Hutchins M, Kleiman DG, Geist V, McDade MC. 2003. Grzimek’s Animal Life Encyclopedia Second Edition, Volume 12-16 Mammals I-V. Gale, Farmington Hills, MI, USA. ; Nowak RM. 1999. Walker’s Mammals of the World, Vol. 2. Sixth Ed. The Johns Hopkins University Press, Maryland, USA.",LC,0
2715,Hyperacrius wynnei,Muridae,Rodentia,3,1,3,313,"Alderton, D. 1996. Rodents of the world. Facts on File, INC., NY, USA.",LC,0
2716,Irenomys tarsalis,Muridae,Rodentia,3,1,3,313,"Hutchins M, Kleiman DG, Geist V, McDade MC. 2003. Grzimek’s Animal Life Encyclopedia Second Edition, Volume 12-16 Mammals I-V. Gale, Farmington Hills, MI, USA.",LC,0
2717,Isthmomys pirrensis,Muridae,Rodentia,3,1,3,313,,LC,0
2718,Komodomys rintjanus,Muridae,Rodentia,3,1,3,313,"Alderton, D. 1996. Rodents of the world. Facts on File, INC., NY, USA.",VU,1
2719,Lemniscomys barbarus,Muridae,Rodentia,3,1,3,313,"Alderton, D. 1996. Rodents of the world. Facts on File, INC., NY, USA. ; Nowak RM. 1999. Walker’s Mammals of the World, Vol. 2. Sixth Ed. The Johns Hopkins University Press, Maryland, USA.",LC,0
2720,Lemniscomys bellieri,Muridae,Rodentia,3,1,3,313,"Alderton, D. 1996. Rodents of the world. Facts on File, INC., NY, USA. ; Nowak RM. 1999. Walker’s Mammals of the World, Vol. 2. Sixth Ed. The Johns Hopkins University Press, Maryland, USA.",LC,0
2721,Lemniscomys griselda,Muridae,Rodentia,3,1,3,313,"Alderton, D. 1996. Rodents of the world. Facts on File, INC., NY, USA. ; Nowak RM. 1999. Walker’s Mammals of the World, Vol. 2. Sixth Ed. The Johns Hopkins University Press, Maryland, USA.",LC,0
2723,Lemniscomys linulus,Muridae,Rodentia,3,1,3,313,"Alderton, D. 1996. Rodents of the world. Facts on File, INC., NY, USA. ; Nowak RM. 1999. Walker’s Mammals of the World, Vol. 2. Sixth Ed. The Johns Hopkins University Press, Maryland, USA.",LC,0
2724,Lemniscomys macculus,Muridae,Rodentia,3,1,3,313,"Alderton, D. 1996. Rodents of the world. Facts on File, INC., NY, USA. ; Nowak RM. 1999. Walker’s Mammals of the World, Vol. 2. Sixth Ed. The Johns Hopkins University Press, Maryland, USA.",LC,0
2725,Lemniscomys mittendorfi,Muridae,Rodentia,3,1,3,313,"Alderton, D. 1996. Rodents of the world. Facts on File, INC., NY, USA. ; Nowak RM. 1999. Walker’s Mammals of the World, Vol. 2. Sixth Ed. The Johns Hopkins University Press, Maryland, USA.",LC,0
2726,Lemniscomys rosalia,Muridae,Rodentia,3,1,3,313,"Alderton, D. 1996. Rodents of the world. Facts on File, INC., NY, USA. ; Nowak RM. 1999. Walker’s Mammals of the World, Vol. 2. Sixth Ed. The Johns Hopkins University Press, Maryland, USA.",LC,0
2728,Lemniscomys striatus,Muridae,Rodentia,3,1,3,313,"Alderton, D. 1996. Rodents of the world. Facts on File, INC., NY, USA. ; Nowak RM. 1999. Walker’s Mammals of the World, Vol. 2. Sixth Ed. The Johns Hopkins University Press, Maryland, USA.",LC,0
2729,Leporillus conditor,Muridae,Rodentia,3,1,3,313,"Hutchins M, Kleiman DG, Geist V, McDade MC. 2003. Grzimek’s Animal Life Encyclopedia Second Edition, Volume 12-16 Mammals I-V. Gale, Farmington Hills, MI, USA.",NT,0
2732,Macruromys major,Muridae,Rodentia,3,1,3,313,"Hutchins M, Kleiman DG, Geist V, McDade MC. 2003. Grzimek’s Animal Life Encyclopedia Second Edition, Volume 12-16 Mammals I-V. Gale, Farmington Hills, MI, USA.; Flannery T. 1995. Mammals of New Guinea. Cornell University Press, Ithaca, NY.",LC,0
2736,Micromys minutus,Muridae,Rodentia,3,1,3,313,"Hutchins M, Kleiman DG, Geist V, McDade MC. 2003. Grzimek’s Animal Life Encyclopedia Second Edition, Volume 12-16 Mammals I-V. Gale, Farmington Hills, MI, USA.",LC,0
2737,Microtus chrotorrhinus,Muridae,Rodentia,3,1,3,313,"Hutchins M, Kleiman DG, Geist V, McDade MC. 2003. Grzimek’s Animal Life Encyclopedia Second Edition, Volume 12-16 Mammals I-V. Gale, Farmington Hills, MI, USA.",LC,0
2738,Microtus pennsylvanicus,Muridae,Rodentia,3,1,3,313,"Hutchins M, Kleiman DG, Geist V, McDade MC. 2003. Grzimek’s Animal Life Encyclopedia Second Edition, Volume 12-16 Mammals I-V. Gale, Farmington Hills, MI, USA.",LC,0
2739,Mus baoulei,Muridae,Rodentia,3,1,3,313,"Hutchins M, Kleiman DG, Geist V, McDade MC. 2003. Grzimek’s Animal Life Encyclopedia Second Edition, Volume 12-16 Mammals I-V. Gale, Farmington Hills, MI, USA. ; Nowak RM. 1999. Walker’s Mammals of the World, Vol. 2. Sixth Ed. The Johns Hopkins University Press, Maryland, USA. ",LC,0
2740,Mus bufo,Muridae,Rodentia,3,1,3,313,"Hutchins M, Kleiman DG, Geist V, McDade MC. 2003. Grzimek’s Animal Life Encyclopedia Second Edition, Volume 12-16 Mammals I-V. Gale, Farmington Hills, MI, USA. ; Nowak RM. 1999. Walker’s Mammals of the World, Vol. 2. Sixth Ed. The Johns Hopkins University Press, Maryland, USA. ",LC,0
2742,Mus fernandoni,Muridae,Rodentia,3,1,3,313,"Hutchins M, Kleiman DG, Geist V, McDade MC. 2003. Grzimek’s Animal Life Encyclopedia Second Edition, Volume 12-16 Mammals I-V. Gale, Farmington Hills, MI, USA. ; Nowak RM. 1999. Walker’s Mammals of the World, Vol. 2. Sixth Ed. The Johns Hopkins University Press, Maryland, USA. ",EN,1
2744,Mus haussa,Muridae,Rodentia,3,1,3,313,"Hutchins M, Kleiman DG, Geist V, McDade MC. 2003. Grzimek’s Animal Life Encyclopedia Second Edition, Volume 12-16 Mammals I-V. Gale, Farmington Hills, MI, USA. ; Nowak RM. 1999. Walker’s Mammals of the World, Vol. 2. Sixth Ed. The Johns Hopkins University Press, Maryland, USA. ",LC,0
2746,Mus macedonicus,Muridae,Rodentia,3,1,3,313,"Hutchins M, Kleiman DG, Geist V, McDade MC. 2003. Grzimek’s Animal Life Encyclopedia Second Edition, Volume 12-16 Mammals I-V. Gale, Farmington Hills, MI, USA.",LC,0
2747,Mus mahomet,Muridae,Rodentia,3,1,3,313,"Hutchins M, Kleiman DG, Geist V, McDade MC. 2003. Grzimek’s Animal Life Encyclopedia Second Edition, Volume 12-16 Mammals I-V. Gale, Farmington Hills, MI, USA.",LC,0
2748,Mus mattheyi,Muridae,Rodentia,3,1,3,313,"Hutchins M, Kleiman DG, Geist V, McDade MC. 2003. Grzimek’s Animal Life Encyclopedia Second Edition, Volume 12-16 Mammals I-V. Gale, Farmington Hills, MI, USA.",LC,0
2752,Mus pahari,Muridae,Rodentia,3,1,3,311,"Hutchins M, Kleiman DG, Geist V, McDade MC. 2003. Grzimek’s Animal Life Encyclopedia Second Edition, Volume 12-16 Mammals I-V. Gale, Farmington Hills, MI, USA.; Marshall, J. T. 1977. A synopsis of Asian species of Mus (Rodentia, Muridae). Bulletin of the AMNH; v. 158, article 3.",LC,0
2753,Mus setulosus,Muridae,Rodentia,3,1,3,313,"Hutchins M, Kleiman DG, Geist V, McDade MC. 2003. Grzimek’s Animal Life Encyclopedia Second Edition, Volume 12-16 Mammals I-V. Gale, Farmington Hills, MI, USA.; Marshall, J. T. 1977. A synopsis of Asian species of Mus (Rodentia, Muridae). Bulletin of the AMNH; v. 158, article 3. ; Nowak RM. 1999. Walker’s Mammals of the World, Vol. 2. Sixth Ed. The Johns Hopkins University Press, Maryland, USA. ",LC,0
2754,Mus setzeri,Muridae,Rodentia,3,1,3,313,"Hutchins M, Kleiman DG, Geist V, McDade MC. 2003. Grzimek’s Animal Life Encyclopedia Second Edition, Volume 12-16 Mammals I-V. Gale, Farmington Hills, MI, USA.; Marshall, J. T. 1977. A synopsis of Asian species of Mus (Rodentia, Muridae). Bulletin of the AMNH; v. 158, article 3. ; Nowak RM. 1999. Walker’s Mammals of the World, Vol. 2. Sixth Ed. The Johns Hopkins University Press, Maryland, USA. ",LC,0
2755,Mus shortridgei,Muridae,Rodentia,3,1,3,311,"Hutchins M, Kleiman DG, Geist V, McDade MC. 2003. Grzimek’s Animal Life Encyclopedia Second Edition, Volume 12-16 Mammals I-V. Gale, Farmington Hills, MI, USA.; Marshall, J. T. 1977. A synopsis of Asian species of Mus (Rodentia, Muridae). Bulletin of the AMNH; v. 158, article 3.",LC,0
2756,Mus sorella,Muridae,Rodentia,3,1,3,313,"Hutchins M, Kleiman DG, Geist V, McDade MC. 2003. Grzimek’s Animal Life Encyclopedia Second Edition, Volume 12-16 Mammals I-V. Gale, Farmington Hills, MI, USA. ;Nowak RM. 1999. Walker’s Mammals of the World, Vol. 2. Sixth Ed. The Johns Hopkins University Press, Maryland, USA. ",LC,0
2757,Mus spicilegus,Muridae,Rodentia,3,1,3,313,"Hutchins M, Kleiman DG, Geist V, McDade MC. 2003. Grzimek’s Animal Life Encyclopedia Second Edition, Volume 12-16 Mammals I-V. Gale, Farmington Hills, MI, USA. ;Nowak RM. 1999. Walker’s Mammals of the World, Vol. 2. Sixth Ed. The Johns Hopkins University Press, Maryland, USA. ",LC,0
2758,Mus spretus,Muridae,Rodentia,3,1,3,313,"Hutchins M, Kleiman DG, Geist V, McDade MC. 2003. Grzimek’s Animal Life Encyclopedia Second Edition, Volume 12-16 Mammals I-V. Gale, Farmington Hills, MI, USA. ;Nowak RM. 1999. Walker’s Mammals of the World, Vol. 2. Sixth Ed. The Johns Hopkins University Press, Maryland, USA. ",LC,0
2760,Mus tenellus,Muridae,Rodentia,3,1,3,313,"Hutchins M, Kleiman DG, Geist V, McDade MC. 2003. Grzimek’s Animal Life Encyclopedia Second Edition, Volume 12-16 Mammals I-V. Gale, Farmington Hills, MI, USA. ;Nowak RM. 1999. Walker’s Mammals of the World, Vol. 2. Sixth Ed. The Johns Hopkins University Press, Maryland, USA. ",LC,0
2761,Mus terricolor,Muridae,Rodentia,3,1,3,313,"Hutchins M, Kleiman DG, Geist V, McDade MC. 2003. Grzimek’s Animal Life Encyclopedia Second Edition, Volume 12-16 Mammals I-V. Gale, Farmington Hills, MI, USA. ;Nowak RM. 1999. Walker’s Mammals of the World, Vol. 2. Sixth Ed. The Johns Hopkins University Press, Maryland, USA. ",LC,0
2762,Mus triton,Muridae,Rodentia,3,1,3,313,"Hutchins M, Kleiman DG, Geist V, McDade MC. 2003. Grzimek’s Animal Life Encyclopedia Second Edition, Volume 12-16 Mammals I-V. Gale, Farmington Hills, MI, USA. ;Nowak RM. 1999. Walker’s Mammals of the World, Vol. 2. Sixth Ed. The Johns Hopkins University Press, Maryland, USA. ",LC,0
2763,Mylomys dybowskii,Muridae,Rodentia,3,1,3,313,"Hutchins M, Kleiman DG, Geist V, McDade MC. 2003. Grzimek’s Animal Life Encyclopedia Second Edition, Volume 12-16 Mammals I-V. Gale, Farmington Hills, MI, USA. ; Nowak RM. 1999. Walker’s Mammals of the World, Vol. 2. Sixth Ed. The Johns Hopkins University Press, Maryland, USA.",LC,0
2764,Myopus schisticolor,Muridae,Rodentia,3,1,3,313,"Hutchins M, Kleiman DG, Geist V, McDade MC. 2003. Grzimek’s Animal Life Encyclopedia Second Edition, Volume 12-16 Mammals I-V. Gale, Farmington Hills, MI, USA.",LC,0
2765,Nelsonia goldmani,Muridae,Rodentia,3,1,3,313,"Hutchins M, Kleiman DG, Geist V, McDade MC. 2003. Grzimek’s Animal Life Encyclopedia Second Edition, Volume 12-16 Mammals I-V. Gale, Farmington Hills, MI, USA. ; Nowak RM. 1999. Walker’s Mammals of the World, Vol. 2. Sixth Ed. The Johns Hopkins University Press, Maryland, USA.",EN,1
2766,Nelsonia neotomodon,Muridae,Rodentia,3,1,3,313,"Hutchins M, Kleiman DG, Geist V, McDade MC. 2003. Grzimek’s Animal Life Encyclopedia Second Edition, Volume 12-16 Mammals I-V. Gale, Farmington Hills, MI, USA. ; Nowak RM. 1999. Walker’s Mammals of the World, Vol. 2. Sixth Ed. The Johns Hopkins University Press, Maryland, USA.",LC,0
2767,Neofiber alleni,Muridae,Rodentia,3,1,3,313,"Hutchins M, Kleiman DG, Geist V, McDade MC. 2003. Grzimek’s Animal Life Encyclopedia Second Edition, Volume 12-16 Mammals I-V. Gale, Farmington Hills, MI, USA.",LC,0
2768,Neotoma albigula,Muridae,Rodentia,3,1,3,313,"Hutchins M, Kleiman DG, Geist V, McDade MC. 2003. Grzimek’s Animal Life Encyclopedia Second Edition, Volume 12-16 Mammals I-V. Gale, Farmington Hills, MI, USA.",LC,0
2769,Neotoma angustapalata,Muridae,Rodentia,3,1,3,313,"Alderton, D. 1996. Rodents of the world. Facts on File, INC., NY, USA., Nowak RM. 1999. Walker’s Mammals of the World, Vol. 2. Sixth Ed. The Johns Hopkins University Press, Maryland, USA.",EN,1
2771,Neotoma bryanti,Muridae,Rodentia,3,1,3,313,"Alderton, D. 1996. Rodents of the world. Facts on File, INC., NY, USA., Nowak RM. 1999. Walker’s Mammals of the World, Vol. 2. Sixth Ed. The Johns Hopkins University Press, Maryland, USA.",LC,0
2773,Neotoma chrysomelas,Muridae,Rodentia,3,1,3,313,"Alderton, D. 1996. Rodents of the world. Facts on File, INC., NY, USA., Nowak RM. 1999. Walker’s Mammals of the World, Vol. 2. Sixth Ed. The Johns Hopkins University Press, Maryland, USA.",LC,0
2774,Neotoma devia,Muridae,Rodentia,3,1,3,313,"Alderton, D. 1996. Rodents of the world. Facts on File, INC., NY, USA., Nowak RM. 1999. Walker’s Mammals of the World, Vol. 2. Sixth Ed. The Johns Hopkins University Press, Maryland, USA.",LC,0
2775,Neotoma floridana,Muridae,Rodentia,3,1,3,313,"Hutchins M, Kleiman DG, Geist V, McDade MC. 2003. Grzimek’s Animal Life Encyclopedia Second Edition, Volume 12-16 Mammals I-V. Gale, Farmington Hills, MI, USA. ; Burton, M., Burton R. 1975. Encyclopedia of Mammals. Octopus Books Limited, London W1.; Kays, R. W., & Wilson, D. E. 2009. Mammals of North America. (2 ed.) Princeton University Press, Princeton, NJ, USA.",LC,0
2776,Neotoma goldmani,Muridae,Rodentia,3,1,3,313,"Alderton, D. 1996. Rodents of the world. Facts on File, INC., NY, USA., Nowak RM. 1999. Walker’s Mammals of the World, Vol. 2. Sixth Ed. The Johns Hopkins University Press, Maryland, USA.",LC,0
2777,Neotoma lepida,Muridae,Rodentia,3,1,3,313,"Alderton, D. 1996. Rodents of the world. Facts on File, INC., NY, USA., Nowak RM. 1999. Walker’s Mammals of the World, Vol. 2. Sixth Ed. The Johns Hopkins University Press, Maryland, USA.",LC,0
2779,Neotoma mexicana,Muridae,Rodentia,3,1,3,313,"Alderton, D. 1996. Rodents of the world. Facts on File, INC., NY, USA., Nowak RM. 1999. Walker’s Mammals of the World, Vol. 2. Sixth Ed. The Johns Hopkins University Press, Maryland, USA.",LC,0
2780,Neotoma micropus,Muridae,Rodentia,3,1,3,313,"Alderton, D. 1996. Rodents of the world. Facts on File, INC., NY, USA., Nowak RM. 1999. Walker’s Mammals of the World, Vol. 2. Sixth Ed. The Johns Hopkins University Press, Maryland, USA.",LC,0
2781,Neotoma nelsoni,Muridae,Rodentia,3,1,3,313,"Alderton, D. 1996. Rodents of the world. Facts on File, INC., NY, USA., Nowak RM. 1999. Walker’s Mammals of the World, Vol. 2. Sixth Ed. The Johns Hopkins University Press, Maryland, USA.",CR,1
2782,Neotoma palatina,Muridae,Rodentia,3,1,3,313,"Alderton, D. 1996. Rodents of the world. Facts on File, INC., NY, USA., Nowak RM. 1999. Walker’s Mammals of the World, Vol. 2. Sixth Ed. The Johns Hopkins University Press, Maryland, USA.",VU,1
2783,Neotoma phenax,Muridae,Rodentia,3,1,3,313,"Alderton, D. 1996. Rodents of the world. Facts on File, INC., NY, USA., Nowak RM. 1999. Walker’s Mammals of the World, Vol. 2. Sixth Ed. The Johns Hopkins University Press, Maryland, USA.",LC,0
2784,Neotoma stephensi,Muridae,Rodentia,3,1,3,313,"Alderton, D. 1996. Rodents of the world. Facts on File, INC., NY, USA., Nowak RM. 1999. Walker’s Mammals of the World, Vol. 2. Sixth Ed. The Johns Hopkins University Press, Maryland, USA.",LC,0
2786,Notomys fuscus,Muridae,Rodentia,3,1,3,313,"Hutchins M, Kleiman DG, Geist V, McDade MC. 2003. Grzimek’s Animal Life Encyclopedia Second Edition, Volume 12-16 Mammals I-V. Gale, Farmington Hills, MI, USA.",VU,1
2787,Oenomys hypoxanthus,Muridae,Rodentia,3,1,3,313,"Hutchins M, Kleiman DG, Geist V, McDade MC. 2003. Grzimek’s Animal Life Encyclopedia Second Edition, Volume 12-16 Mammals I-V. Gale, Farmington Hills, MI, USA. ; Nowak RM. 1999. Walker’s Mammals of the World, Vol. 2. Sixth Ed. The Johns Hopkins University Press, Maryland, USA.",LC,0
2789,Papagomys armandvillei,Muridae,Rodentia,3,1,3,313,"Alderton, D. 1996. Rodents of the world. Facts on File, INC., NY, USA.",NT,0
2790,Paraleptomys rufilatus,Muridae,Rodentia,3,1,3,313,"Hutchins M, Kleiman DG, Geist V, McDade MC. 2003. Grzimek’s Animal Life Encyclopedia Second Edition, Volume 12-16 Mammals I-V. Gale, Farmington Hills, MI, USA.; Flannery T. 1995. Mammals of New Guinea. Cornell University Press, Ithaca, NY.",EN,1
2792,Paruromys dominator,Muridae,Rodentia,3,1,3,313,"Hutchins M, Kleiman DG, Geist V, McDade MC. 2003. Grzimek’s Animal Life Encyclopedia Second Edition, Volume 12-16 Mammals I-V. Gale, Farmington Hills, MI, USA. ; Nowak RM. 1999. Walker’s Mammals of the World, Vol. 2. Sixth Ed. The Johns Hopkins University Press, Maryland, USA.",LC,0
2794,Pelomys campanae,Muridae,Rodentia,3,1,3,313,"Hutchins M, Kleiman DG, Geist V, McDade MC. 2003. Grzimek’s Animal Life Encyclopedia Second Edition, Volume 12-16 Mammals I-V. Gale, Farmington Hills, MI, USA. ; Nowak RM. 1999. Walker’s Mammals of the World, Vol. 2. Sixth Ed. The Johns Hopkins University Press, Maryland, USA.",LC,0
2795,Pelomys fallax,Muridae,Rodentia,3,1,3,313,"Hutchins M, Kleiman DG, Geist V, McDade MC. 2003. Grzimek’s Animal Life Encyclopedia Second Edition, Volume 12-16 Mammals I-V. Gale, Farmington Hills, MI, USA. ; Nowak RM. 1999. Walker’s Mammals of the World, Vol. 2. Sixth Ed. The Johns Hopkins University Press, Maryland, USA.",LC,0
2797,Pelomys isseli,Muridae,Rodentia,3,1,3,313,"Hutchins M, Kleiman DG, Geist V, McDade MC. 2003. Grzimek’s Animal Life Encyclopedia Second Edition, Volume 12-16 Mammals I-V. Gale, Farmington Hills, MI, USA. ; Nowak RM. 1999. Walker’s Mammals of the World, Vol. 2. Sixth Ed. The Johns Hopkins University Press, Maryland, USA.",NT,0
2798,Pelomys minor,Muridae,Rodentia,3,1,3,313,"Hutchins M, Kleiman DG, Geist V, McDade MC. 2003. Grzimek’s Animal Life Encyclopedia Second Edition, Volume 12-16 Mammals I-V. Gale, Farmington Hills, MI, USA. ; Nowak RM. 1999. Walker’s Mammals of the World, Vol. 2. Sixth Ed. The Johns Hopkins University Press, Maryland, USA.",LC,0
2799,Phyllotis amicus,Muridae,Rodentia,3,1,3,313,"Hutchins M, Kleiman DG, Geist V, McDade MC. 2003. Grzimek’s Animal Life Encyclopedia Second Edition, Volume 12-16 Mammals I-V. Gale, Farmington Hills, MI, USA.; Alderton, D. 1996. Rodents of the world. Facts on File, INC., NY, USA.; Macdonald, D. W. 2006. The Princeton Encyclopedia of Mammals. Princeton University Press, Princeton, NJ.",LC,0
2800,Phyllotis andium,Muridae,Rodentia,3,1,3,313,"Hutchins M, Kleiman DG, Geist V, McDade MC. 2003. Grzimek’s Animal Life Encyclopedia Second Edition, Volume 12-16 Mammals I-V. Gale, Farmington Hills, MI, USA.; Alderton, D. 1996. Rodents of the world. Facts on File, INC., NY, USA.; Macdonald, D. W. 2006. The Princeton Encyclopedia of Mammals. Princeton University Press, Princeton, NJ.",LC,0
2802,Phyllotis caprinus,Muridae,Rodentia,3,1,3,313,"Hutchins M, Kleiman DG, Geist V, McDade MC. 2003. Grzimek’s Animal Life Encyclopedia Second Edition, Volume 12-16 Mammals I-V. Gale, Farmington Hills, MI, USA.; Alderton, D. 1996. Rodents of the world. Facts on File, INC., NY, USA.; Macdonald, D. W. 2006. The Princeton Encyclopedia of Mammals. Princeton University Press, Princeton, NJ.",LC,0
2803,Phyllotis darwini,Muridae,Rodentia,3,1,3,313,"Hutchins M, Kleiman DG, Geist V, McDade MC. 2003. Grzimek’s Animal Life Encyclopedia Second Edition, Volume 12-16 Mammals I-V. Gale, Farmington Hills, MI, USA.; Alderton, D. 1996. Rodents of the world. Facts on File, INC., NY, USA.; Macdonald, D. W. 2006. The Princeton Encyclopedia of Mammals. Princeton University Press, Princeton, NJ.",LC,0
2804,Phyllotis definitus,Muridae,Rodentia,3,1,3,313,"Hutchins M, Kleiman DG, Geist V, McDade MC. 2003. Grzimek’s Animal Life Encyclopedia Second Edition, Volume 12-16 Mammals I-V. Gale, Farmington Hills, MI, USA.; Alderton, D. 1996. Rodents of the world. Facts on File, INC., NY, USA.; Macdonald, D. W. 2006. The Princeton Encyclopedia of Mammals. Princeton University Press, Princeton, NJ.",EN,1
2805,Phyllotis gerbillus,Muridae,Rodentia,3,1,3,313,"Hutchins M, Kleiman DG, Geist V, McDade MC. 2003. Grzimek’s Animal Life Encyclopedia Second Edition, Volume 12-16 Mammals I-V. Gale, Farmington Hills, MI, USA.; Alderton, D. 1996. Rodents of the world. Facts on File, INC., NY, USA.; Macdonald, D. W. 2006. The Princeton Encyclopedia of Mammals. Princeton University Press, Princeton, NJ.",LC,0
2806,Phyllotis haggardi,Muridae,Rodentia,3,1,3,313,"Hutchins M, Kleiman DG, Geist V, McDade MC. 2003. Grzimek’s Animal Life Encyclopedia Second Edition, Volume 12-16 Mammals I-V. Gale, Farmington Hills, MI, USA.; Alderton, D. 1996. Rodents of the world. Facts on File, INC., NY, USA.; Macdonald, D. W. 2006. The Princeton Encyclopedia of Mammals. Princeton University Press, Princeton, NJ.",LC,0
2807,Phyllotis magister,Muridae,Rodentia,3,1,3,313,"Hutchins M, Kleiman DG, Geist V, McDade MC. 2003. Grzimek’s Animal Life Encyclopedia Second Edition, Volume 12-16 Mammals I-V. Gale, Farmington Hills, MI, USA.; Alderton, D. 1996. Rodents of the world. Facts on File, INC., NY, USA.; Macdonald, D. W. 2006. The Princeton Encyclopedia of Mammals. Princeton University Press, Princeton, NJ.",LC,0
2809,Phyllotis osilae,Muridae,Rodentia,3,1,3,313,"Hutchins M, Kleiman DG, Geist V, McDade MC. 2003. Grzimek’s Animal Life Encyclopedia Second Edition, Volume 12-16 Mammals I-V. Gale, Farmington Hills, MI, USA.; Alderton, D. 1996. Rodents of the world. Facts on File, INC., NY, USA.; Macdonald, D. W. 2006. The Princeton Encyclopedia of Mammals. Princeton University Press, Princeton, NJ.",LC,0
2810,Phyllotis wolffsohni,Muridae,Rodentia,3,1,3,313,"Hutchins M, Kleiman DG, Geist V, McDade MC. 2003. Grzimek’s Animal Life Encyclopedia Second Edition, Volume 12-16 Mammals I-V. Gale, Farmington Hills, MI, USA.; Alderton, D. 1996. Rodents of the world. Facts on File, INC., NY, USA.; Macdonald, D. W. 2006. The Princeton Encyclopedia of Mammals. Princeton University Press, Princeton, NJ.",LC,0
2811,Phyllotis xanthopygus,Muridae,Rodentia,3,1,3,313,"Hutchins M, Kleiman DG, Geist V, McDade MC. 2003. Grzimek’s Animal Life Encyclopedia Second Edition, Volume 12-16 Mammals I-V. Gale, Farmington Hills, MI, USA.; Alderton, D. 1996. Rodents of the world. Facts on File, INC., NY, USA.; Macdonald, D. W. 2006. The Princeton Encyclopedia of Mammals. Princeton University Press, Princeton, NJ.",LC,0
2812,Rattus mordax,Muridae,Rodentia,3,1,3,313,"Hutchins M, Kleiman DG, Geist V, McDade MC. 2003. Grzimek’s Animal Life Encyclopedia Second Edition, Volume 12-16 Mammals I-V. Gale, Farmington Hills, MI, USA.; Flannery T. 1995. Mammals of New Guinea. Cornell University Press, Ithaca, NY.",LC,0
2813,Reithrodontomys brevirostris,Muridae,Rodentia,3,1,3,313,"Alderton, D. 1996. Rodents of the world. Facts on File, INC., NY, USA.",LC,0
2815,Reithrodontomys chrysopsis,Muridae,Rodentia,3,1,3,313,"Alderton, D. 1996. Rodents of the world. Facts on File, INC., NY, USA.",LC,0
2816,Reithrodontomys creper,Muridae,Rodentia,3,1,3,313,"Alderton, D. 1996. Rodents of the world. Facts on File, INC., NY, USA.",LC,0
2817,Reithrodontomys darienensis,Muridae,Rodentia,3,1,3,313,"Alderton, D. 1996. Rodents of the world. Facts on File, INC., NY, USA.",LC,0
2818,Reithrodontomys fulvescens,Muridae,Rodentia,3,1,3,313,"Alderton, D. 1996. Rodents of the world. Facts on File, INC., NY, USA.",LC,0
2819,Reithrodontomys gracilis,Muridae,Rodentia,3,1,3,313,"Alderton, D. 1996. Rodents of the world. Facts on File, INC., NY, USA.",LC,0
2820,Reithrodontomys hirsutus,Muridae,Rodentia,3,1,3,313,"Alderton, D. 1996. Rodents of the world. Facts on File, INC., NY, USA.",VU,1
2821,Reithrodontomys humulis,Muridae,Rodentia,3,1,3,313,"Alderton, D. 1996. Rodents of the world. Facts on File, INC., NY, USA.",LC,0
2822,Reithrodontomys megalotis,Muridae,Rodentia,3,1,3,313,"Alderton, D. 1996. Rodents of the world. Facts on File, INC., NY, USA.",LC,0
2823,Reithrodontomys mexicanus,Muridae,Rodentia,3,1,3,313,"Alderton, D. 1996. Rodents of the world. Facts on File, INC., NY, USA.",LC,0
2825,Reithrodontomys microdon,Muridae,Rodentia,3,1,3,313,"Alderton, D. 1996. Rodents of the world. Facts on File, INC., NY, USA.",LC,0
2826,Reithrodontomys montanus,Muridae,Rodentia,3,1,3,313,"Alderton, D. 1996. Rodents of the world. Facts on File, INC., NY, USA.",LC,0
2828,Reithrodontomys raviventris,Muridae,Rodentia,3,1,3,313,"Alderton, D. 1996. Rodents of the world. Facts on File, INC., NY, USA.",EN,1
2829,Reithrodontomys rodriguezi,Muridae,Rodentia,3,1,3,313,"Alderton, D. 1996. Rodents of the world. Facts on File, INC., NY, USA.",LC,0
2830,Reithrodontomys spectabilis,Muridae,Rodentia,3,1,3,313,"Alderton, D. 1996. Rodents of the world. Facts on File, INC., NY, USA.",CR,1
2831,Reithrodontomys sumichrasti,Muridae,Rodentia,3,1,3,313,"Alderton, D. 1996. Rodents of the world. Facts on File, INC., NY, USA.",LC,0
2832,Reithrodontomys tenuirostris,Muridae,Rodentia,3,1,3,313,"Alderton, D. 1996. Rodents of the world. Facts on File, INC., NY, USA.",EN,1
2833,Reithrodontomys zacatecae,Muridae,Rodentia,3,1,3,313,"Alderton, D. 1996. Rodents of the world. Facts on File, INC., NY, USA.",LC,0
2834,Rhabdomys pumilio,Muridae,Rodentia,3,1,3,313,"Hutchins M, Kleiman DG, Geist V, McDade MC. 2003. Grzimek’s Animal Life Encyclopedia Second Edition, Volume 12-16 Mammals I-V. Gale, Farmington Hills, MI, USA. ; Skinner, J. D., Chimimba, C. T. 2005. The Mammals of Southern African Subregion. Cambridge University Press, Cape Town, South Africa. ",LC,0
2835,Sigmodon inopinatus,Muridae,Rodentia,3,1,3,313,,VU,1
2836,Stochomys longicaudatus,Muridae,Rodentia,3,1,3,313,"Hutchins M, Kleiman DG, Geist V, McDade MC. 2003. Grzimek’s Animal Life Encyclopedia Second Edition, Volume 12-16 Mammals I-V. Gale, Farmington Hills, MI, USA. ; Nowak RM. 1999. Walker’s Mammals of the World, Vol. 2. Sixth Ed. The Johns Hopkins University Press, Maryland, USA.",LC,0
2838,Xenuromys barbatus,Muridae,Rodentia,3,1,3,313,"Hutchins M, Kleiman DG, Geist V, McDade MC. 2003. Grzimek’s Animal Life Encyclopedia Second Edition, Volume 12-16 Mammals I-V. Gale, Farmington Hills, MI, USA.; Flannery T. 1995. Mammals of New Guinea. Cornell University Press, Ithaca, NY.",LC,0
2839,Zelotomys hildegardeae,Muridae,Rodentia,3,1,3,313,"Hutchins M, Kleiman DG, Geist V, McDade MC. 2003. Grzimek’s Animal Life Encyclopedia Second Edition, Volume 12-16 Mammals I-V. Gale, Farmington Hills, MI, USA. ; Nowak RM. 1999. Walker’s Mammals of the World, Vol. 2. Sixth Ed. The Johns Hopkins University Press, Maryland, USA.",LC,0
2840,Zelotomys woosnami,Muridae,Rodentia,3,1,3,313,"Hutchins M, Kleiman DG, Geist V, McDade MC. 2003. Grzimek’s Animal Life Encyclopedia Second Edition, Volume 12-16 Mammals I-V. Gale, Farmington Hills, MI, USA. ; Skinner, J. D., Chimimba, C. T. 2005. The Mammals of Southern African Subregion. Cambridge University Press, Cape Town, South Africa. ",LC,0
2841,Myocastor coypus,Myocastoridae,Rodentia,3,1,3,313,"Hutchins M, Kleiman DG, Geist V, McDade MC. 2003. Grzimek’s Animal Life Encyclopedia Second Edition, Volume 12-16 Mammals I-V. Gale, Farmington Hills, MI, USA.",LC,0
2842,Ochotona alpina,Ochotonidae,Lagomorpha,3,1,3,313,"Hutchins M, Kleiman DG, Geist V, McDade MC. 2003. Grzimek’s Animal Life Encyclopedia Second Edition, Volume 12-16 Mammals I-V. Gale, Farmington Hills, MI, USA.",LC,0
2843,Ochotona collaris,Ochotonidae,Lagomorpha,3,1,3,313,"Hutchins M, Kleiman DG, Geist V, McDade MC. 2003. Grzimek’s Animal Life Encyclopedia Second Edition, Volume 12-16 Mammals I-V. Gale, Farmington Hills, MI, USA.",LC,0
2844,Ochotona erythrotis,Ochotonidae,Lagomorpha,3,1,3,313,"Hutchins M, Kleiman DG, Geist V, McDade MC. 2003. Grzimek’s Animal Life Encyclopedia Second Edition, Volume 12-16 Mammals I-V. Gale, Farmington Hills, MI, USA.",LC,0
2847,Ochotona hyperborea,Ochotonidae,Lagomorpha,3,1,3,313,"Hutchins M, Kleiman DG, Geist V, McDade MC. 2003. Grzimek’s Animal Life Encyclopedia Second Edition, Volume 12-16 Mammals I-V. Gale, Farmington Hills, MI, USA.",LC,0
2848,Ochotona iliensis,Ochotonidae,Lagomorpha,3,1,3,313,"Hutchins M, Kleiman DG, Geist V, McDade MC. 2003. Grzimek’s Animal Life Encyclopedia Second Edition, Volume 12-16 Mammals I-V. Gale, Farmington Hills, MI, USA.",EN,1
2849,Ochotona ladacensis,Ochotonidae,Lagomorpha,3,1,3,313,"Hutchins M, Kleiman DG, Geist V, McDade MC. 2003. Grzimek’s Animal Life Encyclopedia Second Edition, Volume 12-16 Mammals I-V. Gale, Farmington Hills, MI, USA.",LC,0
2850,Ochotona macrotis,Ochotonidae,Lagomorpha,3,1,3,313,"Hutchins M, Kleiman DG, Geist V, McDade MC. 2003. Grzimek’s Animal Life Encyclopedia Second Edition, Volume 12-16 Mammals I-V. Gale, Farmington Hills, MI, USA.",LC,0
2851,Ochotona nubrica,Ochotonidae,Lagomorpha,3,1,3,313,"Hutchins M, Kleiman DG, Geist V, McDade MC. 2003. Grzimek’s Animal Life Encyclopedia Second Edition, Volume 12-16 Mammals I-V. Gale, Farmington Hills, MI, USA.",LC,0
2852,Ochotona princeps,Ochotonidae,Lagomorpha,3,1,3,313,"Hutchins M, Kleiman DG, Geist V, McDade MC. 2003. Grzimek’s Animal Life Encyclopedia Second Edition, Volume 12-16 Mammals I-V. Gale, Farmington Hills, MI, USA.",LC,0
2853,Ochotona rutila,Ochotonidae,Lagomorpha,3,1,3,313,"Hutchins M, Kleiman DG, Geist V, McDade MC. 2003. Grzimek’s Animal Life Encyclopedia Second Edition, Volume 12-16 Mammals I-V. Gale, Farmington Hills, MI, USA.",LC,0
2854,Ochotona thibetana,Ochotonidae,Lagomorpha,3,1,3,313,"Hutchins M, Kleiman DG, Geist V, McDade MC. 2003. Grzimek’s Animal Life Encyclopedia Second Edition, Volume 12-16 Mammals I-V. Gale, Farmington Hills, MI, USA.",LC,0
2855,Prolagus sardus,Ochotonidae,Lagomorpha,3,1,3,313,"Hutchins M, Kleiman DG, Geist V, McDade MC. 2003. Grzimek’s Animal Life Encyclopedia Second Edition, Volume 12-16 Mammals I-V. Gale, Farmington Hills, MI, USA.",EX,1
2857,Chaeropus ecaudatus,Peramelidae,Peramelemorphia,3,3,3,333,"Hutchins M, Kleiman DG, Geist V, McDade MC. 2003. Grzimek’s Animal Life Encyclopedia Second Edition, Volume 12-16 Mammals I-V. Gale, Farmington Hills, MI, USA.",EX,1
2858,Isoodon auratus,Peramelidae,Peramelemorphia,3,3,3,333,"Hutchins M, Kleiman DG, Geist V, McDade MC. 2003. Grzimek’s Animal Life Encyclopedia Second Edition, Volume 12-16 Mammals I-V. Gale, Farmington Hills, MI, USA., Nowak RM. 1999. Walker’s Mammals of the World, Vol. 1. Sixth Ed. The Johns Hopkins University Press, Maryland, USA.",VU,1
2859,Isoodon macrourus,Peramelidae,Peramelemorphia,3,3,3,333,"Hutchins M, Kleiman DG, Geist V, McDade MC. 2003. Grzimek’s Animal Life Encyclopedia Second Edition, Volume 12-16 Mammals I-V. Gale, Farmington Hills, MI, USA., Nowak RM. 1999. Walker’s Mammals of the World, Vol. 1. Sixth Ed. The Johns Hopkins University Press, Maryland, USA.",LC,0
2860,Isoodon obesulus,Peramelidae,Peramelemorphia,3,3,3,333,"Hutchins M, Kleiman DG, Geist V, McDade MC. 2003. Grzimek’s Animal Life Encyclopedia Second Edition, Volume 12-16 Mammals I-V. Gale, Farmington Hills, MI, USA., Nowak RM. 1999. Walker’s Mammals of the World, Vol. 1. Sixth Ed. The Johns Hopkins University Press, Maryland, USA.",LC,0
2861,Echymipera kalubu,Peroryctidae,Peramelemorphia,3,3,3,333,"Hutchins M, Kleiman DG, Geist V, McDade MC. 2003. Grzimek’s Animal Life Encyclopedia Second Edition, Volume 12-16 Mammals I-V. Gale, Farmington Hills, MI, USA.; Flannery T. 1995. Mammals of New Guinea. Cornell University Press, Ithaca, NY.",LC,0
2862,Peroryctes broadbenti,Peroryctidae,Peramelemorphia,3,3,3,333,"Hutchins M, Kleiman DG, Geist V, McDade MC. 2003. Grzimek’s Animal Life Encyclopedia Second Edition, Volume 12-16 Mammals I-V. Gale, Farmington Hills, MI, USA.",EN,1
2863,Peroryctes raffrayana,Peroryctidae,Peramelemorphia,3,3,3,333,"Hutchins M, Kleiman DG, Geist V, McDade MC. 2003. Grzimek’s Animal Life Encyclopedia Second Edition, Volume 12-16 Mammals I-V. Gale, Farmington Hills, MI, USA.",LC,0
2864,Petromus typicus,Petromuridae,Rodentia,3,1,3,313,"Hutchins M, Kleiman DG, Geist V, McDade MC. 2003. Grzimek’s Animal Life Encyclopedia Second Edition, Volume 12-16 Mammals I-V. Gale, Farmington Hills, MI, USA.",LC,0
2865,Dendrohyrax arboreus,Procaviidae,Hyracoidea,3,1,3,313,"Hutchins M, Kleiman DG, Geist V, McDade MC. 2003. Grzimek’s Animal Life Encyclopedia Second Edition, Volume 12-16 Mammals I-V. Gale, Farmington Hills, MI, USA.",LC,0
2866,Dendrohyrax dorsalis,Procaviidae,Hyracoidea,3,1,3,313,"Hutchins M, Kleiman DG, Geist V, McDade MC. 2003. Grzimek’s Animal Life Encyclopedia Second Edition, Volume 12-16 Mammals I-V. Gale, Farmington Hills, MI, USA.",LC,0
2867,Dendrohyrax validus,Procaviidae,Hyracoidea,3,1,3,313,"Hutchins M, Kleiman DG, Geist V, McDade MC. 2003. Grzimek’s Animal Life Encyclopedia Second Edition, Volume 12-16 Mammals I-V. Gale, Farmington Hills, MI, USA.",NT,0
2869,Heterohyrax brucei,Procaviidae,Hyracoidea,3,1,3,313,"Hutchins M, Kleiman DG, Geist V, McDade MC. 2003. Grzimek’s Animal Life Encyclopedia Second Edition, Volume 12-16 Mammals I-V. Gale, Farmington Hills, MI, USA.",LC,0
2870,Procavia capensis,Procaviidae,Hyracoidea,3,1,3,313,"Hutchins M, Kleiman DG, Geist V, McDade MC. 2003. Grzimek’s Animal Life Encyclopedia Second Edition, Volume 12-16 Mammals I-V. Gale, Farmington Hills, MI, USA.",LC,0
2871,Ailurus fulgens,Procyonidae,Carnivora,3,1,3,313,"Hutchins M, Kleiman DG, Geist V, McDade MC. 2003. Grzimek’s Animal Life Encyclopedia Second Edition, Volume 12-16 Mammals I-V. Gale, Farmington Hills, MI, USA.",EN,1
2872,Nasua narica,Procyonidae,Carnivora,3,1,3,313,"Hutchins M, Kleiman DG, Geist V, McDade MC. 2003. Grzimek’s Animal Life Encyclopedia Second Edition, Volume 12-16 Mammals I-V. Gale, Farmington Hills, MI, USA., Nowak RM. 1999. Walker’s Mammals of the World, Vol. 1. Sixth Ed. The Johns Hopkins University Press, Maryland, USA. ",LC,0
2873,Petropseudes dahli,Pseudocheiridae,Diprotodontia,3,1,3,313,"Hutchins M, Kleiman DG, Geist V, McDade MC. 2003. Grzimek’s Animal Life Encyclopedia Second Edition, Volume 12-16 Mammals I-V. Gale, Farmington Hills, MI, USA.",LC,0
2874,Ceratotherium simum,Rhinocerotidae,Perissodactyla,3,1,3,313,"Hutchins M, Kleiman DG, Geist V, McDade MC. 2003. Grzimek’s Animal Life Encyclopedia Second Edition, Volume 12-16 Mammals I-V. Gale, Farmington Hills, MI, USA.",NT,0
2876,Dicerorhinus sumatrensis,Rhinocerotidae,Perissodactyla,3,1,3,313,"Hutchins M, Kleiman DG, Geist V, McDade MC. 2003. Grzimek’s Animal Life Encyclopedia Second Edition, Volume 12-16 Mammals I-V. Gale, Farmington Hills, MI, USA.",CR,1
2877,Diceros bicornis,Rhinocerotidae,Perissodactyla,3,1,3,313,"Hutchins M, Kleiman DG, Geist V, McDade MC. 2003. Grzimek’s Animal Life Encyclopedia Second Edition, Volume 12-16 Mammals I-V. Gale, Farmington Hills, MI, USA.",CR,1
2878,Rhinoceros sondaicus,Rhinocerotidae,Perissodactyla,3,1,3,313,"Hutchins M, Kleiman DG, Geist V, McDade MC. 2003. Grzimek’s Animal Life Encyclopedia Second Edition, Volume 12-16 Mammals I-V. Gale, Farmington Hills, MI, USA.",CR,1
2879,Rhinoceros unicornis,Rhinocerotidae,Perissodactyla,3,1,3,313,"Hutchins M, Kleiman DG, Geist V, McDade MC. 2003. Grzimek’s Animal Life Encyclopedia Second Edition, Volume 12-16 Mammals I-V. Gale, Farmington Hills, MI, USA.",VU,1
2882,Epixerus ebii,Sciuridae,Rodentia,3,1,3,313,"Nowak RM. 1999. Walker’s Mammals of the World, Vol. 2. Sixth Ed. The Johns Hopkins University Press, Maryland, USA.",LC,0
2884,Lariscus hosei,Sciuridae,Rodentia,3,1,3,313,"Nowak RM. 1999. Walker’s Mammals of the World, Vol. 2. Sixth Ed. The Johns Hopkins University Press, Maryland, USA.; Macdonald, D. W. 2006. The Princeton Encyclopedia of Mammals. Princeton University Press, Princeton, NJ.",LC,0
2885,Lariscus insignis,Sciuridae,Rodentia,3,1,3,313,"Nowak RM. 1999. Walker’s Mammals of the World, Vol. 2. Sixth Ed. The Johns Hopkins University Press, Maryland, USA.; Macdonald, D. W. 2006. The Princeton Encyclopedia of Mammals. Princeton University Press, Princeton, NJ.",LC,0
2888,Lariscus obscurus,Sciuridae,Rodentia,3,1,3,313,"Nowak RM. 1999. Walker’s Mammals of the World, Vol. 2. Sixth Ed. The Johns Hopkins University Press, Maryland, USA.; Macdonald, D. W. 2006. The Princeton Encyclopedia of Mammals. Princeton University Press, Princeton, NJ.",NT,0
2889,Marmota caligata,Sciuridae,Rodentia,3,1,3,313,"Hutchins M, Kleiman DG, Geist V, McDade MC. 2003. Grzimek’s Animal Life Encyclopedia Second Edition, Volume 12-16 Mammals I-V. Gale, Farmington Hills, MI, USA.",LC,0
2890,Marmota flaviventris,Sciuridae,Rodentia,3,1,3,313,"Hutchins M, Kleiman DG, Geist V, McDade MC. 2003. Grzimek’s Animal Life Encyclopedia Second Edition, Volume 12-16 Mammals I-V. Gale, Farmington Hills, MI, USA.",LC,0
2891,Rheithrosciurus macrotis,Sciuridae,Rodentia,3,1,3,313,"Nowak RM. 1999. Walker’s Mammals of the World, Vol. 2. Sixth Ed. The Johns Hopkins University Press, Maryland, USA.",VU,1
2892,Sciurotamias davidianus,Sciuridae,Rodentia,3,1,3,313,"Nowak RM. 1999. Walker’s Mammals of the World, Vol. 2. Sixth Ed. The Johns Hopkins University Press, Maryland, USA.; Hare T., Lambert M. 1997. Encyclopedia of Mammals, Volumes 1-16. Marshall Cavendish Corporation. New York, USA",LC,0
2893,Sciurotamias forresti,Sciuridae,Rodentia,3,1,3,313,"Nowak RM. 1999. Walker’s Mammals of the World, Vol. 2. Sixth Ed. The Johns Hopkins University Press, Maryland, USA.; Hare T., Lambert M. 1997. Encyclopedia of Mammals, Volumes 1-16. Marshall Cavendish Corporation. New York, USA",LC,0
2894,Sundasciurus lowii,Sciuridae,Rodentia,3,1,3,313,"Nowak RM. 1999. Walker’s Mammals of the World, Vol. 2. Sixth Ed. The Johns Hopkins University Press, Maryland, USA.",LC,0
2896,Tamiasciurus douglasii,Sciuridae,Rodentia,3,1,3,313,"Nowak RM. 1999. Walker’s Mammals of the World, Vol. 2. Sixth Ed. The Johns Hopkins University Press, Maryland, USA. ",LC,0
2897,Tamiasciurus mearnsi,Sciuridae,Rodentia,3,1,3,313,"Nowak RM. 1999. Walker’s Mammals of the World, Vol. 2. Sixth Ed. The Johns Hopkins University Press, Maryland, USA.",EN,1
2898,Babyrousa babyrussa,Suidae,Artiodactyla,3,1,3,313,"Hutchins M, Kleiman DG, Geist V, McDade MC. 2003. Grzimek’s Animal Life Encyclopedia Second Edition, Volume 12-16 Mammals I-V. Gale, Farmington Hills, MI, USA., Nowak RM. 1999. Walker’s Mammals of the World, Vol. 2. Sixth Ed. The Johns Hopkins University Press, Maryland, USA.",VU,1
2899,Hylochoerus meinertzhageni,Suidae,Artiodactyla,3,1,3,313,"Hutchins M, Kleiman DG, Geist V, McDade MC. 2003. Grzimek’s Animal Life Encyclopedia Second Edition, Volume 12-16 Mammals I-V. Gale, Farmington Hills, MI, USA., Nowak RM. 1999. Walker’s Mammals of the World, Vol. 2. Sixth Ed. The Johns Hopkins University Press, Maryland, USA.",LC,0
2900,Phacochoerus aethiopicus,Suidae,Artiodactyla,3,1,3,313,"Hutchins M, Kleiman DG, Geist V, McDade MC. 2003. Grzimek’s Animal Life Encyclopedia Second Edition, Volume 12-16 Mammals I-V. Gale, Farmington Hills, MI, USA., Nowak RM. 1999. Walker’s Mammals of the World, Vol. 2. Sixth Ed. The Johns Hopkins University Press, Maryland, USA.",LC,0
2901,Phacochoerus africanus,Suidae,Artiodactyla,3,1,3,313,"Hutchins M, Kleiman DG, Geist V, McDade MC. 2003. Grzimek’s Animal Life Encyclopedia Second Edition, Volume 12-16 Mammals I-V. Gale, Farmington Hills, MI, USA., Nowak RM. 1999. Walker’s Mammals of the World, Vol. 2. Sixth Ed. The Johns Hopkins University Press, Maryland, USA.",LC,0
2902,Potamochoerus larvatus,Suidae,Artiodactyla,3,1,3,313,"Hutchins M, Kleiman DG, Geist V, McDade MC. 2003. Grzimek’s Animal Life Encyclopedia Second Edition, Volume 12-16 Mammals I-V. Gale, Farmington Hills, MI, USA., Nowak RM. 1999. Walker’s Mammals of the World, Vol. 2. Sixth Ed. The Johns Hopkins University Press, Maryland, USA.",LC,0
2903,Potamochoerus porcus,Suidae,Artiodactyla,3,1,3,313,"Hutchins M, Kleiman DG, Geist V, McDade MC. 2003. Grzimek’s Animal Life Encyclopedia Second Edition, Volume 12-16 Mammals I-V. Gale, Farmington Hills, MI, USA., Nowak RM. 1999. Walker’s Mammals of the World, Vol. 2. Sixth Ed. The Johns Hopkins University Press, Maryland, USA.",LC,0
2904,Sus philippensis,Suidae,Artiodactyla,3,1,3,313,"Hutchins M, Kleiman DG, Geist V, McDade MC. 2003. Grzimek’s Animal Life Encyclopedia Second Edition, Volume 12-16 Mammals I-V. Gale, Farmington Hills, MI, USA.",VU,1
2905,Sus verrucosus,Suidae,Artiodactyla,3,1,3,313,"Hutchins M, Kleiman DG, Geist V, McDade MC. 2003. Grzimek’s Animal Life Encyclopedia Second Edition, Volume 12-16 Mammals I-V. Gale, Farmington Hills, MI, USA.",EN,1
2906,Tapirus bairdii,Tapiridae,Perissodactyla,3,1,3,313,"Hutchins M, Kleiman DG, Geist V, McDade MC. 2003. Grzimek’s Animal Life Encyclopedia Second Edition, Volume 12-16 Mammals I-V. Gale, Farmington Hills, MI, USA.",EN,1
2909,Tapirus indicus,Tapiridae,Perissodactyla,3,1,3,313,"Hutchins M, Kleiman DG, Geist V, McDade MC. 2003. Grzimek’s Animal Life Encyclopedia Second Edition, Volume 12-16 Mammals I-V. Gale, Farmington Hills, MI, USA.",EN,1
2910,Tapirus pinchaque,Tapiridae,Perissodactyla,3,1,3,313,"Hutchins M, Kleiman DG, Geist V, McDade MC. 2003. Grzimek’s Animal Life Encyclopedia Second Edition, Volume 12-16 Mammals I-V. Gale, Farmington Hills, MI, USA.",EN,1
2911,Tapirus terrestris,Tapiridae,Perissodactyla,3,1,3,313,"Hutchins M, Kleiman DG, Geist V, McDade MC. 2003. Grzimek’s Animal Life Encyclopedia Second Edition, Volume 12-16 Mammals I-V. Gale, Farmington Hills, MI, USA.",VU,1
2913,Catagonus wagneri,Tayassuidae,Artiodactyla,3,1,3,313,"Hutchins M, Kleiman DG, Geist V, McDade MC. 2003. Grzimek’s Animal Life Encyclopedia Second Edition, Volume 12-16 Mammals I-V. Gale, Farmington Hills, MI, USA.; Macdonald, D. W. 2006. The Princeton Encyclopedia of Mammals. Princeton University Press, Princeton, NJ. ",EN,1
2917,Tayassu pecari,Tayassuidae,Artiodactyla,3,1,3,313,"Hutchins M, Kleiman DG, Geist V, McDade MC. 2003. Grzimek’s Animal Life Encyclopedia Second Edition, Volume 12-16 Mammals I-V. Gale, Farmington Hills, MI, USA., Nowak RM. 1999. Walker’s Mammals of the World, Vol. 2. Sixth Ed. The Johns Hopkins University Press, Maryland, USA.",VU,1
2918,Thryonomys gregorianus,Thryonomyidae,Rodentia,3,1,3,313,"Hutchins M, Kleiman DG, Geist V, McDade MC. 2003. Grzimek’s Animal Life Encyclopedia Second Edition, Volume 12-16 Mammals I-V. Gale, Farmington Hills, MI, USA.",LC,0
2919,Thryonomys swinderianus,Thryonomyidae,Rodentia,3,1,3,313,"Hutchins M, Kleiman DG, Geist V, McDade MC. 2003. Grzimek’s Animal Life Encyclopedia Second Edition, Volume 12-16 Mammals I-V. Gale, Farmington Hills, MI, USA.",LC,0
2920,Hyemoschus aquaticus,Tragulidae,Artiodactyla,3,1,3,313,,LC,0
2921,Moschiola meminna,Tragulidae,Artiodactyla,3,1,3,313,,LC,0
2924,Tragulus napu,Tragulidae,Artiodactyla,3,1,3,313,,LC,0
2925,Ailuropoda melanoleuca,Ursidae,Carnivora,3,1,3,313,"Hutchins M, Kleiman DG, Geist V, McDade MC. 2003. Grzimek’s Animal Life Encyclopedia Second Edition, Volume 12-16 Mammals I-V. Gale, Farmington Hills, MI, USA.",VU,1
2926,Ursus arctos,Ursidae,Carnivora,3,1,3,313,"Hutchins M, Kleiman DG, Geist V, McDade MC. 2003. Grzimek’s Animal Life Encyclopedia Second Edition, Volume 12-16 Mammals I-V. Gale, Farmington Hills, MI, USA.; Beacham W., Beetz KH. 1998. Beacham's guide to international endangered species. Beacham Publishing Group. Osprey, Florida.",LC,0
2927,Babyrousa celebensis,Suidae,Cetartiodactyla,3,1,3,313,"Leus, K., Macdonald, A. A., Goodall, G. P., Veitch, D., Mitchell, S. and Bauwens, L. 2004. Light and scanning electron microscopy of the cardiac gland region of the stomach of the babirusa (Babyrousa babyrussa - Suidae, Mammalia). Comptes Rendus Biologies327: 735-743. Riley, J. 2002. Current Wildlife Conservation Society research and conservation of Sulawesi's suids. Asian Wild Pig News 2(2): 26-30.",VU,1
2928,Babyrousa togeanensis,Suidae,Cetartiodactyla,3,1,3,313,"Leus, K., Macdonald, A. A., Goodall, G. P., Veitch, D., Mitchell, S. and Bauwens, L. 2004. Light and scanning electron microscopy of the cardiac gland region of the stomach of the babirusa (Babyrousa babyrussa - Suidae, Mammalia). Comptes Rendus Biologies327: 735-743. Riley, J. 2002. Current Wildlife Conservation Society research and conservation of Sulawesi's suids. Asian Wild Pig News 2(2): 26-30.",EN,1
2929,Moschiola indica,Tragulidae,Cetartiodactyla,3,1,3,313,"Journal of the Bombay Natural History Society 69: 322-349. ; 
MacDonald, D. and Norris, S. (eds). 2001. The new encyclopaedia of mammals. pp. 1-930. Oxford University Press, Oxford, UK.",LC,0
2931,Abrocoma boliviensis,Abrocomidae,Rodentia,4,1,3,413,"Alderton, D. 1996. Rodents of the world. Facts on File, INC., NY, USA.",CR,1
2932,Abrocoma cinerea,Abrocomidae,Rodentia,4,1,3,413,"Hutchins M, Kleiman DG, Geist V, McDade MC. 2003. Grzimek’s Animal Life Encyclopedia Second Edition, Volume 12-16 Mammals I-V. Gale, Farmington Hills, MI, USA.",LC,0
2935,Aplodontia rufa,Aplodontidae,Rodentia,4,1,3,413,"Hutchins M, Kleiman DG, Geist V, McDade MC. 2003. Grzimek’s Animal Life Encyclopedia Second Edition, Volume 12-16 Mammals I-V. Gale, Farmington Hills, MI, USA.; Alderton, D. 1996. Rodents of the world. Facts on File, INC., NY, USA.",LC,0
2936,Capromys pilorides,Capromyidae,Rodentia,4,1,3,413,"Alderton, D. 1996. Rodents of the world. Facts on File, INC., NY, USA.",LC,0
2937,Dolichotis patagonum,Caviidae,Rodentia,4,1,3,413,"Hutchins M, Kleiman DG, Geist V, McDade MC. 2003. Grzimek’s Animal Life Encyclopedia Second Edition, Volume 12-16 Mammals I-V. Gale, Farmington Hills, MI, USA.",NT,0
2938,Dolichotis salinicola,Caviidae,Rodentia,4,1,3,413,"Hutchins M, Kleiman DG, Geist V, McDade MC. 2003. Grzimek’s Animal Life Encyclopedia Second Edition, Volume 12-16 Mammals I-V. Gale, Farmington Hills, MI, USA.",LC,0
2940,Galea spixii,Caviidae,Rodentia,4,1,3,413,"Alderton, D. 1996. Rodents of the world. Facts on File, INC., NY, USA.",LC,0
2941,Microcavia australis,Caviidae,Rodentia,4,1,3,413,"Hutchins M, Kleiman DG, Geist V, McDade MC. 2003. Grzimek’s Animal Life Encyclopedia Second Edition, Volume 12-16 Mammals I-V. Gale, Farmington Hills, MI, USA.",LC,0
2942,Microcavia niata,Caviidae,Rodentia,4,1,3,413,"Hutchins M, Kleiman DG, Geist V, McDade MC. 2003. Grzimek’s Animal Life Encyclopedia Second Edition, Volume 12-16 Mammals I-V. Gale, Farmington Hills, MI, USA.",LC,0
2943,Microcavia shiptoni,Caviidae,Rodentia,4,1,3,413,"Alderton, D. 1996. Rodents of the world. Facts on File, INC., NY, USA.",NT,0
2945,Lagidium viscacia,Chinchillidae,Rodentia,4,1,3,413,"Hutchins M, Kleiman DG, Geist V, McDade MC. 2003. Grzimek’s Animal Life Encyclopedia Second Edition, Volume 12-16 Mammals I-V. Gale, Farmington Hills, MI, USA.; Alderton, D. 1996. Rodents of the world. Facts on File, INC., NY, USA.",LC,0
2947,Lagostomus maximus,Chinchillidae,Rodentia,4,1,3,413,"Hutchins M, Kleiman DG, Geist V, McDade MC. 2003. Grzimek’s Animal Life Encyclopedia Second Edition, Volume 12-16 Mammals I-V. Gale, Farmington Hills, MI, USA.; Alderton, D. 1996. Rodents of the world. Facts on File, INC., NY, USA.",LC,0
2949,Dasyprocta coibae,Dasyproctidae,Rodentia,4,1,3,413,"Hutchins M, Kleiman DG, Geist V, McDade MC. 2003. Grzimek’s Animal Life Encyclopedia Second Edition, Volume 12-16 Mammals I-V. Gale, Farmington Hills, MI, USA.; Macdonald, D. W. 2006. The Princeton Encyclopedia of Mammals. Princeton University Press, Princeton, NJ.",NT,0
2951,Dasyprocta fuliginosa,Dasyproctidae,Rodentia,4,1,3,413,"Hutchins M, Kleiman DG, Geist V, McDade MC. 2003. Grzimek’s Animal Life Encyclopedia Second Edition, Volume 12-16 Mammals I-V. Gale, Farmington Hills, MI, USA.",LC,0
2952,Dasyprocta guamara,Dasyproctidae,Rodentia,4,1,3,413,"Hutchins M, Kleiman DG, Geist V, McDade MC. 2003. Grzimek’s Animal Life Encyclopedia Second Edition, Volume 12-16 Mammals I-V. Gale, Farmington Hills, MI, USA.",NT,0
2954,Dasyprocta mexicana,Dasyproctidae,Rodentia,4,1,3,413,"Hutchins M, Kleiman DG, Geist V, McDade MC. 2003. Grzimek’s Animal Life Encyclopedia Second Edition, Volume 12-16 Mammals I-V. Gale, Farmington Hills, MI, USA.; Macdonald, D. W. 2006. The Princeton Encyclopedia of Mammals. Princeton University Press, Princeton, NJ.",CR,1
2955,Dasyprocta prymnolopha,Dasyproctidae,Rodentia,4,1,3,413,"Hutchins M, Kleiman DG, Geist V, McDade MC. 2003. Grzimek’s Animal Life Encyclopedia Second Edition, Volume 12-16 Mammals I-V. Gale, Farmington Hills, MI, USA.",LC,0
2956,Dasyprocta punctata,Dasyproctidae,Rodentia,4,1,3,413,"Hutchins M, Kleiman DG, Geist V, McDade MC. 2003. Grzimek’s Animal Life Encyclopedia Second Edition, Volume 12-16 Mammals I-V. Gale, Farmington Hills, MI, USA.",LC,0
2957,Dasyprocta ruatanica,Dasyproctidae,Rodentia,4,1,3,413,"Hutchins M, Kleiman DG, Geist V, McDade MC. 2003. Grzimek’s Animal Life Encyclopedia Second Edition, Volume 12-16 Mammals I-V. Gale, Farmington Hills, MI, USA.",EN,1
2958,Myoprocta acouchy,Dasyproctidae,Rodentia,4,1,3,413,"Hutchins M, Kleiman DG, Geist V, McDade MC. 2003. Grzimek’s Animal Life Encyclopedia Second Edition, Volume 12-16 Mammals I-V. Gale, Farmington Hills, MI, USA.",LC,0
2960,Dinomys branickii,Dinomyidae,Rodentia,4,1,3,413,"Hutchins M, Kleiman DG, Geist V, McDade MC. 2003. Grzimek’s Animal Life Encyclopedia Second Edition, Volume 12-16 Mammals I-V. Gale, Farmington Hills, MI, USA., Nowak RM. 1999. Walker’s Mammals of the World, Vol. 2. Sixth Ed. The Johns Hopkins University Press, Maryland, USA.; Alderton, D. 1996. Rodents of the world. Facts on File, INC., NY, USA.",LC,0
2961,Allactaga balikunica,Dipodidae,Rodentia,4,1,3,413,"Hutchins M, Kleiman DG, Geist V, McDade MC. 2003. Grzimek’s Animal Life Encyclopedia Second Edition, Volume 12-16 Mammals I-V. Gale, Farmington Hills, MI, USA.; Macdonald, D. W. 2006. The Princeton Encyclopedia of Mammals. Princeton University Press, Princeton, NJ.",LC,0
2962,Allactaga bullata,Dipodidae,Rodentia,4,1,3,413,"Hutchins M, Kleiman DG, Geist V, McDade MC. 2003. Grzimek’s Animal Life Encyclopedia Second Edition, Volume 12-16 Mammals I-V. Gale, Farmington Hills, MI, USA.; Macdonald, D. W. 2006. The Princeton Encyclopedia of Mammals. Princeton University Press, Princeton, NJ.",LC,0
2963,Allactaga elater,Dipodidae,Rodentia,4,1,3,413,"Hutchins M, Kleiman DG, Geist V, McDade MC. 2003. Grzimek’s Animal Life Encyclopedia Second Edition, Volume 12-16 Mammals I-V. Gale, Farmington Hills, MI, USA., Nowak RM. 1999. Walker’s Mammals of the World, Vol. 2. Sixth Ed. The Johns Hopkins University Press, Maryland, USA.; Alderton, D. 1996. Rodents of the world. Facts on File, INC., NY, USA.",LC,0
2964,Allactaga euphratica,Dipodidae,Rodentia,4,1,3,413,"Hutchins M, Kleiman DG, Geist V, McDade MC. 2003. Grzimek’s Animal Life Encyclopedia Second Edition, Volume 12-16 Mammals I-V. Gale, Farmington Hills, MI, USA.; Macdonald, D. W. 2006. The Princeton Encyclopedia of Mammals. Princeton University Press, Princeton, NJ.",LC,0
2966,Allactaga hotsoni,Dipodidae,Rodentia,4,1,3,413,"Hutchins M, Kleiman DG, Geist V, McDade MC. 2003. Grzimek’s Animal Life Encyclopedia Second Edition, Volume 12-16 Mammals I-V. Gale, Farmington Hills, MI, USA.; Macdonald, D. W. 2006. The Princeton Encyclopedia of Mammals. Princeton University Press, Princeton, NJ.",LC,0
2967,Allactaga major,Dipodidae,Rodentia,4,1,3,413,"Hutchins M, Kleiman DG, Geist V, McDade MC. 2003. Grzimek’s Animal Life Encyclopedia Second Edition, Volume 12-16 Mammals I-V. Gale, Farmington Hills, MI, USA.; Macdonald, D. W. 2006. The Princeton Encyclopedia of Mammals. Princeton University Press, Princeton, NJ.",LC,0
2968,Allactaga severtzovi,Dipodidae,Rodentia,4,1,3,413,"Hutchins M, Kleiman DG, Geist V, McDade MC. 2003. Grzimek’s Animal Life Encyclopedia Second Edition, Volume 12-16 Mammals I-V. Gale, Farmington Hills, MI, USA.; Macdonald, D. W. 2006. The Princeton Encyclopedia of Mammals. Princeton University Press, Princeton, NJ.",LC,0
2969,Allactaga sibirica,Dipodidae,Rodentia,4,1,3,413,"Hutchins M, Kleiman DG, Geist V, McDade MC. 2003. Grzimek’s Animal Life Encyclopedia Second Edition, Volume 12-16 Mammals I-V. Gale, Farmington Hills, MI, USA.; Macdonald, D. W. 2006. The Princeton Encyclopedia of Mammals. Princeton University Press, Princeton, NJ.",LC,0
2971,Allactaga vinogradovi,Dipodidae,Rodentia,4,1,3,413,"Hutchins M, Kleiman DG, Geist V, McDade MC. 2003. Grzimek’s Animal Life Encyclopedia Second Edition, Volume 12-16 Mammals I-V. Gale, Farmington Hills, MI, USA.; Macdonald, D. W. 2006. The Princeton Encyclopedia of Mammals. Princeton University Press, Princeton, NJ.",NT,0
2972,Allactodipus bobrinskii,Dipodidae,Rodentia,4,1,3,413,"Hutchins M, Kleiman DG, Geist V, McDade MC. 2003. Grzimek’s Animal Life Encyclopedia Second Edition, Volume 12-16 Mammals I-V. Gale, Farmington Hills, MI, USA., Nowak RM. 1999. Walker’s Mammals of the World, Vol. 2. Sixth Ed. The Johns Hopkins University Press, Maryland, USA.; Alderton, D. 1996. Rodents of the world. Facts on File, INC., NY, USA.",LC,0
2974,Dipus sagitta,Dipodidae,Rodentia,4,1,3,413,"Hutchins M, Kleiman DG, Geist V, McDade MC. 2003. Grzimek’s Animal Life Encyclopedia Second Edition, Volume 12-16 Mammals I-V. Gale, Farmington Hills, MI, USA., Nowak RM. 1999. Walker’s Mammals of the World, Vol. 2. Sixth Ed. The Johns Hopkins University Press, Maryland, USA.; Alderton, D. 1996. Rodents of the world. Facts on File, INC., NY, USA.",LC,0
2975,Eremodipus lichtensteini,Dipodidae,Rodentia,4,1,3,413,"Hutchins M, Kleiman DG, Geist V, McDade MC. 2003. Grzimek’s Animal Life Encyclopedia Second Edition, Volume 12-16 Mammals I-V. Gale, Farmington Hills, MI, USA., Nowak RM. 1999. Walker’s Mammals of the World, Vol. 2. Sixth Ed. The Johns Hopkins University Press, Maryland, USA.; Alderton, D. 1996. Rodents of the world. Facts on File, INC., NY, USA.",LC,0
2976,Jaculus blanfordi,Dipodidae,Rodentia,4,3,3,433,"Hutchins M, Kleiman DG, Geist V, McDade MC. 2003. Grzimek’s Animal Life Encyclopedia Second Edition, Volume 12-16 Mammals I-V. Gale, Farmington Hills, MI, USA., Nowak RM. 1999. Walker’s Mammals of the World, Vol. 2. Sixth Ed. The Johns Hopkins University Press, Maryland, USA.; Alderton, D. 1996. Rodents of the world. Facts on File, INC., NY, USA.",LC,0
2977,Jaculus jaculus,Dipodidae,Rodentia,4,3,3,433,"Hutchins M, Kleiman DG, Geist V, McDade MC. 2003. Grzimek’s Animal Life Encyclopedia Second Edition, Volume 12-16 Mammals I-V. Gale, Farmington Hills, MI, USA., Nowak RM. 1999. Walker’s Mammals of the World, Vol. 2. Sixth Ed. The Johns Hopkins University Press, Maryland, USA.; Alderton, D. 1996. Rodents of the world. Facts on File, INC., NY, USA.",LC,0
2978,Jaculus orientalis,Dipodidae,Rodentia,4,3,3,433,"Hutchins M, Kleiman DG, Geist V, McDade MC. 2003. Grzimek’s Animal Life Encyclopedia Second Edition, Volume 12-16 Mammals I-V. Gale, Farmington Hills, MI, USA., Nowak RM. 1999. Walker’s Mammals of the World, Vol. 2. Sixth Ed. The Johns Hopkins University Press, Maryland, USA.; Alderton, D. 1996. Rodents of the world. Facts on File, INC., NY, USA.",LC,0
2980,Napaeozapus insignis,Dipodidae,Rodentia,4,1,3,413,"Hutchins M, Kleiman DG, Geist V, McDade MC. 2003. Grzimek’s Animal Life Encyclopedia Second Edition, Volume 12-16 Mammals I-V. Gale, Farmington Hills, MI, USA., Nowak RM. 1999. Walker’s Mammals of the World, Vol. 2. Sixth Ed. The Johns Hopkins University Press, Maryland, USA.; Alderton, D. 1996. Rodents of the world. Facts on File, INC., NY, USA.",LC,0
2981,Paradipus ctenodactylus,Dipodidae,Rodentia,4,1,3,413,"Hutchins M, Kleiman DG, Geist V, McDade MC. 2003. Grzimek’s Animal Life Encyclopedia Second Edition, Volume 12-16 Mammals I-V. Gale, Farmington Hills, MI, USA., Nowak RM. 1999. Walker’s Mammals of the World, Vol. 2. Sixth Ed. The Johns Hopkins University Press, Maryland, USA.; Alderton, D. 1996. Rodents of the world. Facts on File, INC., NY, USA.",LC,0
2982,Pygeretmus platyurus,Dipodidae,Rodentia,4,1,3,413,"Hutchins M, Kleiman DG, Geist V, McDade MC. 2003. Grzimek’s Animal Life Encyclopedia Second Edition, Volume 12-16 Mammals I-V. Gale, Farmington Hills, MI, USA., Nowak RM. 1999. Walker’s Mammals of the World, Vol. 2. Sixth Ed. The Johns Hopkins University Press, Maryland, USA.; Alderton, D. 1996. Rodents of the world. Facts on File, INC., NY, USA.; Wolff, J. O., Sherman P. W. 2007. Rodent Societies: An ecological and evolutionary perspective. The University of Chicago Press, Chicago, IL.",LC,0
2983,Pygeretmus pumilio,Dipodidae,Rodentia,4,1,3,413,"Hutchins M, Kleiman DG, Geist V, McDade MC. 2003. Grzimek’s Animal Life Encyclopedia Second Edition, Volume 12-16 Mammals I-V. Gale, Farmington Hills, MI, USA., Nowak RM. 1999. Walker’s Mammals of the World, Vol. 2. Sixth Ed. The Johns Hopkins University Press, Maryland, USA.; Alderton, D. 1996. Rodents of the world. Facts on File, INC., NY, USA.; Wolff, J. O., Sherman P. W. 2007. Rodent Societies: An ecological and evolutionary perspective. The University of Chicago Press, Chicago, IL.",LC,0
2985,Salpingotus crassicauda,Dipodidae,Rodentia,4,1,3,413,"Hutchins M, Kleiman DG, Geist V, McDade MC. 2003. Grzimek’s Animal Life Encyclopedia Second Edition, Volume 12-16 Mammals I-V. Gale, Farmington Hills, MI, USA.; Macdonald, D. W. 2006. The Princeton Encyclopedia of Mammals. Princeton University Press, Princeton, NJ.",LC,0
2986,Stylodipus andrewsi,Dipodidae,Rodentia,4,3,3,433,"Hutchins M, Kleiman DG, Geist V, McDade MC. 2003. Grzimek’s Animal Life Encyclopedia Second Edition, Volume 12-16 Mammals I-V. Gale, Farmington Hills, MI, USA., Nowak RM. 1999. Walker’s Mammals of the World, Vol. 2. Sixth Ed. The Johns Hopkins University Press, Maryland, USA.; Alderton, D. 1996. Rodents of the world. Facts on File, INC., NY, USA.",LC,0
2987,Stylodipus sungorus,Dipodidae,Rodentia,4,3,3,433,"Hutchins M, Kleiman DG, Geist V, McDade MC. 2003. Grzimek’s Animal Life Encyclopedia Second Edition, Volume 12-16 Mammals I-V. Gale, Farmington Hills, MI, USA., Nowak RM. 1999. Walker’s Mammals of the World, Vol. 2. Sixth Ed. The Johns Hopkins University Press, Maryland, USA.; Alderton, D. 1996. Rodents of the world. Facts on File, INC., NY, USA.",LC,0
2988,Stylodipus telum,Dipodidae,Rodentia,4,3,3,433,"Hutchins M, Kleiman DG, Geist V, McDade MC. 2003. Grzimek’s Animal Life Encyclopedia Second Edition, Volume 12-16 Mammals I-V. Gale, Farmington Hills, MI, USA., Nowak RM. 1999. Walker’s Mammals of the World, Vol. 2. Sixth Ed. The Johns Hopkins University Press, Maryland, USA.; Alderton, D. 1996. Rodents of the world. Facts on File, INC., NY, USA.",LC,0
2989,Zapus hudsonius,Dipodidae,Rodentia,4,3,3,433,"Hutchins M, Kleiman DG, Geist V, McDade MC. 2003. Grzimek’s Animal Life Encyclopedia Second Edition, Volume 12-16 Mammals I-V. Gale, Farmington Hills, MI, USA., Nowak RM. 1999. Walker’s Mammals of the World, Vol. 2. Sixth Ed. The Johns Hopkins University Press, Maryland, USA.; Alderton, D. 1996. Rodents of the world. Facts on File, INC., NY, USA.",LC,0
2990,Zapus princeps,Dipodidae,Rodentia,4,3,3,433,"Hutchins M, Kleiman DG, Geist V, McDade MC. 2003. Grzimek’s Animal Life Encyclopedia Second Edition, Volume 12-16 Mammals I-V. Gale, Farmington Hills, MI, USA., Nowak RM. 1999. Walker’s Mammals of the World, Vol. 2. Sixth Ed. The Johns Hopkins University Press, Maryland, USA.; Alderton, D. 1996. Rodents of the world. Facts on File, INC., NY, USA.",LC,0
2991,Zapus trinotatus,Dipodidae,Rodentia,4,3,3,433,"Hutchins M, Kleiman DG, Geist V, McDade MC. 2003. Grzimek’s Animal Life Encyclopedia Second Edition, Volume 12-16 Mammals I-V. Gale, Farmington Hills, MI, USA., Nowak RM. 1999. Walker’s Mammals of the World, Vol. 2. Sixth Ed. The Johns Hopkins University Press, Maryland, USA.; Alderton, D. 1996. Rodents of the world. Facts on File, INC., NY, USA.",LC,0
2993,Hoplomys gymnurus,Echimyidae,Rodentia,4,1,3,413,"Hutchins M, Kleiman DG, Geist V, McDade MC. 2003. Grzimek’s Animal Life Encyclopedia Second Edition, Volume 12-16 Mammals I-V. Gale, Farmington Hills, MI, USA.",LC,0
2997,Proechimys brevicauda,Echimyidae,Rodentia,4,1,3,413,"Alderton, D. 1996. Rodents of the world. Facts on File, INC., NY, USA.",LC,0
2998,Proechimys canicollis,Echimyidae,Rodentia,4,1,3,413,"Alderton, D. 1996. Rodents of the world. Facts on File, INC., NY, USA.",LC,0
3001,Proechimys cuvieri,Echimyidae,Rodentia,4,1,3,413,"Alderton, D. 1996. Rodents of the world. Facts on File, INC., NY, USA.",LC,0
3002,Proechimys decumanus,Echimyidae,Rodentia,4,1,3,413,"Alderton, D. 1996. Rodents of the world. Facts on File, INC., NY, USA.",NT,0
3004,Proechimys goeldii,Echimyidae,Rodentia,4,1,3,413,"Alderton, D. 1996. Rodents of the world. Facts on File, INC., NY, USA.",LC,0
3006,Proechimys guairae,Echimyidae,Rodentia,4,1,3,413,"Alderton, D. 1996. Rodents of the world. Facts on File, INC., NY, USA.",LC,0
3011,Proechimys longicaudatus,Echimyidae,Rodentia,4,1,3,413,"Alderton, D. 1996. Rodents of the world. Facts on File, INC., NY, USA.",LC,0
3018,Proechimys quadruplicatus,Echimyidae,Rodentia,4,1,3,413,"Alderton, D. 1996. Rodents of the world. Facts on File, INC., NY, USA.",LC,0
3019,Proechimys semispinosus,Echimyidae,Rodentia,4,1,3,413,"Hutchins M, Kleiman DG, Geist V, McDade MC. 2003. Grzimek’s Animal Life Encyclopedia Second Edition, Volume 12-16 Mammals I-V. Gale, Farmington Hills, MI, USA.",LC,0
3021,Proechimys simonsi,Echimyidae,Rodentia,4,1,3,413,"Alderton, D. 1996. Rodents of the world. Facts on File, INC., NY, USA.",LC,0
3022,Proechimys steerei,Echimyidae,Rodentia,4,1,3,413,"Alderton, D. 1996. Rodents of the world. Facts on File, INC., NY, USA.",LC,0
3026,Orthogeomys cavator,Geomyidae,Rodentia,4,1,3,413,"Hutchins M, Kleiman DG, Geist V, McDade MC. 2003. Grzimek’s Animal Life Encyclopedia Second Edition, Volume 12-16 Mammals I-V. Gale, Farmington Hills, MI, USA., Nowak RM. 1999. Walker’s Mammals of the World, Vol. 2. Sixth Ed. The Johns Hopkins University Press, Maryland, USA.",LC,0
3030,Orthogeomys grandis,Geomyidae,Rodentia,4,1,3,413,"Nowak RM. 1999. Walker’s Mammals of the World, Vol. 2. Sixth Ed. The Johns Hopkins University Press, Maryland, USA.",LC,0
3031,Orthogeomys heterodus,Geomyidae,Rodentia,4,1,3,413,"Hutchins M, Kleiman DG, Geist V, McDade MC. 2003. Grzimek’s Animal Life Encyclopedia Second Edition, Volume 12-16 Mammals I-V. Gale, Farmington Hills, MI, USA., Nowak RM. 1999. Walker’s Mammals of the World, Vol. 2. Sixth Ed. The Johns Hopkins University Press, Maryland, USA.",LC,0
3032,Orthogeomys hispidus,Geomyidae,Rodentia,4,1,3,413,"Hutchins M, Kleiman DG, Geist V, McDade MC. 2003. Grzimek’s Animal Life Encyclopedia Second Edition, Volume 12-16 Mammals I-V. Gale, Farmington Hills, MI, USA., Nowak RM. 1999. Walker’s Mammals of the World, Vol. 2. Sixth Ed. The Johns Hopkins University Press, Maryland, USA.",LC,0
3036,Orthogeomys underwoodi,Geomyidae,Rodentia,4,1,3,413,"Hutchins M, Kleiman DG, Geist V, McDade MC. 2003. Grzimek’s Animal Life Encyclopedia Second Edition, Volume 12-16 Mammals I-V. Gale, Farmington Hills, MI, USA., Nowak RM. 1999. Walker’s Mammals of the World, Vol. 2. Sixth Ed. The Johns Hopkins University Press, Maryland, USA.",LC,0
3037,Chaetodipus arenarius,Heteromyidae,Rodentia,4,1,3,413,"Hutchins M, Kleiman DG, Geist V, McDade MC. 2003. Grzimek’s Animal Life Encyclopedia Second Edition, Volume 12-16 Mammals I-V. Gale, Farmington Hills, MI, USA.; Wolff, J. O., Sherman P. W. 2007. Rodent Societies: An ecological and evolutionary perspective. The University of Chicago Press, Chicago, IL. ",LC,0
3038,Chaetodipus artus,Heteromyidae,Rodentia,4,1,3,413,"Hutchins M, Kleiman DG, Geist V, McDade MC. 2003. Grzimek’s Animal Life Encyclopedia Second Edition, Volume 12-16 Mammals I-V. Gale, Farmington Hills, MI, USA.; Wolff, J. O., Sherman P. W. 2007. Rodent Societies: An ecological and evolutionary perspective. The University of Chicago Press, Chicago, IL. ",LC,0
3039,Chaetodipus baileyi,Heteromyidae,Rodentia,4,1,3,413,"Hutchins M, Kleiman DG, Geist V, McDade MC. 2003. Grzimek’s Animal Life Encyclopedia Second Edition, Volume 12-16 Mammals I-V. Gale, Farmington Hills, MI, USA.",LC,0
3040,Chaetodipus fallax,Heteromyidae,Rodentia,4,1,3,413,"Hutchins M, Kleiman DG, Geist V, McDade MC. 2003. Grzimek’s Animal Life Encyclopedia Second Edition, Volume 12-16 Mammals I-V. Gale, Farmington Hills, MI, USA.; Wolff, J. O., Sherman P. W. 2007. Rodent Societies: An ecological and evolutionary perspective. The University of Chicago Press, Chicago, IL. ",LC,0
3041,Chaetodipus formosus,Heteromyidae,Rodentia,4,1,3,413,"Hutchins M, Kleiman DG, Geist V, McDade MC. 2003. Grzimek’s Animal Life Encyclopedia Second Edition, Volume 12-16 Mammals I-V. Gale, Farmington Hills, MI, USA.; Wolff, J. O., Sherman P. W. 2007. Rodent Societies: An ecological and evolutionary perspective. The University of Chicago Press, Chicago, IL. ",LC,0
3042,Chaetodipus goldmani,Heteromyidae,Rodentia,4,1,3,413,"Hutchins M, Kleiman DG, Geist V, McDade MC. 2003. Grzimek’s Animal Life Encyclopedia Second Edition, Volume 12-16 Mammals I-V. Gale, Farmington Hills, MI, USA.; Wolff, J. O., Sherman P. W. 2007. Rodent Societies: An ecological and evolutionary perspective. The University of Chicago Press, Chicago, IL. ",NT,0
3043,Chaetodipus hispidus,Heteromyidae,Rodentia,4,1,3,413,"Hutchins M, Kleiman DG, Geist V, McDade MC. 2003. Grzimek’s Animal Life Encyclopedia Second Edition, Volume 12-16 Mammals I-V. Gale, Farmington Hills, MI, USA.",LC,0
3044,Chaetodipus intermedius,Heteromyidae,Rodentia,4,1,3,413,"Hutchins M, Kleiman DG, Geist V, McDade MC. 2003. Grzimek’s Animal Life Encyclopedia Second Edition, Volume 12-16 Mammals I-V. Gale, Farmington Hills, MI, USA.; Wolff, J. O., Sherman P. W. 2007. Rodent Societies: An ecological and evolutionary perspective. The University of Chicago Press, Chicago, IL. ",LC,0
3046,Chaetodipus nelsoni,Heteromyidae,Rodentia,4,1,3,413,"Hutchins M, Kleiman DG, Geist V, McDade MC. 2003. Grzimek’s Animal Life Encyclopedia Second Edition, Volume 12-16 Mammals I-V. Gale, Farmington Hills, MI, USA.",LC,0
3047,Chaetodipus penicillatus,Heteromyidae,Rodentia,4,1,3,413,"Hutchins M, Kleiman DG, Geist V, McDade MC. 2003. Grzimek’s Animal Life Encyclopedia Second Edition, Volume 12-16 Mammals I-V. Gale, Farmington Hills, MI, USA.",LC,0
3048,Chaetodipus pernix,Heteromyidae,Rodentia,4,1,3,413,"Hutchins M, Kleiman DG, Geist V, McDade MC. 2003. Grzimek’s Animal Life Encyclopedia Second Edition, Volume 12-16 Mammals I-V. Gale, Farmington Hills, MI, USA.",LC,0
3049,Chaetodipus spinatus,Heteromyidae,Rodentia,4,1,3,413,"Hutchins M, Kleiman DG, Geist V, McDade MC. 2003. Grzimek’s Animal Life Encyclopedia Second Edition, Volume 12-16 Mammals I-V. Gale, Farmington Hills, MI, USA.",LC,0
3050,Dipodomys agilis,Heteromyidae,Rodentia,4,3,3,433,"Hutchins M, Kleiman DG, Geist V, McDade MC. 2003. Grzimek’s Animal Life Encyclopedia Second Edition, Volume 12-16 Mammals I-V. Gale, Farmington Hills, MI, USA., Nowak RM. 1999. Walker’s Mammals of the World, Vol. 2. Sixth Ed. The Johns Hopkins University Press, Maryland, USA.",LC,0
3051,Dipodomys californicus,Heteromyidae,Rodentia,4,3,3,433,"Hutchins M, Kleiman DG, Geist V, McDade MC. 2003. Grzimek’s Animal Life Encyclopedia Second Edition, Volume 12-16 Mammals I-V. Gale, Farmington Hills, MI, USA., Nowak RM. 1999. Walker’s Mammals of the World, Vol. 2. Sixth Ed. The Johns Hopkins University Press, Maryland, USA.",LC,0
3052,Dipodomys compactus,Heteromyidae,Rodentia,4,3,3,433,"Hutchins M, Kleiman DG, Geist V, McDade MC. 2003. Grzimek’s Animal Life Encyclopedia Second Edition, Volume 12-16 Mammals I-V. Gale, Farmington Hills, MI, USA., Nowak RM. 1999. Walker’s Mammals of the World, Vol. 2. Sixth Ed. The Johns Hopkins University Press, Maryland, USA.",LC,0
3053,Dipodomys deserti,Heteromyidae,Rodentia,4,3,3,433,"Hutchins M, Kleiman DG, Geist V, McDade MC. 2003. Grzimek’s Animal Life Encyclopedia Second Edition, Volume 12-16 Mammals I-V. Gale, Farmington Hills, MI, USA., Nowak RM. 1999. Walker’s Mammals of the World, Vol. 2. Sixth Ed. The Johns Hopkins University Press, Maryland, USA.",LC,0
3054,Dipodomys elator,Heteromyidae,Rodentia,4,3,3,433,"Hutchins M, Kleiman DG, Geist V, McDade MC. 2003. Grzimek’s Animal Life Encyclopedia Second Edition, Volume 12-16 Mammals I-V. Gale, Farmington Hills, MI, USA., Nowak RM. 1999. Walker’s Mammals of the World, Vol. 2. Sixth Ed. The Johns Hopkins University Press, Maryland, USA.",VU,1
3056,Dipodomys gravipes,Heteromyidae,Rodentia,4,3,3,433,"Hutchins M, Kleiman DG, Geist V, McDade MC. 2003. Grzimek’s Animal Life Encyclopedia Second Edition, Volume 12-16 Mammals I-V. Gale, Farmington Hills, MI, USA., Nowak RM. 1999. Walker’s Mammals of the World, Vol. 2. Sixth Ed. The Johns Hopkins University Press, Maryland, USA.",CR,1
3057,Dipodomys heermanni,Heteromyidae,Rodentia,4,3,3,433,"Hutchins M, Kleiman DG, Geist V, McDade MC. 2003. Grzimek’s Animal Life Encyclopedia Second Edition, Volume 12-16 Mammals I-V. Gale, Farmington Hills, MI, USA., Nowak RM. 1999. Walker’s Mammals of the World, Vol. 2. Sixth Ed. The Johns Hopkins University Press, Maryland, USA.",LC,0
3058,Dipodomys ingens,Heteromyidae,Rodentia,4,3,3,433,"Hutchins M, Kleiman DG, Geist V, McDade MC. 2003. Grzimek’s Animal Life Encyclopedia Second Edition, Volume 12-16 Mammals I-V. Gale, Farmington Hills, MI, USA., Nowak RM. 1999. Walker’s Mammals of the World, Vol. 2. Sixth Ed. The Johns Hopkins University Press, Maryland, USA.",EN,1
3061,Dipodomys merriami,Heteromyidae,Rodentia,4,3,3,433,"Hutchins M, Kleiman DG, Geist V, McDade MC. 2003. Grzimek’s Animal Life Encyclopedia Second Edition, Volume 12-16 Mammals I-V. Gale, Farmington Hills, MI, USA., Nowak RM. 1999. Walker’s Mammals of the World, Vol. 2. Sixth Ed. The Johns Hopkins University Press, Maryland, USA.",LC,0
3062,Dipodomys microps,Heteromyidae,Rodentia,4,3,3,433,"Hutchins M, Kleiman DG, Geist V, McDade MC. 2003. Grzimek’s Animal Life Encyclopedia Second Edition, Volume 12-16 Mammals I-V. Gale, Farmington Hills, MI, USA., Nowak RM. 1999. Walker’s Mammals of the World, Vol. 2. Sixth Ed. The Johns Hopkins University Press, Maryland, USA.",LC,0
3063,Dipodomys nelsoni,Heteromyidae,Rodentia,4,3,3,433,"Hutchins M, Kleiman DG, Geist V, McDade MC. 2003. Grzimek’s Animal Life Encyclopedia Second Edition, Volume 12-16 Mammals I-V. Gale, Farmington Hills, MI, USA., Nowak RM. 1999. Walker’s Mammals of the World, Vol. 2. Sixth Ed. The Johns Hopkins University Press, Maryland, USA.",LC,0
3064,Dipodomys nitratoides,Heteromyidae,Rodentia,4,3,3,433,"Hutchins M, Kleiman DG, Geist V, McDade MC. 2003. Grzimek’s Animal Life Encyclopedia Second Edition, Volume 12-16 Mammals I-V. Gale, Farmington Hills, MI, USA., Nowak RM. 1999. Walker’s Mammals of the World, Vol. 2. Sixth Ed. The Johns Hopkins University Press, Maryland, USA.",VU,1
3065,Dipodomys ordii,Heteromyidae,Rodentia,4,3,3,433,"Hutchins M, Kleiman DG, Geist V, McDade MC. 2003. Grzimek’s Animal Life Encyclopedia Second Edition, Volume 12-16 Mammals I-V. Gale, Farmington Hills, MI, USA., Nowak RM. 1999. Walker’s Mammals of the World, Vol. 2. Sixth Ed. The Johns Hopkins University Press, Maryland, USA.",LC,0
3066,Dipodomys panamintinus,Heteromyidae,Rodentia,4,3,3,433,"Hutchins M, Kleiman DG, Geist V, McDade MC. 2003. Grzimek’s Animal Life Encyclopedia Second Edition, Volume 12-16 Mammals I-V. Gale, Farmington Hills, MI, USA., Nowak RM. 1999. Walker’s Mammals of the World, Vol. 2. Sixth Ed. The Johns Hopkins University Press, Maryland, USA.",LC,0
3067,Dipodomys phillipsii,Heteromyidae,Rodentia,4,3,3,433,"Hutchins M, Kleiman DG, Geist V, McDade MC. 2003. Grzimek’s Animal Life Encyclopedia Second Edition, Volume 12-16 Mammals I-V. Gale, Farmington Hills, MI, USA., Nowak RM. 1999. Walker’s Mammals of the World, Vol. 2. Sixth Ed. The Johns Hopkins University Press, Maryland, USA.",LC,0
3068,Dipodomys spectabilis,Heteromyidae,Rodentia,4,3,3,433,"Hutchins M, Kleiman DG, Geist V, McDade MC. 2003. Grzimek’s Animal Life Encyclopedia Second Edition, Volume 12-16 Mammals I-V. Gale, Farmington Hills, MI, USA., Nowak RM. 1999. Walker’s Mammals of the World, Vol. 2. Sixth Ed. The Johns Hopkins University Press, Maryland, USA.",NT,0
3069,Dipodomys stephensi,Heteromyidae,Rodentia,4,3,3,433,"Hutchins M, Kleiman DG, Geist V, McDade MC. 2003. Grzimek’s Animal Life Encyclopedia Second Edition, Volume 12-16 Mammals I-V. Gale, Farmington Hills, MI, USA., Nowak RM. 1999. Walker’s Mammals of the World, Vol. 2. Sixth Ed. The Johns Hopkins University Press, Maryland, USA.",VU,1
3070,Dipodomys venustus,Heteromyidae,Rodentia,4,3,3,433,"Hutchins M, Kleiman DG, Geist V, McDade MC. 2003. Grzimek’s Animal Life Encyclopedia Second Edition, Volume 12-16 Mammals I-V. Gale, Farmington Hills, MI, USA., Nowak RM. 1999. Walker’s Mammals of the World, Vol. 2. Sixth Ed. The Johns Hopkins University Press, Maryland, USA.",LC,0
3071,Heteromys anomalus,Heteromyidae,Rodentia,4,1,3,413,"Hutchins M, Kleiman DG, Geist V, McDade MC. 2003. Grzimek’s Animal Life Encyclopedia Second Edition, Volume 12-16 Mammals I-V. Gale, Farmington Hills, MI, USA., Nowak RM. 1999. Walker’s Mammals of the World, Vol. 1. Sixth Ed. The Johns Hopkins University Press, Maryland, USA.",LC,0
3072,Heteromys australis,Heteromyidae,Rodentia,4,1,3,413,"Hutchins M, Kleiman DG, Geist V, McDade MC. 2003. Grzimek’s Animal Life Encyclopedia Second Edition, Volume 12-16 Mammals I-V. Gale, Farmington Hills, MI, USA., Nowak RM. 1999. Walker’s Mammals of the World, Vol. 1. Sixth Ed. The Johns Hopkins University Press, Maryland, USA.",LC,0
3073,Heteromys desmarestianus,Heteromyidae,Rodentia,4,1,3,413,"Hutchins M, Kleiman DG, Geist V, McDade MC. 2003. Grzimek’s Animal Life Encyclopedia Second Edition, Volume 12-16 Mammals I-V. Gale, Farmington Hills, MI, USA.",LC,0
3074,Heteromys gaumeri,Heteromyidae,Rodentia,4,1,3,413,"Hutchins M, Kleiman DG, Geist V, McDade MC. 2003. Grzimek’s Animal Life Encyclopedia Second Edition, Volume 12-16 Mammals I-V. Gale, Farmington Hills, MI, USA., Nowak RM. 1999. Walker’s Mammals of the World, Vol. 1. Sixth Ed. The Johns Hopkins University Press, Maryland, USA.",LC,0
3076,Heteromys nelsoni,Heteromyidae,Rodentia,4,1,3,413,"Hutchins M, Kleiman DG, Geist V, McDade MC. 2003. Grzimek’s Animal Life Encyclopedia Second Edition, Volume 12-16 Mammals I-V. Gale, Farmington Hills, MI, USA.",EN,1
3077,Heteromys oresterus,Heteromyidae,Rodentia,4,1,3,413,"Hutchins M, Kleiman DG, Geist V, McDade MC. 2003. Grzimek’s Animal Life Encyclopedia Second Edition, Volume 12-16 Mammals I-V. Gale, Farmington Hills, MI, USA., Nowak RM. 1999. Walker’s Mammals of the World, Vol. 1. Sixth Ed. The Johns Hopkins University Press, Maryland, USA.",LC,0
3083,Microdipodops megacephalus,Heteromyidae,Rodentia,4,1,3,413,"Hutchins M, Kleiman DG, Geist V, McDade MC. 2003. Grzimek’s Animal Life Encyclopedia Second Edition, Volume 12-16 Mammals I-V. Gale, Farmington Hills, MI, USA., Nowak RM. 1999. Walker’s Mammals of the World, Vol. 2. Sixth Ed. The Johns Hopkins University Press, Maryland, USA.",LC,0
3084,Microdipodops pallidus,Heteromyidae,Rodentia,4,1,3,413,"Hutchins M, Kleiman DG, Geist V, McDade MC. 2003. Grzimek’s Animal Life Encyclopedia Second Edition, Volume 12-16 Mammals I-V. Gale, Farmington Hills, MI, USA., Nowak RM. 1999. Walker’s Mammals of the World, Vol. 2. Sixth Ed. The Johns Hopkins University Press, Maryland, USA.",LC,0
3085,Perognathus alticola,Heteromyidae,Rodentia,4,1,3,413,"Hutchins M, Kleiman DG, Geist V, McDade MC. 2003. Grzimek’s Animal Life Encyclopedia Second Edition, Volume 12-16 Mammals I-V. Gale, Farmington Hills, MI, USA., Nowak RM. 1999. Walker’s Mammals of the World, Vol. 2. Sixth Ed. The Johns Hopkins University Press, Maryland, USA.",VU,1
3086,Perognathus amplus,Heteromyidae,Rodentia,4,1,3,413,"Hutchins M, Kleiman DG, Geist V, McDade MC. 2003. Grzimek’s Animal Life Encyclopedia Second Edition, Volume 12-16 Mammals I-V. Gale, Farmington Hills, MI, USA., Nowak RM. 1999. Walker’s Mammals of the World, Vol. 2. Sixth Ed. The Johns Hopkins University Press, Maryland, USA.",LC,0
3087,Perognathus fasciatus,Heteromyidae,Rodentia,4,1,3,413,"Hutchins M, Kleiman DG, Geist V, McDade MC. 2003. Grzimek’s Animal Life Encyclopedia Second Edition, Volume 12-16 Mammals I-V. Gale, Farmington Hills, MI, USA.",LC,0
3088,Perognathus flavescens,Heteromyidae,Rodentia,4,1,3,413,"Klein, S., 1983. The encyclopedia of North American wildlife. Facts on File, INC., NY, USA., Nowak RM. 1999. Walker’s Mammals of the World, Vol. 2. Sixth Ed. The Johns Hopkins University Press, Maryland, USA.",LC,0
3089,Perognathus flavus,Heteromyidae,Rodentia,4,1,3,413,"Hutchins M, Kleiman DG, Geist V, McDade MC. 2003. Grzimek’s Animal Life Encyclopedia Second Edition, Volume 12-16 Mammals I-V. Gale, Farmington Hills, MI, USA.",LC,0
3090,Perognathus inornatus,Heteromyidae,Rodentia,4,1,3,413,"Hutchins M, Kleiman DG, Geist V, McDade MC. 2003. Grzimek’s Animal Life Encyclopedia Second Edition, Volume 12-16 Mammals I-V. Gale, Farmington Hills, MI, USA.",LC,0
3091,Perognathus longimembris,Heteromyidae,Rodentia,4,1,3,413,"Hutchins M, Kleiman DG, Geist V, McDade MC. 2003. Grzimek’s Animal Life Encyclopedia Second Edition, Volume 12-16 Mammals I-V. Gale, Farmington Hills, MI, USA., Nowak RM. 1999. Walker’s Mammals of the World, Vol. 2. Sixth Ed. The Johns Hopkins University Press, Maryland, USA.",LC,0
3092,Perognathus parvus,Heteromyidae,Rodentia,4,1,3,413,"Hutchins M, Kleiman DG, Geist V, McDade MC. 2003. Grzimek’s Animal Life Encyclopedia Second Edition, Volume 12-16 Mammals I-V. Gale, Farmington Hills, MI, USA., Nowak RM. 1999. Walker’s Mammals of the World, Vol. 2. Sixth Ed. The Johns Hopkins University Press, Maryland, USA.",LC,0
3094,Atherurus africanus,Hystricidae,Rodentia,4,1,3,413,"Hutchins M, Kleiman DG, Geist V, McDade MC. 2003. Grzimek’s Animal Life Encyclopedia Second Edition, Volume 12-16 Mammals I-V. Gale, Farmington Hills, MI, USA.; Alderton, D. 1996. Rodents of the world. Facts on File, INC., NY, USA.",LC,0
3095,Atherurus macrourus,Hystricidae,Rodentia,4,1,3,413,"Hutchins M, Kleiman DG, Geist V, McDade MC. 2003. Grzimek’s Animal Life Encyclopedia Second Edition, Volume 12-16 Mammals I-V. Gale, Farmington Hills, MI, USA.",LC,0
3096,Hystrix africaeaustralis,Hystricidae,Rodentia,4,1,3,413,"Hutchins M, Kleiman DG, Geist V, McDade MC. 2003. Grzimek’s Animal Life Encyclopedia Second Edition, Volume 12-16 Mammals I-V. Gale, Farmington Hills, MI, USA.",LC,0
3097,Hystrix brachyura,Hystricidae,Rodentia,4,1,3,413,"Hutchins M, Kleiman DG, Geist V, McDade MC. 2003. Grzimek’s Animal Life Encyclopedia Second Edition, Volume 12-16 Mammals I-V. Gale, Farmington Hills, MI, USA.",LC,0
3098,Hystrix crassispinis,Hystricidae,Rodentia,4,1,3,413,"Hutchins M, Kleiman DG, Geist V, McDade MC. 2003. Grzimek’s Animal Life Encyclopedia Second Edition, Volume 12-16 Mammals I-V. Gale, Farmington Hills, MI, USA.; Alderton, D. 1996. Rodents of the world. Facts on File, INC., NY, USA.",LC,0
3099,Hystrix cristata,Hystricidae,Rodentia,4,1,3,413,"Hutchins M, Kleiman DG, Geist V, McDade MC. 2003. Grzimek’s Animal Life Encyclopedia Second Edition, Volume 12-16 Mammals I-V. Gale, Farmington Hills, MI, USA.",LC,0
3100,Hystrix indica,Hystricidae,Rodentia,4,1,3,413,"Hutchins M, Kleiman DG, Geist V, McDade MC. 2003. Grzimek’s Animal Life Encyclopedia Second Edition, Volume 12-16 Mammals I-V. Gale, Farmington Hills, MI, USA.",LC,0
3101,Hystrix javanica,Hystricidae,Rodentia,4,1,3,413,"Hutchins M, Kleiman DG, Geist V, McDade MC. 2003. Grzimek’s Animal Life Encyclopedia Second Edition, Volume 12-16 Mammals I-V. Gale, Farmington Hills, MI, USA.; Alderton, D. 1996. Rodents of the world. Facts on File, INC., NY, USA.",LC,0
3102,Hystrix pumila,Hystricidae,Rodentia,4,1,3,413,"Hutchins M, Kleiman DG, Geist V, McDade MC. 2003. Grzimek’s Animal Life Encyclopedia Second Edition, Volume 12-16 Mammals I-V. Gale, Farmington Hills, MI, USA.",VU,1
3103,Hystrix sumatrae,Hystricidae,Rodentia,4,1,3,413,"Hutchins M, Kleiman DG, Geist V, McDade MC. 2003. Grzimek’s Animal Life Encyclopedia Second Edition, Volume 12-16 Mammals I-V. Gale, Farmington Hills, MI, USA.",LC,0
3104,Trichys fasciculata,Hystricidae,Rodentia,4,1,3,413,"Hutchins M, Kleiman DG, Geist V, McDade MC. 2003. Grzimek’s Animal Life Encyclopedia Second Edition, Volume 12-16 Mammals I-V. Gale, Farmington Hills, MI, USA.",LC,0
3105,Brachylagus idahoensis,Leporidae,Lagomorpha,4,3,3,433,"Hutchins M, Kleiman DG, Geist V, McDade MC. 2003. Grzimek’s Animal Life Encyclopedia Second Edition, Volume 12-16 Mammals I-V. Gale, Farmington Hills, MI, USA.",LC,0
3106,Bunolagus monticularis,Leporidae,Lagomorpha,4,3,3,433,"Hutchins M, Kleiman DG, Geist V, McDade MC. 2003. Grzimek’s Animal Life Encyclopedia Second Edition, Volume 12-16 Mammals I-V. Gale, Farmington Hills, MI, USA.",CR,1
3107,Caprolagus hispidus,Leporidae,Lagomorpha,4,3,3,433,"Hutchins M, Kleiman DG, Geist V, McDade MC. 2003. Grzimek’s Animal Life Encyclopedia Second Edition, Volume 12-16 Mammals I-V. Gale, Farmington Hills, MI, USA.",EN,1
3108,Lepus alleni,Leporidae,Lagomorpha,4,3,3,433,"Hutchins M, Kleiman DG, Geist V, McDade MC. 2003. Grzimek’s Animal Life Encyclopedia Second Edition, Volume 12-16 Mammals I-V. Gale, Farmington Hills, MI, USA.",LC,0
3109,Lepus americanus,Leporidae,Lagomorpha,4,3,3,433,"Macdonald, D. W. 2006. The Princeton Encyclopedia of Mammals. Princeton University Press, Princeton, NJ.",LC,0
3110,Lepus arcticus,Leporidae,Lagomorpha,4,3,3,433,"Hutchins M, Kleiman DG, Geist V, McDade MC. 2003. Grzimek’s Animal Life Encyclopedia Second Edition, Volume 12-16 Mammals I-V. Gale, Farmington Hills, MI, USA.",LC,0
3111,Lepus californicus,Leporidae,Lagomorpha,4,3,3,433,"Hutchins M, Kleiman DG, Geist V, McDade MC. 2003. Grzimek’s Animal Life Encyclopedia Second Edition, Volume 12-16 Mammals I-V. Gale, Farmington Hills, MI, USA.",LC,0
3112,Lepus callotis,Leporidae,Lagomorpha,4,3,3,433,"Hutchins M, Kleiman DG, Geist V, McDade MC. 2003. Grzimek’s Animal Life Encyclopedia Second Edition, Volume 12-16 Mammals I-V. Gale, Farmington Hills, MI, USA.",VU,1
3113,Lepus capensis,Leporidae,Lagomorpha,4,3,3,433,"Macdonald, D. W. 2006. The Princeton Encyclopedia of Mammals. Princeton University Press, Princeton, NJ.",LC,0
3114,Lepus nigricollis,Leporidae,Lagomorpha,4,3,3,433,"Long JL. 2003. Introduced Mammals of the World, Their history, distribution, and influence. CSIRO Publishing, Collingwood VIC, Australia.",LC,0
3115,Lepus timidus,Leporidae,Lagomorpha,4,3,3,433,"Hutchins M, Kleiman DG, Geist V, McDade MC. 2003. Grzimek’s Animal Life Encyclopedia Second Edition, Volume 12-16 Mammals I-V. Gale, Farmington Hills, MI, USA.",LC,0
3117,Pentalagus furnessi,Leporidae,Lagomorpha,4,3,3,433,"Hutchins M, Kleiman DG, Geist V, McDade MC. 2003. Grzimek’s Animal Life Encyclopedia Second Edition, Volume 12-16 Mammals I-V. Gale, Farmington Hills, MI, USA.",EN,1
3118,Poelagus marjorita,Leporidae,Lagomorpha,4,3,3,433,"Macdonald, D. W. 2006. The Princeton Encyclopedia of Mammals. Princeton University Press, Princeton, NJ.",LC,0
3119,Romerolagus diazi,Leporidae,Lagomorpha,4,3,3,433,"Hutchins M, Kleiman DG, Geist V, McDade MC. 2003. Grzimek’s Animal Life Encyclopedia Second Edition, Volume 12-16 Mammals I-V. Gale, Farmington Hills, MI, USA.",EN,1
3120,Sylvilagus aquaticus,Leporidae,Lagomorpha,4,3,3,433,"Hutchins M, Kleiman DG, Geist V, McDade MC. 2003. Grzimek’s Animal Life Encyclopedia Second Edition, Volume 12-16 Mammals I-V. Gale, Farmington Hills, MI, USA. ; Burton, M., Burton R. 1975. Encyclopedia of Mammals. Octopus Books Limited, London W1.",LC,0
3121,Sylvilagus audubonii,Leporidae,Lagomorpha,4,3,3,433,"Hutchins M, Kleiman DG, Geist V, McDade MC. 2003. Grzimek’s Animal Life Encyclopedia Second Edition, Volume 12-16 Mammals I-V. Gale, Farmington Hills, MI, USA. ; Burton, M., Burton R. 1975. Encyclopedia of Mammals. Octopus Books Limited, London W1.",LC,0
3122,Sylvilagus bachmani,Leporidae,Lagomorpha,4,3,3,433,"Burton, M., Burton R. 1975. Encyclopedia of Mammals. Octopus Books Limited, London W1.",LC,0
3123,Sylvilagus brasiliensis,Leporidae,Lagomorpha,4,3,3,433,"Burton, M., Burton R. 1975. Encyclopedia of Mammals. Octopus Books Limited, London W1.",EN,1
3125,Sylvilagus cunicularius,Leporidae,Lagomorpha,4,3,3,433,"Burton, M., Burton R. 1975. Encyclopedia of Mammals. Octopus Books Limited, London W1.",LC,0
3126,Sylvilagus dicei,Leporidae,Lagomorpha,4,3,3,433,"Burton, M., Burton R. 1975. Encyclopedia of Mammals. Octopus Books Limited, London W1.",VU,1
3127,Sylvilagus graysoni,Leporidae,Lagomorpha,4,3,3,433,"Burton, M., Burton R. 1975. Encyclopedia of Mammals. Octopus Books Limited, London W1.",EN,1
3131,Sylvilagus mansuetus,Leporidae,Lagomorpha,4,3,3,433,"Burton, M., Burton R. 1975. Encyclopedia of Mammals. Octopus Books Limited, London W1.",CR,1
3132,Sylvilagus nuttallii,Leporidae,Lagomorpha,4,3,3,433,"Hutchins M, Kleiman DG, Geist V, McDade MC. 2003. Grzimek’s Animal Life Encyclopedia Second Edition, Volume 12-16 Mammals I-V. Gale, Farmington Hills, MI, USA. ; Burton, M., Burton R. 1975. Encyclopedia of Mammals. Octopus Books Limited, London W1.",LC,0
3133,Sylvilagus palustris,Leporidae,Lagomorpha,4,3,3,433,"Burton, M., Burton R. 1975. Encyclopedia of Mammals. Octopus Books Limited, London W1.",LC,0
3134,Sylvilagus transitionalis,Leporidae,Lagomorpha,4,3,3,433,"Burton, M., Burton R. 1975. Encyclopedia of Mammals. Octopus Books Limited, London W1.",VU,1
3135,Lagorchestes hirsutus,Macropodidae,Diprotodontia,4,3,3,433,"Hutchins M, Kleiman DG, Geist V, McDade MC. 2003. Grzimek’s Animal Life Encyclopedia Second Edition, Volume 12-16 Mammals I-V. Gale, Farmington Hills, MI, USA.; Long JL. 2003. Introduced Mammals of the World, Their history, distribution, and influence. CSIRO Publishing, Collingwood VIC, Australia.",VU,1
3136,Acomys cahirinus,Muridae,Rodentia,4,1,3,413,"Hutchins M, Kleiman DG, Geist V, McDade MC. 2003. Grzimek’s Animal Life Encyclopedia Second Edition, Volume 12-16 Mammals I-V. Gale, Farmington Hills, MI, USA.",LC,0
3138,Allocricetulus curtatus,Muridae,Rodentia,4,1,3,413,"Hutchins M, Kleiman DG, Geist V, McDade MC. 2003. Grzimek’s Animal Life Encyclopedia Second Edition, Volume 12-16 Mammals I-V. Gale, Farmington Hills, MI, USA.",LC,0
3140,Alticola argentatus,Muridae,Rodentia,4,1,3,413,"Alderton, D. 1996. Rodents of the world. Facts on File, INC., NY, USA.",LC,0
3141,Alticola barakshin,Muridae,Rodentia,4,1,3,413,"Alderton, D. 1996. Rodents of the world. Facts on File, INC., NY, USA.",LC,0
3142,Alticola lemminus,Muridae,Rodentia,4,1,3,413,"Alderton, D. 1996. Rodents of the world. Facts on File, INC., NY, USA.",LC,0
3143,Alticola macrotis,Muridae,Rodentia,4,1,3,413,"Alderton, D. 1996. Rodents of the world. Facts on File, INC., NY, USA.",LC,0
3144,Alticola montosa,Muridae,Rodentia,4,1,3,413,"Alderton, D. 1996. Rodents of the world. Facts on File, INC., NY, USA.",VU,1
3145,Alticola roylei,Muridae,Rodentia,4,1,3,413,"Alderton, D. 1996. Rodents of the world. Facts on File, INC., NY, USA.",NT,0
3146,Alticola semicanus,Muridae,Rodentia,4,1,3,413,"Alderton, D. 1996. Rodents of the world. Facts on File, INC., NY, USA.",LC,0
3147,Alticola stoliczkanus,Muridae,Rodentia,4,1,3,413,"Alderton, D. 1996. Rodents of the world. Facts on File, INC., NY, USA.",LC,0
3149,Alticola strelzowi,Muridae,Rodentia,4,1,3,413,"Alderton, D. 1996. Rodents of the world. Facts on File, INC., NY, USA.",LC,0
3150,Alticola tuvinicus,Muridae,Rodentia,4,1,3,413,"Alderton, D. 1996. Rodents of the world. Facts on File, INC., NY, USA.",LC,0
3151,Apodemus agrarius,Muridae,Rodentia,4,1,3,413,"Hutchins M, Kleiman DG, Geist V, McDade MC. 2003. Grzimek’s Animal Life Encyclopedia Second Edition, Volume 12-16 Mammals I-V. Gale, Farmington Hills, MI, USA.; Flowerdew, J. R., Gurnell, J., Gipps, J. H. W. 1985. The ecology of woodland rodents, bank voles, and wood mice. Oxford University Press, New York, NY.",LC,0
3152,Apodemus alpicola,Muridae,Rodentia,4,1,3,413,"Hutchins M, Kleiman DG, Geist V, McDade MC. 2003. Grzimek’s Animal Life Encyclopedia Second Edition, Volume 12-16 Mammals I-V. Gale, Farmington Hills, MI, USA.; Flowerdew, J. R., Gurnell, J., Gipps, J. H. W. 1985. The ecology of woodland rodents, bank voles, and wood mice. Oxford University Press, New York, NY.",LC,0
3153,Apodemus argenteus,Muridae,Rodentia,4,1,3,413,"Hutchins M, Kleiman DG, Geist V, McDade MC. 2003. Grzimek’s Animal Life Encyclopedia Second Edition, Volume 12-16 Mammals I-V. Gale, Farmington Hills, MI, USA.; Flowerdew, J. R., Gurnell, J., Gipps, J. H. W. 1985. The ecology of woodland rodents, bank voles, and wood mice. Oxford University Press, New York, NY.",LC,0
3155,Apodemus chevrieri,Muridae,Rodentia,4,1,3,413,"Hutchins M, Kleiman DG, Geist V, McDade MC. 2003. Grzimek’s Animal Life Encyclopedia Second Edition, Volume 12-16 Mammals I-V. Gale, Farmington Hills, MI, USA.; Flowerdew, J. R., Gurnell, J., Gipps, J. H. W. 1985. The ecology of woodland rodents, bank voles, and wood mice. Oxford University Press, New York, NY.",LC,0
3156,Apodemus draco,Muridae,Rodentia,4,1,3,413,"Hutchins M, Kleiman DG, Geist V, McDade MC. 2003. Grzimek’s Animal Life Encyclopedia Second Edition, Volume 12-16 Mammals I-V. Gale, Farmington Hills, MI, USA.; Flowerdew, J. R., Gurnell, J., Gipps, J. H. W. 1985. The ecology of woodland rodents, bank voles, and wood mice. Oxford University Press, New York, NY.",LC,0
3157,Apodemus flavicollis,Muridae,Rodentia,4,1,3,413,"Hutchins M, Kleiman DG, Geist V, McDade MC. 2003. Grzimek’s Animal Life Encyclopedia Second Edition, Volume 12-16 Mammals I-V. Gale, Farmington Hills, MI, USA.; Flowerdew, J. R., Gurnell, J., Gipps, J. H. W. 1985. The ecology of woodland rodents, bank voles, and wood mice. Oxford University Press, New York, NY.",LC,0
3159,Apodemus gurkha,Muridae,Rodentia,4,1,3,413,"Hutchins M, Kleiman DG, Geist V, McDade MC. 2003. Grzimek’s Animal Life Encyclopedia Second Edition, Volume 12-16 Mammals I-V. Gale, Farmington Hills, MI, USA.; Flowerdew, J. R., Gurnell, J., Gipps, J. H. W. 1985. The ecology of woodland rodents, bank voles, and wood mice. Oxford University Press, New York, NY.",LC,0
3161,Apodemus hyrcanicus,Muridae,Rodentia,4,1,3,413,"Hutchins M, Kleiman DG, Geist V, McDade MC. 2003. Grzimek’s Animal Life Encyclopedia Second Edition, Volume 12-16 Mammals I-V. Gale, Farmington Hills, MI, USA.; Flowerdew, J. R., Gurnell, J., Gipps, J. H. W. 1985. The ecology of woodland rodents, bank voles, and wood mice. Oxford University Press, New York, NY.",NT,0
3162,Apodemus latronum,Muridae,Rodentia,4,1,3,413,"Hutchins M, Kleiman DG, Geist V, McDade MC. 2003. Grzimek’s Animal Life Encyclopedia Second Edition, Volume 12-16 Mammals I-V. Gale, Farmington Hills, MI, USA.; Flowerdew, J. R., Gurnell, J., Gipps, J. H. W. 1985. The ecology of woodland rodents, bank voles, and wood mice. Oxford University Press, New York, NY.",LC,0
3163,Apodemus mystacinus,Muridae,Rodentia,4,1,3,413,"Hutchins M, Kleiman DG, Geist V, McDade MC. 2003. Grzimek’s Animal Life Encyclopedia Second Edition, Volume 12-16 Mammals I-V. Gale, Farmington Hills, MI, USA.; Flowerdew, J. R., Gurnell, J., Gipps, J. H. W. 1985. The ecology of woodland rodents, bank voles, and wood mice. Oxford University Press, New York, NY.",LC,0
3164,Apodemus peninsulae,Muridae,Rodentia,4,1,3,413,"Hutchins M, Kleiman DG, Geist V, McDade MC. 2003. Grzimek’s Animal Life Encyclopedia Second Edition, Volume 12-16 Mammals I-V. Gale, Farmington Hills, MI, USA.; Flowerdew, J. R., Gurnell, J., Gipps, J. H. W. 1985. The ecology of woodland rodents, bank voles, and wood mice. Oxford University Press, New York, NY.",LC,0
3165,Apodemus ponticus,Muridae,Rodentia,4,1,3,413,"Hutchins M, Kleiman DG, Geist V, McDade MC. 2003. Grzimek’s Animal Life Encyclopedia Second Edition, Volume 12-16 Mammals I-V. Gale, Farmington Hills, MI, USA.; Flowerdew, J. R., Gurnell, J., Gipps, J. H. W. 1985. The ecology of woodland rodents, bank voles, and wood mice. Oxford University Press, New York, NY.",LC,0
3166,Apodemus rusiges,Muridae,Rodentia,4,1,3,413,"Hutchins M, Kleiman DG, Geist V, McDade MC. 2003. Grzimek’s Animal Life Encyclopedia Second Edition, Volume 12-16 Mammals I-V. Gale, Farmington Hills, MI, USA.; Flowerdew, J. R., Gurnell, J., Gipps, J. H. W. 1985. The ecology of woodland rodents, bank voles, and wood mice. Oxford University Press, New York, NY.",LC,0
3167,Apodemus semotus,Muridae,Rodentia,4,1,3,413,"Hutchins M, Kleiman DG, Geist V, McDade MC. 2003. Grzimek’s Animal Life Encyclopedia Second Edition, Volume 12-16 Mammals I-V. Gale, Farmington Hills, MI, USA.; Flowerdew, J. R., Gurnell, J., Gipps, J. H. W. 1985. The ecology of woodland rodents, bank voles, and wood mice. Oxford University Press, New York, NY.",LC,0
3168,Apodemus speciosus,Muridae,Rodentia,4,1,3,413,"Hutchins M, Kleiman DG, Geist V, McDade MC. 2003. Grzimek’s Animal Life Encyclopedia Second Edition, Volume 12-16 Mammals I-V. Gale, Farmington Hills, MI, USA.; Flowerdew, J. R., Gurnell, J., Gipps, J. H. W. 1985. The ecology of woodland rodents, bank voles, and wood mice. Oxford University Press, New York, NY.",LC,0
3169,Apodemus sylvaticus,Muridae,Rodentia,4,1,3,413,"Hutchins M, Kleiman DG, Geist V, McDade MC. 2003. Grzimek’s Animal Life Encyclopedia Second Edition, Volume 12-16 Mammals I-V. Gale, Farmington Hills, MI, USA.; Flowerdew, J. R., Gurnell, J., Gipps, J. H. W. 1985. The ecology of woodland rodents, bank voles, and wood mice. Oxford University Press, New York, NY.",LC,0
3170,Apodemus uralensis,Muridae,Rodentia,4,1,3,413,"Hutchins M, Kleiman DG, Geist V, McDade MC. 2003. Grzimek’s Animal Life Encyclopedia Second Edition, Volume 12-16 Mammals I-V. Gale, Farmington Hills, MI, USA.; Flowerdew, J. R., Gurnell, J., Gipps, J. H. W. 1985. The ecology of woodland rodents, bank voles, and wood mice. Oxford University Press, New York, NY.",LC,0
3172,Arvicanthis abyssinicus,Muridae,Rodentia,4,1,3,413,"Hutchins M, Kleiman DG, Geist V, McDade MC. 2003. Grzimek’s Animal Life Encyclopedia Second Edition, Volume 12-16 Mammals I-V. Gale, Farmington Hills, MI, USA. ; Nowak RM. 1999. Walker’s Mammals of the World, Vol. 2. Sixth Ed. The Johns Hopkins University Press, Maryland, USA. ",LC,0
3173,Arvicanthis blicki,Muridae,Rodentia,4,1,3,413,"Hutchins M, Kleiman DG, Geist V, McDade MC. 2003. Grzimek’s Animal Life Encyclopedia Second Edition, Volume 12-16 Mammals I-V. Gale, Farmington Hills, MI, USA. ; Nowak RM. 1999. Walker’s Mammals of the World, Vol. 2. Sixth Ed. The Johns Hopkins University Press, Maryland, USA. ",NT,0
3174,Arvicanthis nairobae,Muridae,Rodentia,4,1,3,413,"Hutchins M, Kleiman DG, Geist V, McDade MC. 2003. Grzimek’s Animal Life Encyclopedia Second Edition, Volume 12-16 Mammals I-V. Gale, Farmington Hills, MI, USA. ; Nowak RM. 1999. Walker’s Mammals of the World, Vol. 2. Sixth Ed. The Johns Hopkins University Press, Maryland, USA. ",LC,0
3175,Arvicanthis niloticus,Muridae,Rodentia,4,1,3,413,"Hutchins M, Kleiman DG, Geist V, McDade MC. 2003. Grzimek’s Animal Life Encyclopedia Second Edition, Volume 12-16 Mammals I-V. Gale, Farmington Hills, MI, USA. ; Nowak RM. 1999. Walker’s Mammals of the World, Vol. 2. Sixth Ed. The Johns Hopkins University Press, Maryland, USA. ",LC,0
3177,Bandicota indica,Muridae,Rodentia,4,1,3,413,"Long JL. 2003. Introduced Mammals of the World, Their history, distribution, and influence. CSIRO Publishing, Collingwood VIC, Australia.",LC,0
3178,Beamys hindei,Muridae,Rodentia,4,1,3,413,"Hutchins M, Kleiman DG, Geist V, McDade MC. 2003. Grzimek’s Animal Life Encyclopedia Second Edition, Volume 12-16 Mammals I-V. Gale, Farmington Hills, MI, USA. ; Nowak RM. 1999. Walker’s Mammals of the World, Vol. 2. Sixth Ed. The Johns Hopkins University Press, Maryland, USA. ; Nowak RM. 1999. Walker’s Mammals of the World, Vol. 2. Sixth Ed. The Johns Hopkins University Press, Maryland, USA. ",LC,0
3180,Brachytarsomys albicauda,Muridae,Rodentia,4,1,3,413,"Alderton, D. 1996. Rodents of the world. Facts on File, INC., NY, USA.",LC,0
3181,Brachytarsomys villosa,Muridae,Rodentia,4,1,3,413,"Alderton, D. 1996. Rodents of the world. Facts on File, INC., NY, USA.",VU,1
3182,Brachyuromys betsileoensis,Muridae,Rodentia,4,1,3,413,"Alderton, D. 1996. Rodents of the world. Facts on File, INC., NY, USA.",LC,0
3183,Brachyuromys ramirohitra,Muridae,Rodentia,4,1,3,413,"Alderton, D. 1996. Rodents of the world. Facts on File, INC., NY, USA.",LC,0
3184,Cannomys badius,Muridae,Rodentia,4,1,3,413,"Alderton, D. 1996. Rodents of the world. Facts on File, INC., NY, USA.",LC,0
3185,Chinchillula sahamae,Muridae,Rodentia,4,1,3,413,"Alderton, D. 1996. Rodents of the world. Facts on File, INC., NY, USA.",LC,0
3186,Cricetomys emini,Muridae,Rodentia,4,1,3,413,"Alderton, D. 1996. Rodents of the world. Facts on File, INC., NY, USA. ; Nowak RM. 1999. Walker’s Mammals of the World, Vol. 2. Sixth Ed. The Johns Hopkins University Press, Maryland, USA.",LC,0
3187,Cricetulus alticola,Muridae,Rodentia,4,1,3,413,"Alderton, D. 1996. Rodents of the world. Facts on File, INC., NY, USA.",LC,0
3188,Cricetulus barabensis,Muridae,Rodentia,4,1,3,413,"Hutchins M, Kleiman DG, Geist V, McDade MC. 2003. Grzimek’s Animal Life Encyclopedia Second Edition, Volume 12-16 Mammals I-V. Gale, Farmington Hills, MI, USA.",LC,0
3189,Cricetulus kamensis,Muridae,Rodentia,4,1,3,413,"Alderton, D. 1996. Rodents of the world. Facts on File, INC., NY, USA.",LC,0
3190,Cricetulus longicaudatus,Muridae,Rodentia,4,1,3,413,"Alderton, D. 1996. Rodents of the world. Facts on File, INC., NY, USA.",LC,0
3191,Cricetulus migratorius,Muridae,Rodentia,4,1,3,413,"Hutchins M, Kleiman DG, Geist V, McDade MC. 2003. Grzimek’s Animal Life Encyclopedia Second Edition, Volume 12-16 Mammals I-V. Gale, Farmington Hills, MI, USA.",LC,0
3192,Cricetulus sokolovi,Muridae,Rodentia,4,1,3,413,"Alderton, D. 1996. Rodents of the world. Facts on File, INC., NY, USA.",LC,0
3193,Cricetus cricetus,Muridae,Rodentia,4,1,3,413,"Hutchins M, Kleiman DG, Geist V, McDade MC. 2003. Grzimek’s Animal Life Encyclopedia Second Edition, Volume 12-16 Mammals I-V. Gale, Farmington Hills, MI, USA., Long JL. 2003. Introduced Mammals of the World, Their history, distribution, and influence. CSIRO Publishing, Collingwood VIC, Australia.",CR,1
3194,Dendromus insignis,Muridae,Rodentia,4,1,3,413,"Macdonald, D. W. 2006. The Princeton Encyclopedia of Mammals. Princeton University Press, Princeton, NJ.",LC,0
3195,Dendromus kahuziensis,Muridae,Rodentia,4,1,3,413,"Macdonald, D. W. 2006. The Princeton Encyclopedia of Mammals. Princeton University Press, Princeton, NJ.",CR,1
3196,Dendromus kivu,Muridae,Rodentia,4,1,3,413,"Macdonald, D. W. 2006. The Princeton Encyclopedia of Mammals. Princeton University Press, Princeton, NJ.",LC,0
3197,Dendromus lovati,Muridae,Rodentia,4,1,3,413,"Macdonald, D. W. 2006. The Princeton Encyclopedia of Mammals. Princeton University Press, Princeton, NJ.",LC,0
3198,Dendromus melanotis,Muridae,Rodentia,4,1,3,413,"Hutchins M, Kleiman DG, Geist V, McDade MC. 2003. Grzimek’s Animal Life Encyclopedia Second Edition, Volume 12-16 Mammals I-V. Gale, Farmington Hills, MI, USA.; Macdonald, D. W. 2006. The Princeton Encyclopedia of Mammals. Princeton University Press, Princeton, NJ.",LC,0
3199,Dendromus mesomelas,Muridae,Rodentia,4,1,3,413,"Macdonald, D. W. 2006. The Princeton Encyclopedia of Mammals. Princeton University Press, Princeton, NJ.",LC,0
3200,Dendromus messorius,Muridae,Rodentia,4,1,3,413,"Macdonald, D. W. 2006. The Princeton Encyclopedia of Mammals. Princeton University Press, Princeton, NJ.",LC,0
3201,Dendromus mystacalis,Muridae,Rodentia,4,1,3,413,"Macdonald, D. W. 2006. The Princeton Encyclopedia of Mammals. Princeton University Press, Princeton, NJ.",LC,0
3202,Dendromus nyikae,Muridae,Rodentia,4,1,3,413,"Macdonald, D. W. 2006. The Princeton Encyclopedia of Mammals. Princeton University Press, Princeton, NJ.",LC,0
3203,Dendromus oreas,Muridae,Rodentia,4,1,3,413,"Macdonald, D. W. 2006. The Princeton Encyclopedia of Mammals. Princeton University Press, Princeton, NJ.",LC,0
3206,Desmodillus auricularis,Muridae,Rodentia,4,1,3,413,"Hutchins M, Kleiman DG, Geist V, McDade MC. 2003. Grzimek’s Animal Life Encyclopedia Second Edition, Volume 12-16 Mammals I-V. Gale, Farmington Hills, MI, USA.",LC,0
3208,Dicrostonyx groenlandicus,Muridae,Rodentia,4,1,3,413,"Hutchins M, Kleiman DG, Geist V, McDade MC. 2003. Grzimek’s Animal Life Encyclopedia Second Edition, Volume 12-16 Mammals I-V. Gale, Farmington Hills, MI, USA.; Macdonald, D. W. 2006. The Princeton Encyclopedia of Mammals. Princeton University Press, Princeton, NJ.; Klein, S., 1983. The encyclopedia of North American wildlife. Facts on File, INC., NY, USA.",LC,0
3210,Dicrostonyx nelsoni,Muridae,Rodentia,4,1,3,413,"Hutchins M, Kleiman DG, Geist V, McDade MC. 2003. Grzimek’s Animal Life Encyclopedia Second Edition, Volume 12-16 Mammals I-V. Gale, Farmington Hills, MI, USA.; Macdonald, D. W. 2006. The Princeton Encyclopedia of Mammals. Princeton University Press, Princeton, NJ. ; Klein, S., 1983. The encyclopedia of North American wildlife. Facts on File, INC., NY, USA.",LC,0
3211,Dicrostonyx nunatakensis,Muridae,Rodentia,4,1,3,413,"Hutchins M, Kleiman DG, Geist V, McDade MC. 2003. Grzimek’s Animal Life Encyclopedia Second Edition, Volume 12-16 Mammals I-V. Gale, Farmington Hills, MI, USA.; Macdonald, D. W. 2006. The Princeton Encyclopedia of Mammals. Princeton University Press, Princeton, NJ.; Klein, S., 1983. The encyclopedia of North American wildlife. Facts on File, INC., NY, USA.",LC,0
3212,Dicrostonyx richardsoni,Muridae,Rodentia,4,1,3,413,"Hutchins M, Kleiman DG, Geist V, McDade MC. 2003. Grzimek’s Animal Life Encyclopedia Second Edition, Volume 12-16 Mammals I-V. Gale, Farmington Hills, MI, USA.; Macdonald, D. W. 2006. The Princeton Encyclopedia of Mammals. Princeton University Press, Princeton, NJ. ; Klein, S., 1983. The encyclopedia of North American wildlife. Facts on File, INC., NY, USA.",LC,0
3214,Dicrostonyx torquatus,Muridae,Rodentia,4,1,3,413,"Hutchins M, Kleiman DG, Geist V, McDade MC. 2003. Grzimek’s Animal Life Encyclopedia Second Edition, Volume 12-16 Mammals I-V. Gale, Farmington Hills, MI, USA.; Macdonald, D. W. 2006. The Princeton Encyclopedia of Mammals. Princeton University Press, Princeton, NJ.; Klein, S., 1983. The encyclopedia of North American wildlife. Facts on File, INC., NY, USA.",LC,0
3219,Eliurus grandidieri,Muridae,Rodentia,4,1,3,413,"Garbutt, N. 2007. Mammal of Madagascar: A complete guide. Yale University Press, New Haven, CT.; Alderton, D. 1996. Rodents of the world. Facts on File, INC., NY, USA.",LC,0
3220,Eliurus majori,Muridae,Rodentia,4,1,3,413,"Alderton, D. 1996. Rodents of the world. Facts on File, INC., NY, USA.",LC,0
3221,Eliurus minor,Muridae,Rodentia,4,1,3,413,"Alderton, D. 1996. Rodents of the world. Facts on File, INC., NY, USA.",LC,0
3222,Eliurus myoxinus,Muridae,Rodentia,4,1,3,413,"Alderton, D. 1996. Rodents of the world. Facts on File, INC., NY, USA.",LC,0
3223,Eliurus penicillatus,Muridae,Rodentia,4,1,3,413,"Alderton, D. 1996. Rodents of the world. Facts on File, INC., NY, USA.",EN,1
3224,Eliurus petteri,Muridae,Rodentia,4,1,3,413,"Alderton, D. 1996. Rodents of the world. Facts on File, INC., NY, USA.",EN,1
3225,Eliurus tanala,Muridae,Rodentia,4,1,3,413,"Alderton, D. 1996. Rodents of the world. Facts on File, INC., NY, USA.",LC,0
3226,Eliurus webbi,Muridae,Rodentia,4,1,3,413,"Alderton, D. 1996. Rodents of the world. Facts on File, INC., NY, USA.",LC,0
3227,Eolagurus luteus,Muridae,Rodentia,4,1,3,413,"Hutchins M, Kleiman DG, Geist V, McDade MC. 2003. Grzimek’s Animal Life Encyclopedia Second Edition, Volume 12-16 Mammals I-V. Gale, Farmington Hills, MI, USA. ; Klein, S., 1983. The encyclopedia of North American wildlife. Facts on File, INC., NY, USA.",LC,0
3228,Eolagurus przewalskii,Muridae,Rodentia,4,1,3,413,"Hutchins M, Kleiman DG, Geist V, McDade MC. 2003. Grzimek’s Animal Life Encyclopedia Second Edition, Volume 12-16 Mammals I-V. Gale, Farmington Hills, MI, USA. ; Klein, S., 1983. The encyclopedia of North American wildlife. Facts on File, INC., NY, USA.",LC,0
3229,Gerbillurus paeba,Muridae,Rodentia,4,1,3,413,"Hutchins M, Kleiman DG, Geist V, McDade MC. 2003. Grzimek’s Animal Life Encyclopedia Second Edition, Volume 12-16 Mammals I-V. Gale, Farmington Hills, MI, USA.; Macdonald, D. W. 2006. The Princeton Encyclopedia of Mammals. Princeton University Press, Princeton, NJ.",LC,0
3230,Gerbillurus setzeri,Muridae,Rodentia,4,1,3,413,"Hutchins M, Kleiman DG, Geist V, McDade MC. 2003. Grzimek’s Animal Life Encyclopedia Second Edition, Volume 12-16 Mammals I-V. Gale, Farmington Hills, MI, USA.",LC,0
3231,Gerbillurus tytonis,Muridae,Rodentia,4,1,3,413,"Hutchins M, Kleiman DG, Geist V, McDade MC. 2003. Grzimek’s Animal Life Encyclopedia Second Edition, Volume 12-16 Mammals I-V. Gale, Farmington Hills, MI, USA.; Macdonald, D. W. 2006. The Princeton Encyclopedia of Mammals. Princeton University Press, Princeton, NJ.",LC,0
3232,Gerbillurus vallinus,Muridae,Rodentia,4,1,3,413,"Hutchins M, Kleiman DG, Geist V, McDade MC. 2003. Grzimek’s Animal Life Encyclopedia Second Edition, Volume 12-16 Mammals I-V. Gale, Farmington Hills, MI, USA.; Macdonald, D. W. 2006. The Princeton Encyclopedia of Mammals. Princeton University Press, Princeton, NJ.",LC,0
3236,Gerbillus amoenus,Muridae,Rodentia,4,1,3,413,"Hutchins M, Kleiman DG, Geist V, McDade MC. 2003. Grzimek’s Animal Life Encyclopedia Second Edition, Volume 12-16 Mammals I-V. Gale, Farmington Hills, MI, USA.; Macdonald, D. W. 2006. The Princeton Encyclopedia of Mammals. Princeton University Press, Princeton, NJ.",LC,0
3237,Gerbillus andersoni,Muridae,Rodentia,4,1,3,413,"Hutchins M, Kleiman DG, Geist V, McDade MC. 2003. Grzimek’s Animal Life Encyclopedia Second Edition, Volume 12-16 Mammals I-V. Gale, Farmington Hills, MI, USA.; Macdonald, D. W. 2006. The Princeton Encyclopedia of Mammals. Princeton University Press, Princeton, NJ.",LC,0
3238,Gerbillus aquilus,Muridae,Rodentia,4,1,3,413,"Hutchins M, Kleiman DG, Geist V, McDade MC. 2003. Grzimek’s Animal Life Encyclopedia Second Edition, Volume 12-16 Mammals I-V. Gale, Farmington Hills, MI, USA.; Macdonald, D. W. 2006. The Princeton Encyclopedia of Mammals. Princeton University Press, Princeton, NJ.",LC,0
3244,Gerbillus campestris,Muridae,Rodentia,4,1,3,413,"Hutchins M, Kleiman DG, Geist V, McDade MC. 2003. Grzimek’s Animal Life Encyclopedia Second Edition, Volume 12-16 Mammals I-V. Gale, Farmington Hills, MI, USA.; Macdonald, D. W. 2006. The Princeton Encyclopedia of Mammals. Princeton University Press, Princeton, NJ.",LC,0
3245,Gerbillus cheesmani,Muridae,Rodentia,4,1,3,413,"Hutchins M, Kleiman DG, Geist V, McDade MC. 2003. Grzimek’s Animal Life Encyclopedia Second Edition, Volume 12-16 Mammals I-V. Gale, Farmington Hills, MI, USA.; Macdonald, D. W. 2006. The Princeton Encyclopedia of Mammals. Princeton University Press, Princeton, NJ.",LC,0
3248,Gerbillus dasyurus,Muridae,Rodentia,4,1,3,413,"Hutchins M, Kleiman DG, Geist V, McDade MC. 2003. Grzimek’s Animal Life Encyclopedia Second Edition, Volume 12-16 Mammals I-V. Gale, Farmington Hills, MI, USA.; Macdonald, D. W. 2006. The Princeton Encyclopedia of Mammals. Princeton University Press, Princeton, NJ.",LC,0
3251,Gerbillus dunni,Muridae,Rodentia,4,1,3,413,"Hutchins M, Kleiman DG, Geist V, McDade MC. 2003. Grzimek’s Animal Life Encyclopedia Second Edition, Volume 12-16 Mammals I-V. Gale, Farmington Hills, MI, USA.; Macdonald, D. W. 2006. The Princeton Encyclopedia of Mammals. Princeton University Press, Princeton, NJ.",LC,0
3252,Gerbillus famulus,Muridae,Rodentia,4,1,3,413,"Hutchins M, Kleiman DG, Geist V, McDade MC. 2003. Grzimek’s Animal Life Encyclopedia Second Edition, Volume 12-16 Mammals I-V. Gale, Farmington Hills, MI, USA.; Macdonald, D. W. 2006. The Princeton Encyclopedia of Mammals. Princeton University Press, Princeton, NJ.",LC,0
3253,Gerbillus floweri,Muridae,Rodentia,4,1,3,413,"Hutchins M, Kleiman DG, Geist V, McDade MC. 2003. Grzimek’s Animal Life Encyclopedia Second Edition, Volume 12-16 Mammals I-V. Gale, Farmington Hills, MI, USA.; Macdonald, D. W. 2006. The Princeton Encyclopedia of Mammals. Princeton University Press, Princeton, NJ.",LC,0
3255,Gerbillus gerbillus,Muridae,Rodentia,4,1,3,413,"Hutchins M, Kleiman DG, Geist V, McDade MC. 2003. Grzimek’s Animal Life Encyclopedia Second Edition, Volume 12-16 Mammals I-V. Gale, Farmington Hills, MI, USA.; Macdonald, D. W. 2006. The Princeton Encyclopedia of Mammals. Princeton University Press, Princeton, NJ.",LC,0
3256,Gerbillus gleadowi,Muridae,Rodentia,4,1,3,413,"Hutchins M, Kleiman DG, Geist V, McDade MC. 2003. Grzimek’s Animal Life Encyclopedia Second Edition, Volume 12-16 Mammals I-V. Gale, Farmington Hills, MI, USA.; Macdonald, D. W. 2006. The Princeton Encyclopedia of Mammals. Princeton University Press, Princeton, NJ.",LC,0
3258,Gerbillus harwoodi,Muridae,Rodentia,4,1,3,413,"Hutchins M, Kleiman DG, Geist V, McDade MC. 2003. Grzimek’s Animal Life Encyclopedia Second Edition, Volume 12-16 Mammals I-V. Gale, Farmington Hills, MI, USA.; Macdonald, D. W. 2006. The Princeton Encyclopedia of Mammals. Princeton University Press, Princeton, NJ.",LC,0
3259,Gerbillus henleyi,Muridae,Rodentia,4,1,3,413,"Hutchins M, Kleiman DG, Geist V, McDade MC. 2003. Grzimek’s Animal Life Encyclopedia Second Edition, Volume 12-16 Mammals I-V. Gale, Farmington Hills, MI, USA.; Macdonald, D. W. 2006. The Princeton Encyclopedia of Mammals. Princeton University Press, Princeton, NJ.",LC,0
3261,Gerbillus hesperinus,Muridae,Rodentia,4,1,3,413,"Hutchins M, Kleiman DG, Geist V, McDade MC. 2003. Grzimek’s Animal Life Encyclopedia Second Edition, Volume 12-16 Mammals I-V. Gale, Farmington Hills, MI, USA.; Macdonald, D. W. 2006. The Princeton Encyclopedia of Mammals. Princeton University Press, Princeton, NJ.",EN,1
3262,Gerbillus hoogstraali,Muridae,Rodentia,4,1,3,413,"Hutchins M, Kleiman DG, Geist V, McDade MC. 2003. Grzimek’s Animal Life Encyclopedia Second Edition, Volume 12-16 Mammals I-V. Gale, Farmington Hills, MI, USA.; Macdonald, D. W. 2006. The Princeton Encyclopedia of Mammals. Princeton University Press, Princeton, NJ.",VU,1
3264,Gerbillus juliani,Muridae,Rodentia,4,1,3,413,"Hutchins M, Kleiman DG, Geist V, McDade MC. 2003. Grzimek’s Animal Life Encyclopedia Second Edition, Volume 12-16 Mammals I-V. Gale, Farmington Hills, MI, USA.; Macdonald, D. W. 2006. The Princeton Encyclopedia of Mammals. Princeton University Press, Princeton, NJ.",LC,0
3268,Gerbillus maghrebi,Muridae,Rodentia,4,1,3,413,"Hutchins M, Kleiman DG, Geist V, McDade MC. 2003. Grzimek’s Animal Life Encyclopedia Second Edition, Volume 12-16 Mammals I-V. Gale, Farmington Hills, MI, USA.; Macdonald, D. W. 2006. The Princeton Encyclopedia of Mammals. Princeton University Press, Princeton, NJ.",LC,0
3270,Gerbillus mesopotamiae,Muridae,Rodentia,4,1,3,413,"Hutchins M, Kleiman DG, Geist V, McDade MC. 2003. Grzimek’s Animal Life Encyclopedia Second Edition, Volume 12-16 Mammals I-V. Gale, Farmington Hills, MI, USA.; Macdonald, D. W. 2006. The Princeton Encyclopedia of Mammals. Princeton University Press, Princeton, NJ.",LC,0
3273,Gerbillus nanus,Muridae,Rodentia,4,1,3,413,"Hutchins M, Kleiman DG, Geist V, McDade MC. 2003. Grzimek’s Animal Life Encyclopedia Second Edition, Volume 12-16 Mammals I-V. Gale, Farmington Hills, MI, USA.; Macdonald, D. W. 2006. The Princeton Encyclopedia of Mammals. Princeton University Press, Princeton, NJ.",LC,0
3275,Gerbillus nigeriae,Muridae,Rodentia,4,1,3,413,"Hutchins M, Kleiman DG, Geist V, McDade MC. 2003. Grzimek’s Animal Life Encyclopedia Second Edition, Volume 12-16 Mammals I-V. Gale, Farmington Hills, MI, USA.; Macdonald, D. W. 2006. The Princeton Encyclopedia of Mammals. Princeton University Press, Princeton, NJ.",LC,0
3278,Gerbillus perpallidus,Muridae,Rodentia,4,1,3,413,"Hutchins M, Kleiman DG, Geist V, McDade MC. 2003. Grzimek’s Animal Life Encyclopedia Second Edition, Volume 12-16 Mammals I-V. Gale, Farmington Hills, MI, USA.; Macdonald, D. W. 2006. The Princeton Encyclopedia of Mammals. Princeton University Press, Princeton, NJ.",LC,0
3279,Gerbillus poecilops,Muridae,Rodentia,4,1,3,413,"Hutchins M, Kleiman DG, Geist V, McDade MC. 2003. Grzimek’s Animal Life Encyclopedia Second Edition, Volume 12-16 Mammals I-V. Gale, Farmington Hills, MI, USA.; Macdonald, D. W. 2006. The Princeton Encyclopedia of Mammals. Princeton University Press, Princeton, NJ.",LC,0
3281,Gerbillus pulvinatus,Muridae,Rodentia,4,1,3,413,"Hutchins M, Kleiman DG, Geist V, McDade MC. 2003. Grzimek’s Animal Life Encyclopedia Second Edition, Volume 12-16 Mammals I-V. Gale, Farmington Hills, MI, USA.; Macdonald, D. W. 2006. The Princeton Encyclopedia of Mammals. Princeton University Press, Princeton, NJ.",LC,0
3282,Gerbillus pusillus,Muridae,Rodentia,4,1,3,413,"Hutchins M, Kleiman DG, Geist V, McDade MC. 2003. Grzimek’s Animal Life Encyclopedia Second Edition, Volume 12-16 Mammals I-V. Gale, Farmington Hills, MI, USA.; Macdonald, D. W. 2006. The Princeton Encyclopedia of Mammals. Princeton University Press, Princeton, NJ.",LC,0
3283,Gerbillus pyramidum,Muridae,Rodentia,4,1,3,413,"Hutchins M, Kleiman DG, Geist V, McDade MC. 2003. Grzimek’s Animal Life Encyclopedia Second Edition, Volume 12-16 Mammals I-V. Gale, Farmington Hills, MI, USA.; Macdonald, D. W. 2006. The Princeton Encyclopedia of Mammals. Princeton University Press, Princeton, NJ.",LC,0
3286,Gerbillus rosalinda,Muridae,Rodentia,4,1,3,413,"Hutchins M, Kleiman DG, Geist V, McDade MC. 2003. Grzimek’s Animal Life Encyclopedia Second Edition, Volume 12-16 Mammals I-V. Gale, Farmington Hills, MI, USA.; Macdonald, D. W. 2006. The Princeton Encyclopedia of Mammals. Princeton University Press, Princeton, NJ.",LC,0
3288,Gerbillus simoni,Muridae,Rodentia,4,1,3,413,"Hutchins M, Kleiman DG, Geist V, McDade MC. 2003. Grzimek’s Animal Life Encyclopedia Second Edition, Volume 12-16 Mammals I-V. Gale, Farmington Hills, MI, USA.; Macdonald, D. W. 2006. The Princeton Encyclopedia of Mammals. Princeton University Press, Princeton, NJ.",LC,0
3292,Gerbillus tarabuli,Muridae,Rodentia,4,1,3,413,"Hutchins M, Kleiman DG, Geist V, McDade MC. 2003. Grzimek’s Animal Life Encyclopedia Second Edition, Volume 12-16 Mammals I-V. Gale, Farmington Hills, MI, USA.; Macdonald, D. W. 2006. The Princeton Encyclopedia of Mammals. Princeton University Press, Princeton, NJ.",LC,0
3294,Gerbillus watersi,Muridae,Rodentia,4,1,3,413,"Hutchins M, Kleiman DG, Geist V, McDade MC. 2003. Grzimek’s Animal Life Encyclopedia Second Edition, Volume 12-16 Mammals I-V. Gale, Farmington Hills, MI, USA.; Macdonald, D. W. 2006. The Princeton Encyclopedia of Mammals. Princeton University Press, Princeton, NJ.",LC,0
3295,Gymnuromys roberti,Muridae,Rodentia,4,1,3,413,"Alderton, D. 1996. Rodents of the world. Facts on File, INC., NY, USA.",LC,0
3297,Hyomys goliath,Muridae,Rodentia,4,1,3,413,"Alderton, D. 1996. Rodents of the world. Facts on File, INC., NY, USA.; Flannery T. 1995. Mammals of New Guinea. Cornell University Press, Ithaca, NY.",LC,0
3298,Hypogeomys antimena,Muridae,Rodentia,4,1,3,413,"Hutchins M, Kleiman DG, Geist V, McDade MC. 2003. Grzimek’s Animal Life Encyclopedia Second Edition, Volume 12-16 Mammals I-V. Gale, Farmington Hills, MI, USA.",EN,1
3300,Lemmiscus curtatus,Muridae,Rodentia,4,1,3,413,"Hutchins M, Kleiman DG, Geist V, McDade MC. 2003. Grzimek’s Animal Life Encyclopedia Second Edition, Volume 12-16 Mammals I-V. Gale, Farmington Hills, MI, USA.; Klein, S., 1983. The encyclopedia of North American wildlife. Facts on File, INC., NY, USA.",LC,0
3301,Lemmus amurensis,Muridae,Rodentia,4,1,3,413,"Alderton, D. 1996. Rodents of the world. Facts on File, INC., NY, USA.",LC,0
3302,Lemmus lemmus,Muridae,Rodentia,4,1,3,413,"Alderton, D. 1996. Rodents of the world. Facts on File, INC., NY, USA.",LC,0
3303,Lemmus sibiricus,Muridae,Rodentia,4,1,3,413,"Klein, S., 1983. The encyclopedia of North American wildlife. Facts on File, INC., NY, USA.",LC,0
3304,Leptomys elegans,Muridae,Rodentia,4,1,3,413,"Hutchins M, Kleiman DG, Geist V, McDade MC. 2003. Grzimek’s Animal Life Encyclopedia Second Edition, Volume 12-16 Mammals I-V. Gale, Farmington Hills, MI, USA.; Flannery T. 1995. Mammals of New Guinea. Cornell University Press, Ithaca, NY. ;Nowak RM. 1999. Walker’s Mammals of the World, Vol. 2. Sixth Ed. The Johns Hopkins University Press, Maryland, USA. ",LC,0
3305,Macrotarsomys bastardi,Muridae,Rodentia,4,1,3,413,"Alderton, D. 1996. Rodents of the world. Facts on File, INC., NY, USA.",LC,0
3306,Macrotarsomys ingens,Muridae,Rodentia,4,1,3,413,"Alderton, D. 1996. Rodents of the world. Facts on File, INC., NY, USA.",EN,1
3307,Malacothrix typica,Muridae,Rodentia,4,1,3,413,"Alderton, D. 1996. Rodents of the world. Facts on File, INC., NY, USA. ; Skinner, J. D., Chimimba, C. T. 2005. The Mammals of Southern African Subregion. Cambridge University Press, Cape Town, South Africa. ",LC,0
3308,Mastomys natalensis,Muridae,Rodentia,4,1,3,413,"Hutchins M, Kleiman DG, Geist V, McDade MC. 2003. Grzimek’s Animal Life Encyclopedia Second Edition, Volume 12-16 Mammals I-V. Gale, Farmington Hills, MI, USA. ; Skinner, J. D., Chimimba, C. T. 2005. The Mammals of Southern African Subregion. Cambridge University Press, Cape Town, South Africa. ",LC,0
3309,Melomys aerosus,Muridae,Rodentia,4,1,3,413,"Hutchins M, Kleiman DG, Geist V, McDade MC. 2003. Grzimek’s Animal Life Encyclopedia Second Edition, Volume 12-16 Mammals I-V. Gale, Farmington Hills, MI, USA.; Flannery T. 1995. Mammals of New Guinea. Cornell University Press, Ithaca, NY. ; Nowak RM. 1999. Walker’s Mammals of the World, Vol. 2. Sixth Ed. The Johns Hopkins University Press, Maryland, USA.",EN,1
3311,Melomys burtoni,Muridae,Rodentia,4,1,3,413,"Hutchins M, Kleiman DG, Geist V, McDade MC. 2003. Grzimek’s Animal Life Encyclopedia Second Edition, Volume 12-16 Mammals I-V. Gale, Farmington Hills, MI, USA.; Flannery T. 1995. Mammals of New Guinea. Cornell University Press, Ithaca, NY. ; Nowak RM. 1999. Walker’s Mammals of the World, Vol. 2. Sixth Ed. The Johns Hopkins University Press, Maryland, USA.",LC,0
3312,Melomys capensis,Muridae,Rodentia,4,1,3,413,"Hutchins M, Kleiman DG, Geist V, McDade MC. 2003. Grzimek’s Animal Life Encyclopedia Second Edition, Volume 12-16 Mammals I-V. Gale, Farmington Hills, MI, USA.; Flannery T. 1995. Mammals of New Guinea. Cornell University Press, Ithaca, NY. ; Nowak RM. 1999. Walker’s Mammals of the World, Vol. 2. Sixth Ed. The Johns Hopkins University Press, Maryland, USA.",LC,0
3313,Melomys cervinipes,Muridae,Rodentia,4,1,3,413,"Hutchins M, Kleiman DG, Geist V, McDade MC. 2003. Grzimek’s Animal Life Encyclopedia Second Edition, Volume 12-16 Mammals I-V. Gale, Farmington Hills, MI, USA.; Flannery T. 1995. Mammals of New Guinea. Cornell University Press, Ithaca, NY. ; Nowak RM. 1999. Walker’s Mammals of the World, Vol. 2. Sixth Ed. The Johns Hopkins University Press, Maryland, USA.",LC,0
3315,Melomys fraterculus,Muridae,Rodentia,4,1,3,413,"Hutchins M, Kleiman DG, Geist V, McDade MC. 2003. Grzimek’s Animal Life Encyclopedia Second Edition, Volume 12-16 Mammals I-V. Gale, Farmington Hills, MI, USA.; Flannery T. 1995. Mammals of New Guinea. Cornell University Press, Ithaca, NY. ; Nowak RM. 1999. Walker’s Mammals of the World, Vol. 2. Sixth Ed. The Johns Hopkins University Press, Maryland, USA.",EN,1
3319,Melomys matambuai,Muridae,Rodentia,4,1,3,413,"Hutchins M, Kleiman DG, Geist V, McDade MC. 2003. Grzimek’s Animal Life Encyclopedia Second Edition, Volume 12-16 Mammals I-V. Gale, Farmington Hills, MI, USA.; Flannery T. 1995. Mammals of New Guinea. Cornell University Press, Ithaca, NY. ; Nowak RM. 1999. Walker’s Mammals of the World, Vol. 2. Sixth Ed. The Johns Hopkins University Press, Maryland, USA.",EN,1
3321,Melomys obiensis,Muridae,Rodentia,4,1,3,413,"Hutchins M, Kleiman DG, Geist V, McDade MC. 2003. Grzimek’s Animal Life Encyclopedia Second Edition, Volume 12-16 Mammals I-V. Gale, Farmington Hills, MI, USA.; Flannery T. 1995. Mammals of New Guinea. Cornell University Press, Ithaca, NY.",LC,0
3324,Melomys rubicola,Muridae,Rodentia,4,1,3,413,"Hutchins M, Kleiman DG, Geist V, McDade MC. 2003. Grzimek’s Animal Life Encyclopedia Second Edition, Volume 12-16 Mammals I-V. Gale, Farmington Hills, MI, USA.; Flannery T. 1995. Mammals of New Guinea. Cornell University Press, Ithaca, NY.",EX,1
3326,Meriones arimalius,Muridae,Rodentia,4,1,3,413,"Alderton, D. 1996. Rodents of the world. Facts on File, INC., NY, USA.",LC,0
3327,Meriones chengi,Muridae,Rodentia,4,1,3,413,"Alderton, D. 1996. Rodents of the world. Facts on File, INC., NY, USA.",LC,0
3328,Meriones crassus,Muridae,Rodentia,4,1,3,413,"Alderton, D. 1996. Rodents of the world. Facts on File, INC., NY, USA.",LC,0
3329,Meriones dahli,Muridae,Rodentia,4,1,3,413,"Alderton, D. 1996. Rodents of the world. Facts on File, INC., NY, USA.",EN,1
3330,Meriones hurrianae,Muridae,Rodentia,4,1,3,413,"Alderton, D. 1996. Rodents of the world. Facts on File, INC., NY, USA.",LC,0
3331,Meriones libycus,Muridae,Rodentia,4,1,3,413,"Alderton, D. 1996. Rodents of the world. Facts on File, INC., NY, USA.",LC,0
3332,Meriones meridianus,Muridae,Rodentia,4,1,3,413,"Alderton, D. 1996. Rodents of the world. Facts on File, INC., NY, USA.",LC,0
3333,Meriones persicus,Muridae,Rodentia,4,1,3,413,"Alderton, D. 1996. Rodents of the world. Facts on File, INC., NY, USA.",LC,0
3334,Meriones rex,Muridae,Rodentia,4,1,3,413,"Alderton, D. 1996. Rodents of the world. Facts on File, INC., NY, USA.",LC,0
3335,Meriones sacramenti,Muridae,Rodentia,4,1,3,413,"Alderton, D. 1996. Rodents of the world. Facts on File, INC., NY, USA.",VU,1
3336,Meriones shawi,Muridae,Rodentia,4,1,3,413,"Alderton, D. 1996. Rodents of the world. Facts on File, INC., NY, USA.",LC,0
3337,Meriones tamariscinus,Muridae,Rodentia,4,1,3,413,"Alderton, D. 1996. Rodents of the world. Facts on File, INC., NY, USA.",LC,0
3338,Meriones tristrami,Muridae,Rodentia,4,1,3,413,"Alderton, D. 1996. Rodents of the world. Facts on File, INC., NY, USA.",LC,0
3339,Meriones unguiculatus,Muridae,Rodentia,4,1,3,413,"Alderton, D. 1996. Rodents of the world. Facts on File, INC., NY, USA.",LC,0
3340,Meriones vinogradovi,Muridae,Rodentia,4,1,3,413,"Alderton, D. 1996. Rodents of the world. Facts on File, INC., NY, USA.",LC,0
3342,Mesocricetus auratus,Muridae,Rodentia,4,1,3,413,"Hutchins M, Kleiman DG, Geist V, McDade MC. 2003. Grzimek’s Animal Life Encyclopedia Second Edition, Volume 12-16 Mammals I-V. Gale, Farmington Hills, MI, USA., Long JL. 2003. Introduced Mammals of the World, Their history, distribution, and influence. CSIRO Publishing, Collingwood VIC, Australia.",VU,1
3343,Mesocricetus brandti,Muridae,Rodentia,4,1,3,413,"Hutchins M, Kleiman DG, Geist V, McDade MC. 2003. Grzimek’s Animal Life Encyclopedia Second Edition, Volume 12-16 Mammals I-V. Gale, Farmington Hills, MI, USA.",NT,0
3344,Mesocricetus newtoni,Muridae,Rodentia,4,1,3,413,"Alderton, D. 1996. Rodents of the world. Facts on File, INC., NY, USA.",NT,0
3345,Mesocricetus raddei,Muridae,Rodentia,4,1,3,413,"Alderton, D. 1996. Rodents of the world. Facts on File, INC., NY, USA.",LC,0
3346,Microtus abbreviatus,Muridae,Rodentia,4,1,3,413,"Alderton, D. 1996. Rodents of the world. Facts on File, INC., NY, USA.",LC,0
3347,Microtus agrestis,Muridae,Rodentia,4,1,3,413,"Alderton, D. 1996. Rodents of the world. Facts on File, INC., NY, USA.",LC,0
3348,Microtus arvalis,Muridae,Rodentia,4,1,3,413,"Alderton, D. 1996. Rodents of the world. Facts on File, INC., NY, USA.",LC,0
3349,Microtus bavaricus,Muridae,Rodentia,4,1,3,413,"Alderton, D. 1996. Rodents of the world. Facts on File, INC., NY, USA.",CR,1
3350,Microtus breweri,Muridae,Rodentia,4,1,3,413,"Alderton, D. 1996. Rodents of the world. Facts on File, INC., NY, USA.",VU,1
3351,Microtus cabrerae,Muridae,Rodentia,4,1,3,413,"Alderton, D. 1996. Rodents of the world. Facts on File, INC., NY, USA.",NT,0
3352,Microtus californicus,Muridae,Rodentia,4,1,3,413,"Alderton, D. 1996. Rodents of the world. Facts on File, INC., NY, USA.",LC,0
3353,Microtus canicaudus,Muridae,Rodentia,4,1,3,413,"Alderton, D. 1996. Rodents of the world. Facts on File, INC., NY, USA.",LC,0
3354,Microtus daghestanicus,Muridae,Rodentia,4,1,3,413,"Alderton, D. 1996. Rodents of the world. Facts on File, INC., NY, USA.",LC,0
3355,Microtus duodecimcostatus,Muridae,Rodentia,4,1,3,413,"Alderton, D. 1996. Rodents of the world. Facts on File, INC., NY, USA.",LC,0
3357,Microtus felteni,Muridae,Rodentia,4,1,3,413,"Alderton, D. 1996. Rodents of the world. Facts on File, INC., NY, USA.",LC,0
3358,Microtus fortis,Muridae,Rodentia,4,1,3,413,"Alderton, D. 1996. Rodents of the world. Facts on File, INC., NY, USA.",LC,0
3359,Microtus gerbei,Muridae,Rodentia,4,1,3,413,"Alderton, D. 1996. Rodents of the world. Facts on File, INC., NY, USA.",LC,0
3360,Microtus gregalis,Muridae,Rodentia,4,1,3,413,"Alderton, D. 1996. Rodents of the world. Facts on File, INC., NY, USA.",LC,0
3361,Microtus guatemalensis,Muridae,Rodentia,4,1,3,413,"Alderton, D. 1996. Rodents of the world. Facts on File, INC., NY, USA.",NT,0
3362,Microtus guentheri,Muridae,Rodentia,4,1,3,413,"Alderton, D. 1996. Rodents of the world. Facts on File, INC., NY, USA.",LC,0
3363,Microtus hyperboreus,Muridae,Rodentia,4,1,3,413,"Alderton, D. 1996. Rodents of the world. Facts on File, INC., NY, USA.",LC,0
3364,Microtus irani,Muridae,Rodentia,4,1,3,413,"Alderton, D. 1996. Rodents of the world. Facts on File, INC., NY, USA.",VU,1
3370,Microtus limnophilus,Muridae,Rodentia,4,1,3,413,"Alderton, D. 1996. Rodents of the world. Facts on File, INC., NY, USA.",LC,0
3371,Microtus longicaudus,Muridae,Rodentia,4,1,3,413,"Alderton, D. 1996. Rodents of the world. Facts on File, INC., NY, USA.",LC,0
3372,Microtus lusitanicus,Muridae,Rodentia,4,1,3,413,"Alderton, D. 1996. Rodents of the world. Facts on File, INC., NY, USA.",LC,0
3373,Microtus majori,Muridae,Rodentia,4,1,3,413,"Alderton, D. 1996. Rodents of the world. Facts on File, INC., NY, USA.",LC,0
3374,Microtus maximowiczii,Muridae,Rodentia,4,1,3,413,"Alderton, D. 1996. Rodents of the world. Facts on File, INC., NY, USA.",LC,0
3376,Microtus mexicanus,Muridae,Rodentia,4,1,3,413,"Alderton, D. 1996. Rodents of the world. Facts on File, INC., NY, USA.",LC,0
3378,Microtus miurus,Muridae,Rodentia,4,1,3,413,"Alderton, D. 1996. Rodents of the world. Facts on File, INC., NY, USA.",LC,0
3379,Microtus mongolicus,Muridae,Rodentia,4,1,3,413,"Alderton, D. 1996. Rodents of the world. Facts on File, INC., NY, USA.",LC,0
3380,Microtus montanus,Muridae,Rodentia,4,1,3,413,"Alderton, D. 1996. Rodents of the world. Facts on File, INC., NY, USA.",LC,0
3381,Microtus montebelli,Muridae,Rodentia,4,1,3,413,"Alderton, D. 1996. Rodents of the world. Facts on File, INC., NY, USA.",LC,0
3383,Microtus multiplex,Muridae,Rodentia,4,1,3,413,"Alderton, D. 1996. Rodents of the world. Facts on File, INC., NY, USA.",LC,0
3385,Microtus oaxacensis,Muridae,Rodentia,4,1,3,413,"Alderton, D. 1996. Rodents of the world. Facts on File, INC., NY, USA.",EN,1
3387,Microtus ochrogaster,Muridae,Rodentia,4,1,3,413,"Hutchins M, Kleiman DG, Geist V, McDade MC. 2003. Grzimek’s Animal Life Encyclopedia Second Edition, Volume 12-16 Mammals I-V. Gale, Farmington Hills, MI, USA.",LC,0
3388,Microtus oeconomus,Muridae,Rodentia,4,1,3,413,"Alderton, D. 1996. Rodents of the world. Facts on File, INC., NY, USA.",LC,0
3390,Microtus oregoni,Muridae,Rodentia,4,1,3,413,"Alderton, D. 1996. Rodents of the world. Facts on File, INC., NY, USA.",LC,0
3391,Microtus quasiater,Muridae,Rodentia,4,1,3,413,"Alderton, D. 1996. Rodents of the world. Facts on File, INC., NY, USA.",NT,0
3392,Microtus richardsoni,Muridae,Rodentia,4,1,3,413,"Alderton, D. 1996. Rodents of the world. Facts on File, INC., NY, USA.",LC,0
3394,Microtus sachalinensis,Muridae,Rodentia,4,1,3,413,"Alderton, D. 1996. Rodents of the world. Facts on File, INC., NY, USA.",LC,0
3395,Microtus savii,Muridae,Rodentia,4,1,3,413,"Alderton, D. 1996. Rodents of the world. Facts on File, INC., NY, USA.",LC,0
3397,Microtus schelkovnikovi,Muridae,Rodentia,4,1,3,413,"Alderton, D. 1996. Rodents of the world. Facts on File, INC., NY, USA.",LC,0
3399,Microtus socialis,Muridae,Rodentia,4,1,3,413,"Alderton, D. 1996. Rodents of the world. Facts on File, INC., NY, USA.",LC,0
3400,Microtus subterraneus,Muridae,Rodentia,4,1,3,413,"Alderton, D. 1996. Rodents of the world. Facts on File, INC., NY, USA.",LC,0
3401,Microtus tatricus,Muridae,Rodentia,4,1,3,413,"Alderton, D. 1996. Rodents of the world. Facts on File, INC., NY, USA.",LC,0
3402,Microtus thomasi,Muridae,Rodentia,4,1,3,413,"Alderton, D. 1996. Rodents of the world. Facts on File, INC., NY, USA.",LC,0
3403,Microtus townsendii,Muridae,Rodentia,4,1,3,413,"Alderton, D. 1996. Rodents of the world. Facts on File, INC., NY, USA.",LC,0
3404,Microtus transcaspicus,Muridae,Rodentia,4,1,3,413,"Alderton, D. 1996. Rodents of the world. Facts on File, INC., NY, USA.",LC,0
3405,Microtus umbrosus,Muridae,Rodentia,4,1,3,413,"Alderton, D. 1996. Rodents of the world. Facts on File, INC., NY, USA.",EN,1
3406,Microtus xanthognathus,Muridae,Rodentia,4,1,3,413,"Alderton, D. 1996. Rodents of the world. Facts on File, INC., NY, USA.",LC,0
3407,Millardia gleadowi,Muridae,Rodentia,4,1,3,413,"Hutchins M, Kleiman DG, Geist V, McDade MC. 2003. Grzimek’s Animal Life Encyclopedia Second Edition, Volume 12-16 Mammals I-V. Gale, Farmington Hills, MI, USA. ; Nowak RM. 1999. Walker’s Mammals of the World, Vol. 2. Sixth Ed. The Johns Hopkins University Press, Maryland, USA.",LC,0
3408,Millardia kathleenae,Muridae,Rodentia,4,1,3,413,"Hutchins M, Kleiman DG, Geist V, McDade MC. 2003. Grzimek’s Animal Life Encyclopedia Second Edition, Volume 12-16 Mammals I-V. Gale, Farmington Hills, MI, USA. ; Nowak RM. 1999. Walker’s Mammals of the World, Vol. 2. Sixth Ed. The Johns Hopkins University Press, Maryland, USA.",LC,0
3409,Millardia kondana,Muridae,Rodentia,4,1,3,413,"Hutchins M, Kleiman DG, Geist V, McDade MC. 2003. Grzimek’s Animal Life Encyclopedia Second Edition, Volume 12-16 Mammals I-V. Gale, Farmington Hills, MI, USA. ; Nowak RM. 1999. Walker’s Mammals of the World, Vol. 2. Sixth Ed. The Johns Hopkins University Press, Maryland, USA.",EN,1
3410,Millardia meltada,Muridae,Rodentia,4,1,3,413,"Hutchins M, Kleiman DG, Geist V, McDade MC. 2003. Grzimek’s Animal Life Encyclopedia Second Edition, Volume 12-16 Mammals I-V. Gale, Farmington Hills, MI, USA. ; Nowak RM. 1999. Walker’s Mammals of the World, Vol. 2. Sixth Ed. The Johns Hopkins University Press, Maryland, USA.",LC,0
3411,Monticolomys koopmani,Muridae,Rodentia,4,1,3,413,"Alderton, D. 1996. Rodents of the world. Facts on File, INC., NY, USA. ; Nowak RM. 1999. Walker’s Mammals of the World, Vol. 2. Sixth Ed. The Johns Hopkins University Press, Maryland, USA.",LC,0
3412,Mus booduga,Muridae,Rodentia,4,1,3,313,"Hutchins M, Kleiman DG, Geist V, McDade MC. 2003. Grzimek’s Animal Life Encyclopedia Second Edition, Volume 12-16 Mammals I-V. Gale, Farmington Hills, MI, USA. ; Nowak RM. 1999. Walker’s Mammals of the World, Vol. 2. Sixth Ed. The Johns Hopkins University Press, Maryland, USA. ",LC,0
3413,Mus phillipsi,Muridae,Rodentia,4,1,3,313,"Hutchins M, Kleiman DG, Geist V, McDade MC. 2003. Grzimek’s Animal Life Encyclopedia Second Edition, Volume 12-16 Mammals I-V. Gale, Farmington Hills, MI, USA.; Marshall, J. T. 1977. A synopsis of Asian species of Mus (Rodentia, Muridae). Bulletin of the AMNH; v. 158, article 3. ; Nowak RM. 1999. Walker’s Mammals of the World, Vol. 2. Sixth Ed. The Johns Hopkins University Press, Maryland, USA. ",LC,0
3414,Mus platythrix,Muridae,Rodentia,4,1,3,313,"Hutchins M, Kleiman DG, Geist V, McDade MC. 2003. Grzimek’s Animal Life Encyclopedia Second Edition, Volume 12-16 Mammals I-V. Gale, Farmington Hills, MI, USA.; Marshall, J. T. 1977. A synopsis of Asian species of Mus (Rodentia, Muridae). Bulletin of the AMNH; v. 158, article 3. ; Nowak RM. 1999. Walker’s Mammals of the World, Vol. 2. Sixth Ed. The Johns Hopkins University Press, Maryland, USA. ",LC,0
3415,Mus saxicola,Muridae,Rodentia,4,1,3,313,"Hutchins M, Kleiman DG, Geist V, McDade MC. 2003. Grzimek’s Animal Life Encyclopedia Second Edition, Volume 12-16 Mammals I-V. Gale, Farmington Hills, MI, USA.; Marshall, J. T. 1977. A synopsis of Asian species of Mus (Rodentia, Muridae). Bulletin of the AMNH; v. 158, article 3. ; Nowak RM. 1999. Walker’s Mammals of the World, Vol. 2. Sixth Ed. The Johns Hopkins University Press, Maryland, USA. ",LC,0
3416,Nesokia bunnii,Muridae,Rodentia,4,1,3,413,"Hutchins M, Kleiman DG, Geist V, McDade MC. 2003. Grzimek’s Animal Life Encyclopedia Second Edition, Volume 12-16 Mammals I-V. Gale, Farmington Hills, MI, USA. ; Nowak RM. 1999. Walker’s Mammals of the World, Vol. 2. Sixth Ed. The Johns Hopkins University Press, Maryland, USA.",EN,1
3417,Nesomys audeberti,Muridae,Rodentia,4,1,3,413,"Alderton, D. 1996. Rodents of the world. Facts on File, INC., NY, USA.",LC,0
3418,Nesomys lambertoni,Muridae,Rodentia,4,1,3,413,"Alderton, D. 1996. Rodents of the world. Facts on File, INC., NY, USA.",EN,1
3419,Nesomys rufus,Muridae,Rodentia,4,1,3,413,"Alderton, D. 1996. Rodents of the world. Facts on File, INC., NY, USA.",LC,0
3420,Notomys alexis,Muridae,Rodentia,4,1,3,413,"Hutchins M, Kleiman DG, Geist V, McDade MC. 2003. Grzimek’s Animal Life Encyclopedia Second Edition, Volume 12-16 Mammals I-V. Gale, Farmington Hills, MI, USA.",LC,0
3421,Ondatra zibethicus,Muridae,Rodentia,4,1,3,413,"Hutchins M, Kleiman DG, Geist V, McDade MC. 2003. Grzimek’s Animal Life Encyclopedia Second Edition, Volume 12-16 Mammals I-V. Gale, Farmington Hills, MI, USA.Burton, M., Burton R. 1975. Encyclopedia of Mammals. Octopus Books Limited, London W1.",LC,0
3422,Otomys anchietae,Muridae,Rodentia,4,1,3,413,"Alderton, D. 1996. Rodents of the world. Facts on File, INC., NY, USA.",LC,0
3423,Otomys angoniensis,Muridae,Rodentia,4,1,3,413,"Hutchins M, Kleiman DG, Geist V, McDade MC. 2003. Grzimek’s Animal Life Encyclopedia Second Edition, Volume 12-16 Mammals I-V. Gale, Farmington Hills, MI, USA.",LC,0
3424,Otomys denti,Muridae,Rodentia,4,1,3,413,"Alderton, D. 1996. Rodents of the world. Facts on File, INC., NY, USA.",LC,0
3425,Otomys irroratus,Muridae,Rodentia,4,1,3,413,"Alderton, D. 1996. Rodents of the world. Facts on File, INC., NY, USA.",LC,0
3426,Otomys laminatus,Muridae,Rodentia,4,1,3,413,"Alderton, D. 1996. Rodents of the world. Facts on File, INC., NY, USA.",NT,0
3428,Otomys occidentalis,Muridae,Rodentia,4,1,3,413,"Alderton, D. 1996. Rodents of the world. Facts on File, INC., NY, USA.",VU,1
3430,Otomys sloggetti,Muridae,Rodentia,4,1,3,413,"Alderton, D. 1996. Rodents of the world. Facts on File, INC., NY, USA.",LC,0
3431,Otomys tropicalis,Muridae,Rodentia,4,1,3,413,"Alderton, D. 1996. Rodents of the world. Facts on File, INC., NY, USA.",LC,0
3432,Otomys typus,Muridae,Rodentia,4,1,3,413,"Alderton, D. 1996. Rodents of the world. Facts on File, INC., NY, USA.",LC,0
3433,Otomys unisulcatus,Muridae,Rodentia,4,1,3,413,"Alderton, D. 1996. Rodents of the world. Facts on File, INC., NY, USA.",LC,0
3434,Parotomys brantsii,Muridae,Rodentia,4,1,3,413,"Alderton, D. 1996. Rodents of the world. Facts on File, INC., NY, USA.",LC,0
3435,Parotomys littledalei,Muridae,Rodentia,4,1,3,413,"Alderton, D. 1996. Rodents of the world. Facts on File, INC., NY, USA.",LC,0
3436,Peromyscus attwateri,Muridae,Rodentia,4,1,3,413,"Hutchins M, Kleiman DG, Geist V, McDade MC. 2003. Grzimek’s Animal Life Encyclopedia Second Edition, Volume 12-16 Mammals I-V. Gale, Farmington Hills, MI, USA.; Alderton, D. 1996. Rodents of the world. Facts on File, INC., NY, USA.",LC,0
3437,Peromyscus californicus,Muridae,Rodentia,4,1,3,413,"Hutchins M, Kleiman DG, Geist V, McDade MC. 2003. Grzimek’s Animal Life Encyclopedia Second Edition, Volume 12-16 Mammals I-V. Gale, Farmington Hills, MI, USA.; Alderton, D. 1996. Rodents of the world. Facts on File, INC., NY, USA.",LC,0
3438,Peromyscus leucopus,Muridae,Rodentia,4,1,3,413,"Hutchins M, Kleiman DG, Geist V, McDade MC. 2003. Grzimek’s Animal Life Encyclopedia Second Edition, Volume 12-16 Mammals I-V. Gale, Farmington Hills, MI, USA.; Alderton, D. 1996. Rodents of the world. Facts on File, INC., NY, USA. ; Klein, S., 1983. The encyclopedia of North American wildlife. Facts on File, INC., NY, USA.",LC,0
3439,Peromyscus maniculatus,Muridae,Rodentia,4,1,3,413,"Long JL. 2003. Introduced Mammals of the World, Their history, distribution, and influence. CSIRO Publishing, Collingwood VIC, Australia.; Alderton, D. 1996. Rodents of the world. Facts on File, INC., NY, USA.; Macdonald, D. W. 2006. The Princeton Encyclopedia of Mammals. Princeton University Press, Princeton, NJ.",LC,0
3440,Phenacomys intermedius,Muridae,Rodentia,4,1,3,413,"Hutchins M, Kleiman DG, Geist V, McDade MC. 2003. Grzimek’s Animal Life Encyclopedia Second Edition, Volume 12-16 Mammals I-V. Gale, Farmington Hills, MI, USA.; Klein, S., 1983. The encyclopedia of North American wildlife. Facts on File, INC., NY, USA.",LC,0
3441,Phenacomys ungava,Muridae,Rodentia,4,1,3,413,"Hutchins M, Kleiman DG, Geist V, McDade MC. 2003. Grzimek’s Animal Life Encyclopedia Second Edition, Volume 12-16 Mammals I-V. Gale, Farmington Hills, MI, USA. ; Klein, S., 1983. The encyclopedia of North American wildlife. Facts on File, INC., NY, USA.",LC,0
3442,Phodopus campbelli,Muridae,Rodentia,4,1,3,413,"Hutchins M, Kleiman DG, Geist V, McDade MC. 2003. Grzimek’s Animal Life Encyclopedia Second Edition, Volume 12-16 Mammals I-V. Gale, Farmington Hills, MI, USA. ; Nowak RM. 1999. Walker’s Mammals of the World, Vol. 2. Sixth Ed. The Johns Hopkins University Press, Maryland, USA.",LC,0
3443,Phodopus roborovskii,Muridae,Rodentia,4,1,3,413,"Hutchins M, Kleiman DG, Geist V, McDade MC. 2003. Grzimek’s Animal Life Encyclopedia Second Edition, Volume 12-16 Mammals I-V. Gale, Farmington Hills, MI, USA. ; Nowak RM. 1999. Walker’s Mammals of the World, Vol. 2. Sixth Ed. The Johns Hopkins University Press, Maryland, USA.",LC,0
3444,Phodopus sungorus,Muridae,Rodentia,4,1,3,413,"Hutchins M, Kleiman DG, Geist V, McDade MC. 2003. Grzimek’s Animal Life Encyclopedia Second Edition, Volume 12-16 Mammals I-V. Gale, Farmington Hills, MI, USA.",LC,0
3446,Pogonomys loriae,Muridae,Rodentia,4,1,3,413,"Hutchins M, Kleiman DG, Geist V, McDade MC. 2003. Grzimek’s Animal Life Encyclopedia Second Edition, Volume 12-16 Mammals I-V. Gale, Farmington Hills, MI, USA.; Flannery T. 1995. Mammals of New Guinea. Cornell University Press, Ithaca, NY.",LC,0
3447,Pogonomys macrourus,Muridae,Rodentia,4,1,3,413,"Hutchins M, Kleiman DG, Geist V, McDade MC. 2003. Grzimek’s Animal Life Encyclopedia Second Edition, Volume 12-16 Mammals I-V. Gale, Farmington Hills, MI, USA.; Flannery T. 1995. Mammals of New Guinea. Cornell University Press, Ithaca, NY.",LC,0
3448,Pogonomys sylvestris,Muridae,Rodentia,4,1,3,413,"Hutchins M, Kleiman DG, Geist V, McDade MC. 2003. Grzimek’s Animal Life Encyclopedia Second Edition, Volume 12-16 Mammals I-V. Gale, Farmington Hills, MI, USA.; Flannery T. 1995. Mammals of New Guinea. Cornell University Press, Ithaca, NY.",LC,0
3449,Pseudomys albocinereus,Muridae,Rodentia,4,1,3,413,"Hutchins M, Kleiman DG, Geist V, McDade MC. 2003. Grzimek’s Animal Life Encyclopedia Second Edition, Volume 12-16 Mammals I-V. Gale, Farmington Hills, MI, USA. ; Nowak RM. 1999. Walker’s Mammals of the World, Vol. 2. Sixth Ed. The Johns Hopkins University Press, Maryland, USA.",LC,0
3450,Pseudomys apodemoides,Muridae,Rodentia,4,1,3,413,"Hutchins M, Kleiman DG, Geist V, McDade MC. 2003. Grzimek’s Animal Life Encyclopedia Second Edition, Volume 12-16 Mammals I-V. Gale, Farmington Hills, MI, USA.; Nowak RM. 1999. Walker’s Mammals of the World, Vol. 2. Sixth Ed. The Johns Hopkins University Press, Maryland, USA.",LC,0
3451,Pseudomys australis,Muridae,Rodentia,4,1,3,413,"Hutchins M, Kleiman DG, Geist V, McDade MC. 2003. Grzimek’s Animal Life Encyclopedia Second Edition, Volume 12-16 Mammals I-V. Gale, Farmington Hills, MI, USA. ; Nowak RM. 1999. Walker’s Mammals of the World, Vol. 2. Sixth Ed. The Johns Hopkins University Press, Maryland, USA.",VU,1
3452,Pseudomys bolami,Muridae,Rodentia,4,1,3,413,"Hutchins M, Kleiman DG, Geist V, McDade MC. 2003. Grzimek’s Animal Life Encyclopedia Second Edition, Volume 12-16 Mammals I-V. Gale, Farmington Hills, MI, USA.; Nowak RM. 1999. Walker’s Mammals of the World, Vol. 2. Sixth Ed. The Johns Hopkins University Press, Maryland, USA.",LC,0
3453,Pseudomys chapmani,Muridae,Rodentia,4,1,3,413,"Hutchins M, Kleiman DG, Geist V, McDade MC. 2003. Grzimek’s Animal Life Encyclopedia Second Edition, Volume 12-16 Mammals I-V. Gale, Farmington Hills, MI, USA. ; Nowak RM. 1999. Walker’s Mammals of the World, Vol. 2. Sixth Ed. The Johns Hopkins University Press, Maryland, USA.",LC,0
3454,Pseudomys delicatulus,Muridae,Rodentia,4,1,3,413,"Hutchins M, Kleiman DG, Geist V, McDade MC. 2003. Grzimek’s Animal Life Encyclopedia Second Edition, Volume 12-16 Mammals I-V. Gale, Farmington Hills, MI, USA.; Nowak RM. 1999. Walker’s Mammals of the World, Vol. 2. Sixth Ed. The Johns Hopkins University Press, Maryland, USA.",LC,0
3455,Pseudomys desertor,Muridae,Rodentia,4,1,3,413,"Hutchins M, Kleiman DG, Geist V, McDade MC. 2003. Grzimek’s Animal Life Encyclopedia Second Edition, Volume 12-16 Mammals I-V. Gale, Farmington Hills, MI, USA. ; Nowak RM. 1999. Walker’s Mammals of the World, Vol. 2. Sixth Ed. The Johns Hopkins University Press, Maryland, USA.",LC,0
3456,Pseudomys fieldi,Muridae,Rodentia,4,1,3,413,"Hutchins M, Kleiman DG, Geist V, McDade MC. 2003. Grzimek’s Animal Life Encyclopedia Second Edition, Volume 12-16 Mammals I-V. Gale, Farmington Hills, MI, USA.; Nowak RM. 1999. Walker’s Mammals of the World, Vol. 2. Sixth Ed. The Johns Hopkins University Press, Maryland, USA.",VU,1
3457,Pseudomys fumeus,Muridae,Rodentia,4,1,3,413,"Hutchins M, Kleiman DG, Geist V, McDade MC. 2003. Grzimek’s Animal Life Encyclopedia Second Edition, Volume 12-16 Mammals I-V. Gale, Farmington Hills, MI, USA. ; Nowak RM. 1999. Walker’s Mammals of the World, Vol. 2. Sixth Ed. The Johns Hopkins University Press, Maryland, USA.",VU,1
3459,Pseudomys glaucus,Muridae,Rodentia,4,1,3,413,"Hutchins M, Kleiman DG, Geist V, McDade MC. 2003. Grzimek’s Animal Life Encyclopedia Second Edition, Volume 12-16 Mammals I-V. Gale, Farmington Hills, MI, USA. ; Nowak RM. 1999. Walker’s Mammals of the World, Vol. 2. Sixth Ed. The Johns Hopkins University Press, Maryland, USA.",EX,1
3460,Pseudomys gouldii,Muridae,Rodentia,4,1,3,413,"Hutchins M, Kleiman DG, Geist V, McDade MC. 2003. Grzimek’s Animal Life Encyclopedia Second Edition, Volume 12-16 Mammals I-V. Gale, Farmington Hills, MI, USA.; Nowak RM. 1999. Walker’s Mammals of the World, Vol. 2. Sixth Ed. The Johns Hopkins University Press, Maryland, USA.",EX,1
3461,Pseudomys gracilicaudatus,Muridae,Rodentia,4,1,3,413,"Hutchins M, Kleiman DG, Geist V, McDade MC. 2003. Grzimek’s Animal Life Encyclopedia Second Edition, Volume 12-16 Mammals I-V. Gale, Farmington Hills, MI, USA. ; Nowak RM. 1999. Walker’s Mammals of the World, Vol. 2. Sixth Ed. The Johns Hopkins University Press, Maryland, USA.",LC,0
3462,Pseudomys hermannsburgensis,Muridae,Rodentia,4,1,3,413,"Hutchins M, Kleiman DG, Geist V, McDade MC. 2003. Grzimek’s Animal Life Encyclopedia Second Edition, Volume 12-16 Mammals I-V. Gale, Farmington Hills, MI, USA.; Nowak RM. 1999. Walker’s Mammals of the World, Vol. 2. Sixth Ed. The Johns Hopkins University Press, Maryland, USA.",LC,0
3463,Pseudomys higginsi,Muridae,Rodentia,4,1,3,413,"Hutchins M, Kleiman DG, Geist V, McDade MC. 2003. Grzimek’s Animal Life Encyclopedia Second Edition, Volume 12-16 Mammals I-V. Gale, Farmington Hills, MI, USA. ; Nowak RM. 1999. Walker’s Mammals of the World, Vol. 2. Sixth Ed. The Johns Hopkins University Press, Maryland, USA.",LC,0
3464,Pseudomys johnsoni,Muridae,Rodentia,4,1,3,413,"Hutchins M, Kleiman DG, Geist V, McDade MC. 2003. Grzimek’s Animal Life Encyclopedia Second Edition, Volume 12-16 Mammals I-V. Gale, Farmington Hills, MI, USA.; Nowak RM. 1999. Walker’s Mammals of the World, Vol. 2. Sixth Ed. The Johns Hopkins University Press, Maryland, USA.",LC,0
3466,Pseudomys nanus,Muridae,Rodentia,4,1,3,413,"Hutchins M, Kleiman DG, Geist V, McDade MC. 2003. Grzimek’s Animal Life Encyclopedia Second Edition, Volume 12-16 Mammals I-V. Gale, Farmington Hills, MI, USA.; Nowak RM. 1999. Walker’s Mammals of the World, Vol. 2. Sixth Ed. The Johns Hopkins University Press, Maryland, USA.",LC,0
3467,Pseudomys novaehollandiae,Muridae,Rodentia,4,1,3,413,"Hutchins M, Kleiman DG, Geist V, McDade MC. 2003. Grzimek’s Animal Life Encyclopedia Second Edition, Volume 12-16 Mammals I-V. Gale, Farmington Hills, MI, USA. ; Nowak RM. 1999. Walker’s Mammals of the World, Vol. 2. Sixth Ed. The Johns Hopkins University Press, Maryland, USA.",VU,1
3468,Pseudomys occidentalis,Muridae,Rodentia,4,1,3,413,"Hutchins M, Kleiman DG, Geist V, McDade MC. 2003. Grzimek’s Animal Life Encyclopedia Second Edition, Volume 12-16 Mammals I-V. Gale, Farmington Hills, MI, USA.; Nowak RM. 1999. Walker’s Mammals of the World, Vol. 2. Sixth Ed. The Johns Hopkins University Press, Maryland, USA.",NT,0
3469,Pseudomys oralis,Muridae,Rodentia,4,1,3,413,"Hutchins M, Kleiman DG, Geist V, McDade MC. 2003. Grzimek’s Animal Life Encyclopedia Second Edition, Volume 12-16 Mammals I-V. Gale, Farmington Hills, MI, USA. ; Nowak RM. 1999. Walker’s Mammals of the World, Vol. 2. Sixth Ed. The Johns Hopkins University Press, Maryland, USA.",VU,1
3470,Pseudomys patrius,Muridae,Rodentia,4,1,3,413,"Hutchins M, Kleiman DG, Geist V, McDade MC. 2003. Grzimek’s Animal Life Encyclopedia Second Edition, Volume 12-16 Mammals I-V. Gale, Farmington Hills, MI, USA.; Nowak RM. 1999. Walker’s Mammals of the World, Vol. 2. Sixth Ed. The Johns Hopkins University Press, Maryland, USA.",LC,0
3473,Pseudomys shortridgei,Muridae,Rodentia,4,1,3,413,"Hutchins M, Kleiman DG, Geist V, McDade MC. 2003. Grzimek’s Animal Life Encyclopedia Second Edition, Volume 12-16 Mammals I-V. Gale, Farmington Hills, MI, USA. ; Nowak RM. 1999. Walker’s Mammals of the World, Vol. 2. Sixth Ed. The Johns Hopkins University Press, Maryland, USA.",NT,0
3474,Rattus argentiventer,Muridae,Rodentia,4,1,3,413,"Long JL. 2003. Introduced Mammals of the World, Their history, distribution, and influence. CSIRO Publishing, Collingwood VIC, Australia.",LC,0
3475,Rattus rattus,Muridae,Rodentia,4,1,3,413,"Hutchins M, Kleiman DG, Geist V, McDade MC. 2003. Grzimek’s Animal Life Encyclopedia Second Edition, Volume 12-16 Mammals I-V. Gale, Farmington Hills, MI, USA., Long JL. 2003. Introduced Mammals of the World, Their history, distribution, and influence. CSIRO Publishing, Collingwood VIC, Australia.",LC,0
3476,Reithrodon auritus,Muridae,Rodentia,4,1,3,413,"Hutchins M, Kleiman DG, Geist V, McDade MC. 2003. Grzimek’s Animal Life Encyclopedia Second Edition, Volume 12-16 Mammals I-V. Gale, Farmington Hills, MI, USA.",LC,0
3477,Rhizomys pruinosus,Muridae,Rodentia,4,1,3,413,"Alderton, D. 1996. Rodents of the world. Facts on File, INC., NY, USA.",LC,0
3478,Rhizomys sinensis,Muridae,Rodentia,4,1,3,413,"Alderton, D. 1996. Rodents of the world. Facts on File, INC., NY, USA.",LC,0
3479,Rhizomys sumatrensis,Muridae,Rodentia,4,1,3,413,"Alderton, D. 1996. Rodents of the world. Facts on File, INC., NY, USA.",LC,0
3480,Rhombomys opimus,Muridae,Rodentia,4,1,3,413,"Alderton, D. 1996. Rodents of the world. Facts on File, INC., NY, USA.",LC,0
3481,Saccostomus campestris,Muridae,Rodentia,4,1,3,413,"Alderton, D. 1996. Rodents of the world. Facts on File, INC., NY, USA.",LC,0
3482,Saccostomus mearnsi,Muridae,Rodentia,4,1,3,413,"Alderton, D. 1996. Rodents of the world. Facts on File, INC., NY, USA.",LC,0
3483,Spalax graecus,Muridae,Rodentia,4,1,3,413,"Hutchins M, Kleiman DG, Geist V, McDade MC. 2003. Grzimek’s Animal Life Encyclopedia Second Edition, Volume 12-16 Mammals I-V. Gale, Farmington Hills, MI, USA.",VU,1
3484,Steatomys parvus,Muridae,Rodentia,4,1,3,413,"Alderton, D. 1996. Rodents of the world. Facts on File, INC., NY, USA.",LC,0
3485,Steatomys pratensis,Muridae,Rodentia,4,1,3,413,"Hutchins M, Kleiman DG, Geist V, McDade MC. 2003. Grzimek’s Animal Life Encyclopedia Second Edition, Volume 12-16 Mammals I-V. Gale, Farmington Hills, MI, USA. ; Skinner, J. D., Chimimba, C. T. 2005. The Mammals of Southern African Subregion. Cambridge University Press, Cape Town, South Africa.; Skinner, J. D., Chimimba, C. T. 2005. The Mammals of Southern African Subregion. Cambridge University Press, Cape Town, South Africa.  ",LC,0
3487,Synaptomys borealis,Muridae,Rodentia,4,1,3,413,"Hutchins M, Kleiman DG, Geist V, McDade MC. 2003. Grzimek’s Animal Life Encyclopedia Second Edition, Volume 12-16 Mammals I-V. Gale, Farmington Hills, MI, USA.",LC,0
3488,Synaptomys cooperi,Muridae,Rodentia,4,1,3,413,"Klein, S., 1983. The encyclopedia of North American wildlife. Facts on File, INC., NY, USA.",LC,0
3493,Tachyoryctes macrocephalus,Muridae,Rodentia,4,1,3,413,"Alderton, D. 1996. Rodents of the world. Facts on File, INC., NY, USA.",EN,1
3499,Tachyoryctes splendens,Muridae,Rodentia,4,1,3,413,"Hutchins M, Kleiman DG, Geist V, McDade MC. 2003. Grzimek’s Animal Life Encyclopedia Second Edition, Volume 12-16 Mammals I-V. Gale, Farmington Hills, MI, USA.",LC,0
3501,Taterillus arenarius,Muridae,Rodentia,4,1,3,413,"Hutchins M, Kleiman DG, Geist V, McDade MC. 2003. Grzimek’s Animal Life Encyclopedia Second Edition, Volume 12-16 Mammals I-V. Gale, Farmington Hills, MI, USA.; Macdonald, D. W. 2006. The Princeton Encyclopedia of Mammals. Princeton University Press, Princeton, NJ.",LC,0
3502,Taterillus congicus,Muridae,Rodentia,4,1,3,413,"Hutchins M, Kleiman DG, Geist V, McDade MC. 2003. Grzimek’s Animal Life Encyclopedia Second Edition, Volume 12-16 Mammals I-V. Gale, Farmington Hills, MI, USA.; Macdonald, D. W. 2006. The Princeton Encyclopedia of Mammals. Princeton University Press, Princeton, NJ.",LC,0
3503,Taterillus emini,Muridae,Rodentia,4,1,3,413,"Hutchins M, Kleiman DG, Geist V, McDade MC. 2003. Grzimek’s Animal Life Encyclopedia Second Edition, Volume 12-16 Mammals I-V. Gale, Farmington Hills, MI, USA.; Macdonald, D. W. 2006. The Princeton Encyclopedia of Mammals. Princeton University Press, Princeton, NJ.",LC,0
3504,Taterillus gracilis,Muridae,Rodentia,4,1,3,413,"Hutchins M, Kleiman DG, Geist V, McDade MC. 2003. Grzimek’s Animal Life Encyclopedia Second Edition, Volume 12-16 Mammals I-V. Gale, Farmington Hills, MI, USA.; Macdonald, D. W. 2006. The Princeton Encyclopedia of Mammals. Princeton University Press, Princeton, NJ.",LC,0
3506,Taterillus lacustris,Muridae,Rodentia,4,1,3,413,"Hutchins M, Kleiman DG, Geist V, McDade MC. 2003. Grzimek’s Animal Life Encyclopedia Second Edition, Volume 12-16 Mammals I-V. Gale, Farmington Hills, MI, USA.; Macdonald, D. W. 2006. The Princeton Encyclopedia of Mammals. Princeton University Press, Princeton, NJ.",LC,0
3507,Taterillus petteri,Muridae,Rodentia,4,1,3,413,"Hutchins M, Kleiman DG, Geist V, McDade MC. 2003. Grzimek’s Animal Life Encyclopedia Second Edition, Volume 12-16 Mammals I-V. Gale, Farmington Hills, MI, USA.; Macdonald, D. W. 2006. The Princeton Encyclopedia of Mammals. Princeton University Press, Princeton, NJ.",LC,0
3508,Taterillus pygargus,Muridae,Rodentia,4,1,3,413,"Hutchins M, Kleiman DG, Geist V, McDade MC. 2003. Grzimek’s Animal Life Encyclopedia Second Edition, Volume 12-16 Mammals I-V. Gale, Farmington Hills, MI, USA.; Macdonald, D. W. 2006. The Princeton Encyclopedia of Mammals. Princeton University Press, Princeton, NJ.",LC,0
3509,Tscherskia triton,Muridae,Rodentia,4,1,3,413,"Hutchins M, Kleiman DG, Geist V, McDade MC. 2003. Grzimek’s Animal Life Encyclopedia Second Edition, Volume 12-16 Mammals I-V. Gale, Farmington Hills, MI, USA.",LC,0
3510,Uromys caudimaculatus,Muridae,Rodentia,4,1,3,413,"Hutchins M, Kleiman DG, Geist V, McDade MC. 2003. Grzimek’s Animal Life Encyclopedia Second Edition, Volume 12-16 Mammals I-V. Gale, Farmington Hills, MI, USA.; Flannery T. 1995. Mammals of New Guinea. Cornell University Press, Ithaca, NY.",LC,0
3511,Ochotona cansus,Ochotonidae,Lagomorpha,4,1,3,413,"Hutchins M, Kleiman DG, Geist V, McDade MC. 2003. Grzimek’s Animal Life Encyclopedia Second Edition, Volume 12-16 Mammals I-V. Gale, Farmington Hills, MI, USA.",LC,0
3512,Ochotona curzoniae,Ochotonidae,Lagomorpha,4,1,3,413,"Hutchins M, Kleiman DG, Geist V, McDade MC. 2003. Grzimek’s Animal Life Encyclopedia Second Edition, Volume 12-16 Mammals I-V. Gale, Farmington Hills, MI, USA.",LC,0
3513,Ochotona dauurica,Ochotonidae,Lagomorpha,4,1,3,413,"Macdonald, D. W. 2006. The Princeton Encyclopedia of Mammals. Princeton University Press, Princeton, NJ. ; Nowak RM. 1999. Walker’s Mammals of the World, Vol. 2. Sixth Ed. The Johns Hopkins University Press, Maryland, USA. ",LC,0
3515,Ochotona pusilla,Ochotonidae,Lagomorpha,4,1,3,413,"Hutchins M, Kleiman DG, Geist V, McDade MC. 2003. Grzimek’s Animal Life Encyclopedia Second Edition, Volume 12-16 Mammals I-V. Gale, Farmington Hills, MI, USA.",LC,0
3516,Ochotona rufescens,Ochotonidae,Lagomorpha,4,1,3,413,"Hutchins M, Kleiman DG, Geist V, McDade MC. 2003. Grzimek’s Animal Life Encyclopedia Second Edition, Volume 12-16 Mammals I-V. Gale, Farmington Hills, MI, USA.",LC,0
3517,Octodontomys gliroides,Octodontidae,Rodentia,4,1,3,413,"Alderton, D. 1996. Rodents of the world. Facts on File, INC., NY, USA.",LC,0
3518,Pedetes capensis,Pedetidae,Rodentia,4,3,3,433,"Alderton, D. 1996. Rodents of the world. Facts on File, INC., NY, USA.",LC,0
3519,Pseudochirops cupreus,Pseudocheiridae,Diprotodontia,4,1,3,413,"Hutchins M, Kleiman DG, Geist V, McDade MC. 2003. Grzimek’s Animal Life Encyclopedia Second Edition, Volume 12-16 Mammals I-V. Gale, Farmington Hills, MI, USA., Nowak RM. 1999. Walker’s Mammals of the World, Vol. 1. Sixth Ed. The Johns Hopkins University Press, Maryland, USA.",LC,0
3520,Ammospermophilus harrisii,Sciuridae,Rodentia,4,1,3,413,"Hutchins M, Kleiman DG, Geist V, McDade MC. 2003. Grzimek’s Animal Life Encyclopedia Second Edition, Volume 12-16 Mammals I-V. Gale, Farmington Hills, MI, USA.",LC,0
3522,Ammospermophilus interpres,Sciuridae,Rodentia,4,1,3,413,"Nowak RM. 1999. Walker’s Mammals of the World, Vol. 2. Sixth Ed. The Johns Hopkins University Press, Maryland, USA.",LC,0
3523,Ammospermophilus leucurus,Sciuridae,Rodentia,4,1,3,413,"Nowak RM. 1999. Walker’s Mammals of the World, Vol. 2. Sixth Ed. The Johns Hopkins University Press, Maryland, USA.",LC,0
3524,Ammospermophilus nelsoni,Sciuridae,Rodentia,4,1,3,413,"Hutchins M, Kleiman DG, Geist V, McDade MC. 2003. Grzimek’s Animal Life Encyclopedia Second Edition, Volume 12-16 Mammals I-V. Gale, Farmington Hills, MI, USA.",EN,1
3525,Atlantoxerus getulus,Sciuridae,Rodentia,4,1,3,413,"Hutchins M, Kleiman DG, Geist V, McDade MC. 2003. Grzimek’s Animal Life Encyclopedia Second Edition, Volume 12-16 Mammals I-V. Gale, Farmington Hills, MI, USA.",LC,0
3526,Cynomys gunnisoni,Sciuridae,Rodentia,4,1,3,413,"Hutchins M, Kleiman DG, Geist V, McDade MC. 2003. Grzimek’s Animal Life Encyclopedia Second Edition, Volume 12-16 Mammals I-V. Gale, Farmington Hills, MI, USA.",LC,0
3527,Cynomys leucurus,Sciuridae,Rodentia,4,1,3,413,"Klein, S., 1983. The encyclopedia of North American wildlife. Facts on File, INC., NY, USA.",LC,0
3528,Cynomys ludovicianus,Sciuridae,Rodentia,4,1,3,413,"Hutchins M, Kleiman DG, Geist V, McDade MC. 2003. Grzimek’s Animal Life Encyclopedia Second Edition, Volume 12-16 Mammals I-V. Gale, Farmington Hills, MI, USA.",LC,0
3529,Cynomys mexicanus,Sciuridae,Rodentia,4,1,3,413,"Nowak RM. 1999. Walker’s Mammals of the World, Vol. 2. Sixth Ed. The Johns Hopkins University Press, Maryland, USA.",EN,1
3530,Cynomys parvidens,Sciuridae,Rodentia,4,1,3,413,"Nowak RM. 1999. Walker’s Mammals of the World, Vol. 2. Sixth Ed. The Johns Hopkins University Press, Maryland, USA.",EN,1
3531,Marmota baibacina,Sciuridae,Rodentia,4,1,3,413,"Alderton, D. 1996. Rodents of the world. Facts on File, INC., NY, USA.",LC,0
3532,Marmota broweri,Sciuridae,Rodentia,4,1,3,413,"Alderton, D. 1996. Rodents of the world. Facts on File, INC., NY, USA.",LC,0
3533,Marmota camtschatica,Sciuridae,Rodentia,4,1,3,413,"Hutchins M, Kleiman DG, Geist V, McDade MC. 2003. Grzimek’s Animal Life Encyclopedia Second Edition, Volume 12-16 Mammals I-V. Gale, Farmington Hills, MI, USA.",LC,0
3534,Marmota caudata,Sciuridae,Rodentia,4,1,3,413,"Alderton, D. 1996. Rodents of the world. Facts on File, INC., NY, USA.",LC,0
3535,Marmota himalayana,Sciuridae,Rodentia,4,1,3,413,"Alderton, D. 1996. Rodents of the world. Facts on File, INC., NY, USA.",LC,0
3536,Marmota marmota,Sciuridae,Rodentia,4,1,3,413,"Hutchins M, Kleiman DG, Geist V, McDade MC. 2003. Grzimek’s Animal Life Encyclopedia Second Edition, Volume 12-16 Mammals I-V. Gale, Farmington Hills, MI, USA.",LC,0
3537,Marmota monax,Sciuridae,Rodentia,4,1,3,413,"Hutchins M, Kleiman DG, Geist V, McDade MC. 2003. Grzimek’s Animal Life Encyclopedia Second Edition, Volume 12-16 Mammals I-V. Gale, Farmington Hills, MI, USA.",LC,0
3538,Marmota olympus,Sciuridae,Rodentia,4,1,3,413,"Alderton, D. 1996. Rodents of the world. Facts on File, INC., NY, USA.",LC,0
3539,Marmota sibirica,Sciuridae,Rodentia,4,1,3,413,"Alderton, D. 1996. Rodents of the world. Facts on File, INC., NY, USA.",EN,1
3540,Marmota vancouverensis,Sciuridae,Rodentia,4,1,3,413,"Hutchins M, Kleiman DG, Geist V, McDade MC. 2003. Grzimek’s Animal Life Encyclopedia Second Edition, Volume 12-16 Mammals I-V. Gale, Farmington Hills, MI, USA.",CR,1
3541,Spermophilopsis leptodactylus,Sciuridae,Rodentia,4,1,3,413,"Hutchins M, Kleiman DG, Geist V, McDade MC. 2003. Grzimek’s Animal Life Encyclopedia Second Edition, Volume 12-16 Mammals I-V. Gale, Farmington Hills, MI, USA.",LC,0
3543,Spermophilus alashanicus,Sciuridae,Rodentia,4,1,3,413,"Macdonald, D. W. 2006. The Princeton Encyclopedia of Mammals. Princeton University Press, Princeton, NJ.",LC,0
3551,Spermophilus citellus,Sciuridae,Rodentia,4,1,3,413,"Hutchins M, Kleiman DG, Geist V, McDade MC. 2003. Grzimek’s Animal Life Encyclopedia Second Edition, Volume 12-16 Mammals I-V. Gale, Farmington Hills, MI, USA.",EN,1
3554,Spermophilus dauricus,Sciuridae,Rodentia,4,1,3,413,"Macdonald, D. W. 2006. The Princeton Encyclopedia of Mammals. Princeton University Press, Princeton, NJ.",LC,0
3556,Spermophilus erythrogenys,Sciuridae,Rodentia,4,1,3,413,"Macdonald, D. W. 2006. The Princeton Encyclopedia of Mammals. Princeton University Press, Princeton, NJ.",LC,0
3558,Spermophilus fulvus,Sciuridae,Rodentia,4,1,3,413,"Macdonald, D. W. 2006. The Princeton Encyclopedia of Mammals. Princeton University Press, Princeton, NJ.",LC,0
3561,Spermophilus major,Sciuridae,Rodentia,4,1,3,413,"Macdonald, D. W. 2006. The Princeton Encyclopedia of Mammals. Princeton University Press, Princeton, NJ.",LC,0
3565,Spermophilus musicus,Sciuridae,Rodentia,4,1,3,413,"Macdonald, D. W. 2006. The Princeton Encyclopedia of Mammals. Princeton University Press, Princeton, NJ.",NT,0
3569,Spermophilus pygmaeus,Sciuridae,Rodentia,4,1,3,413,"Macdonald, D. W. 2006. The Princeton Encyclopedia of Mammals. Princeton University Press, Princeton, NJ.",LC,0
3570,Spermophilus relictus,Sciuridae,Rodentia,4,1,3,413,"Macdonald, D. W. 2006. The Princeton Encyclopedia of Mammals. Princeton University Press, Princeton, NJ.",LC,0
3574,Spermophilus suslicus,Sciuridae,Rodentia,4,1,3,413,"Macdonald, D. W. 2006. The Princeton Encyclopedia of Mammals. Princeton University Press, Princeton, NJ.",NT,0
3581,Spermophilus xanthoprymnus,Sciuridae,Rodentia,4,1,3,413,"Macdonald, D. W. 2006. The Princeton Encyclopedia of Mammals. Princeton University Press, Princeton, NJ.",NT,0
3605,Tamias striatus,Sciuridae,Rodentia,4,1,3,413,"Hutchins M, Kleiman DG, Geist V, McDade MC. 2003. Grzimek’s Animal Life Encyclopedia Second Edition, Volume 12-16 Mammals I-V. Gale, Farmington Hills, MI, USA.",LC,0
3608,Xerus erythropus,Sciuridae,Rodentia,4,1,3,413,"Nowak RM. 1999. Walker’s Mammals of the World, Vol. 2. Sixth Ed. The Johns Hopkins University Press, Maryland, USA.",LC,0
3609,Xerus inauris,Sciuridae,Rodentia,4,1,3,413,"Hutchins M, Kleiman DG, Geist V, McDade MC. 2003. Grzimek’s Animal Life Encyclopedia Second Edition, Volume 12-16 Mammals I-V. Gale, Farmington Hills, MI, USA.",LC,0
3610,Xerus princeps,Sciuridae,Rodentia,4,1,3,413,"Nowak RM. 1999. Walker’s Mammals of the World, Vol. 2. Sixth Ed. The Johns Hopkins University Press, Maryland, USA.",LC,0
3611,Xerus rutilus,Sciuridae,Rodentia,4,1,3,413,"Hutchins M, Kleiman DG, Geist V, McDade MC. 2003. Grzimek’s Animal Life Encyclopedia Second Edition, Volume 12-16 Mammals I-V. Gale, Farmington Hills, MI, USA.",LC,0
3613,Clyomys laticeps,Echimyidae,Rodentia,5,1,3,513,"Alderton, D. 1996. Rodents of the world. Facts on File, INC., NY, USA.",LC,0
3614,Euryzygomatomys spinosus,Echimyidae,Rodentia,5,1,3,513,"Hutchins M, Kleiman DG, Geist V, McDade MC. 2003. Grzimek’s Animal Life Encyclopedia Second Edition, Volume 12-16 Mammals I-V. Gale, Farmington Hills, MI, USA.",LC,0
3615,Geomys arenarius,Geomyidae,Rodentia,5,1,3,513,"Hutchins M, Kleiman DG, Geist V, McDade MC. 2003. Grzimek’s Animal Life Encyclopedia Second Edition, Volume 12-16 Mammals I-V. Gale, Farmington Hills, MI, USA.",NT,0
3616,Geomys bursarius,Geomyidae,Rodentia,5,1,3,513,"Hutchins M, Kleiman DG, Geist V, McDade MC. 2003. Grzimek’s Animal Life Encyclopedia Second Edition, Volume 12-16 Mammals I-V. Gale, Farmington Hills, MI, USA.",LC,0
3617,Geomys personatus,Geomyidae,Rodentia,5,1,3,513,"Hutchins M, Kleiman DG, Geist V, McDade MC. 2003. Grzimek’s Animal Life Encyclopedia Second Edition, Volume 12-16 Mammals I-V. Gale, Farmington Hills, MI, USA.",LC,0
3618,Geomys pinetis,Geomyidae,Rodentia,5,1,3,513,"Hutchins M, Kleiman DG, Geist V, McDade MC. 2003. Grzimek’s Animal Life Encyclopedia Second Edition, Volume 12-16 Mammals I-V. Gale, Farmington Hills, MI, USA.",LC,0
3619,Geomys tropicalis,Geomyidae,Rodentia,5,1,3,513,"Hutchins M, Kleiman DG, Geist V, McDade MC. 2003. Grzimek’s Animal Life Encyclopedia Second Edition, Volume 12-16 Mammals I-V. Gale, Farmington Hills, MI, USA.",EN,1
3621,Pappogeomys bulleri,Geomyidae,Rodentia,5,1,3,513,"Hutchins M, Kleiman DG, Geist V, McDade MC. 2003. Grzimek’s Animal Life Encyclopedia Second Edition, Volume 12-16 Mammals I-V. Gale, Farmington Hills, MI, USA.",LC,0
3629,Thomomys bottae,Geomyidae,Rodentia,5,1,3,513,"Hutchins M, Kleiman DG, Geist V, McDade MC. 2003. Grzimek’s Animal Life Encyclopedia Second Edition, Volume 12-16 Mammals I-V. Gale, Farmington Hills, MI, USA.",LC,0
3630,Thomomys bulbivorus,Geomyidae,Rodentia,5,1,3,513,"Hutchins M, Kleiman DG, Geist V, McDade MC. 2003. Grzimek’s Animal Life Encyclopedia Second Edition, Volume 12-16 Mammals I-V. Gale, Farmington Hills, MI, USA.",LC,0
3631,Thomomys clusius,Geomyidae,Rodentia,5,1,3,513,"Nowak RM. 1999. Walker’s Mammals of the World, Vol. 2. Sixth Ed. The Johns Hopkins University Press, Maryland, USA.",LC,0
3632,Thomomys idahoensis,Geomyidae,Rodentia,5,1,3,513,"Nowak RM. 1999. Walker’s Mammals of the World, Vol. 2. Sixth Ed. The Johns Hopkins University Press, Maryland, USA.",LC,0
3633,Thomomys mazama,Geomyidae,Rodentia,5,1,3,513,"Hutchins M, Kleiman DG, Geist V, McDade MC. 2003. Grzimek’s Animal Life Encyclopedia Second Edition, Volume 12-16 Mammals I-V. Gale, Farmington Hills, MI, USA.",LC,0
3635,Thomomys monticola,Geomyidae,Rodentia,5,1,3,513,"Hutchins M, Kleiman DG, Geist V, McDade MC. 2003. Grzimek’s Animal Life Encyclopedia Second Edition, Volume 12-16 Mammals I-V. Gale, Farmington Hills, MI, USA.",LC,0
3637,Thomomys talpoides,Geomyidae,Rodentia,5,1,3,513,"Hutchins M, Kleiman DG, Geist V, McDade MC. 2003. Grzimek’s Animal Life Encyclopedia Second Edition, Volume 12-16 Mammals I-V. Gale, Farmington Hills, MI, USA.",LC,0
3638,Thomomys townsendii,Geomyidae,Rodentia,5,1,3,513,"Nowak RM. 1999. Walker’s Mammals of the World, Vol. 2. Sixth Ed. The Johns Hopkins University Press, Maryland, USA.",LC,0
3639,Thomomys umbrinus,Geomyidae,Rodentia,5,1,3,513,"Hutchins M, Kleiman DG, Geist V, McDade MC. 2003. Grzimek’s Animal Life Encyclopedia Second Edition, Volume 12-16 Mammals I-V. Gale, Farmington Hills, MI, USA.",LC,0
3640,Zygogeomys trichopus,Geomyidae,Rodentia,5,1,3,513,"Hutchins M, Kleiman DG, Geist V, McDade MC. 2003. Grzimek’s Animal Life Encyclopedia Second Edition, Volume 12-16 Mammals I-V. Gale, Farmington Hills, MI, USA.",EN,1
3641,Perognathus merriami,Heteromyidae,Rodentia,5,1,3,413,"Hutchins M, Kleiman DG, Geist V, McDade MC. 2003. Grzimek’s Animal Life Encyclopedia Second Edition, Volume 12-16 Mammals I-V. Gale, Farmington Hills, MI, USA., Nowak RM. 1999. Walker’s Mammals of the World, Vol. 2. Sixth Ed. The Johns Hopkins University Press, Maryland, USA.",LC,0
3642,Desmodilliscus braueri,Muridae,Rodentia,5,1,3,513,"Hutchins M, Kleiman DG, Geist V, McDade MC. 2003. Grzimek’s Animal Life Encyclopedia Second Edition, Volume 12-16 Mammals I-V. Gale, Farmington Hills, MI, USA.; Klein, S., 1983. The encyclopedia of North American wildlife. Facts on File, INC., NY, USA.",LC,0
3643,Hyperacrius fertilis,Muridae,Rodentia,5,1,3,513,"Alderton, D. 1996. Rodents of the world. Facts on File, INC., NY, USA.",NT,0
3644,Lagurus lagurus,Muridae,Rodentia,5,1,3,513,"Hutchins M, Kleiman DG, Geist V, McDade MC. 2003. Grzimek’s Animal Life Encyclopedia Second Edition, Volume 12-16 Mammals I-V. Gale, Farmington Hills, MI, USA.",LC,0
3645,Lasiopodomys brandtii,Muridae,Rodentia,5,1,3,513,"Hutchins M, Kleiman DG, Geist V, McDade MC. 2003. Grzimek’s Animal Life Encyclopedia Second Edition, Volume 12-16 Mammals I-V. Gale, Farmington Hills, MI, USA.; Klein, S., 1983. The encyclopedia of North American wildlife. Facts on File, INC., NY, USA.",LC,0
3646,Lasiopodomys fuscus,Muridae,Rodentia,5,1,3,513,"Hutchins M, Kleiman DG, Geist V, McDade MC. 2003. Grzimek’s Animal Life Encyclopedia Second Edition, Volume 12-16 Mammals I-V. Gale, Farmington Hills, MI, USA. ; Klein, S., 1983. The encyclopedia of North American wildlife. Facts on File, INC., NY, USA.",LC,0
3647,Lasiopodomys mandarinus,Muridae,Rodentia,5,1,3,513,"Hutchins M, Kleiman DG, Geist V, McDade MC. 2003. Grzimek’s Animal Life Encyclopedia Second Edition, Volume 12-16 Mammals I-V. Gale, Farmington Hills, MI, USA. ; Klein, S., 1983. The encyclopedia of North American wildlife. Facts on File, INC., NY, USA.",LC,0
3648,Notomys amplus,Muridae,Rodentia,5,1,3,513,"Alderton, D. 1996. Rodents of the world. Facts on File, INC., NY, USA. ; Nowak RM. 1999. Walker’s Mammals of the World, Vol. 2. Sixth Ed. The Johns Hopkins University Press, Maryland, USA.",EX,1
3649,Notomys aquilo,Muridae,Rodentia,5,1,3,513,"Alderton, D. 1996. Rodents of the world. Facts on File, INC., NY, USA. ; Nowak RM. 1999. Walker’s Mammals of the World, Vol. 2. Sixth Ed. The Johns Hopkins University Press, Maryland, USA.",EN,1
3650,Notomys cervinus,Muridae,Rodentia,5,1,3,513,"Alderton, D. 1996. Rodents of the world. Facts on File, INC., NY, USA. ; Nowak RM. 1999. Walker’s Mammals of the World, Vol. 2. Sixth Ed. The Johns Hopkins University Press, Maryland, USA.",NT,0
3651,Notomys longicaudatus,Muridae,Rodentia,5,1,3,513,"Alderton, D. 1996. Rodents of the world. Facts on File, INC., NY, USA. ; Nowak RM. 1999. Walker’s Mammals of the World, Vol. 2. Sixth Ed. The Johns Hopkins University Press, Maryland, USA.",EX,1
3652,Notomys macrotis,Muridae,Rodentia,5,1,3,513,"Alderton, D. 1996. Rodents of the world. Facts on File, INC., NY, USA. ; Nowak RM. 1999. Walker’s Mammals of the World, Vol. 2. Sixth Ed. The Johns Hopkins University Press, Maryland, USA.",EX,1
3653,Notomys mitchellii,Muridae,Rodentia,5,1,3,513,"Alderton, D. 1996. Rodents of the world. Facts on File, INC., NY, USA. ; Nowak RM. 1999. Walker’s Mammals of the World, Vol. 2. Sixth Ed. The Johns Hopkins University Press, Maryland, USA.",LC,0
3654,Notomys mordax,Muridae,Rodentia,5,1,3,513,"Alderton, D. 1996. Rodents of the world. Facts on File, INC., NY, USA. ; Nowak RM. 1999. Walker’s Mammals of the World, Vol. 2. Sixth Ed. The Johns Hopkins University Press, Maryland, USA.",EX,1
3655,Psammomys obesus,Muridae,Rodentia,5,1,3,513,"Hutchins M, Kleiman DG, Geist V, McDade MC. 2003. Grzimek’s Animal Life Encyclopedia Second Edition, Volume 12-16 Mammals I-V. Gale, Farmington Hills, MI, USA.; Klein, S., 1983. The encyclopedia of North American wildlife. Facts on File, INC., NY, USA.",LC,0
3660,Marmota bobak,Sciuridae,Rodentia,5,1,3,513,"Long JL. 2003. Introduced Mammals of the World, Their history, distribution, and influence. CSIRO Publishing, Collingwood VIC, Australia. ; Burton, M., Burton R. 1975. Encyclopedia of Mammals. Octopus Books Limited, London W1.",LC,0
3661,Marmota menzbieri,Sciuridae,Rodentia,5,1,3,513,"Long JL. 2003. Introduced Mammals of the World, Their history, distribution, and influence. CSIRO Publishing, Collingwood VIC, Australia.",VU,1
3663,Lasiorhinus krefftii,Vombatidae,Diprotodontia,5,1,3,513,"Hutchins M, Kleiman DG, Geist V, McDade MC. 2003. Grzimek’s Animal Life Encyclopedia Second Edition, Volume 12-16 Mammals I-V. Gale, Farmington Hills, MI, USA., Nowak RM. 1999. Walker’s Mammals of the World, Vol. 1. Sixth Ed. The Johns Hopkins University Press, Maryland, USA.",CR,1
3664,Lasiorhinus latifrons,Vombatidae,Diprotodontia,5,1,3,513,"Hutchins M, Kleiman DG, Geist V, McDade MC. 2003. Grzimek’s Animal Life Encyclopedia Second Edition, Volume 12-16 Mammals I-V. Gale, Farmington Hills, MI, USA., Nowak RM. 1999. Walker’s Mammals of the World, Vol. 1. Sixth Ed. The Johns Hopkins University Press, Maryland, USA.",NT,0
3669,Vombatus ursinus,Vombatidae,Diprotodontia,5,1,3,513,"Hutchins M, Kleiman DG, Geist V, McDade MC. 2003. Grzimek’s Animal Life Encyclopedia Second Edition, Volume 12-16 Mammals I-V. Gale, Farmington Hills, MI, USA.",LC,0
3671,Myospalax myospalax,Muridae,Rodentia,6,1,3,613,"Hutchins M, Kleiman DG, Geist V, McDade MC. 2003. Grzimek’s Animal Life Encyclopedia Second Edition, Volume 12-16 Mammals I-V. Gale, Farmington Hills, MI, USA.",LC,0
3672,Aproteles bulmerae,Pteropodidae,Chiroptera,6,6,3,663,"Nowak RM. 1999. Walker’s Mammals of the World, Vol. 1. Sixth Ed. The Johns Hopkins University Press, Maryland, USA.",CR,1
3673,Boneia bidens,Pteropodidae,Chiroptera,6,6,3,663,"Nowak RM. 1999. Walker’s Mammals of the World, Vol. 1. Sixth Ed. The Johns Hopkins University Press, Maryland, USA.",VU,1
3674,Cynopterus brachyotis,Pteropodidae,Chiroptera,6,6,3,663,"Nowak RM. 1999. Walker’s Mammals of the World, Vol. 1. Sixth Ed. The Johns Hopkins University Press, Maryland, USA.",LC,0
3676,Cynopterus sphinx,Pteropodidae,Chiroptera,6,6,3,663,"Nowak RM. 1999. Walker’s Mammals of the World, Vol. 1. Sixth Ed. The Johns Hopkins University Press, Maryland, USA.",LC,0
3678,Dobsonia beauforti,Pteropodidae,Chiroptera,6,6,3,663,"Nowak RM. 1999. Walker’s Mammals of the World, Vol. 1. Sixth Ed. The Johns Hopkins University Press, Maryland, USA.",LC,0
3679,Dobsonia emersa,Pteropodidae,Chiroptera,6,6,3,663,"Nowak RM. 1999. Walker’s Mammals of the World, Vol. 1. Sixth Ed. The Johns Hopkins University Press, Maryland, USA.",VU,1
3680,Dobsonia exoleta,Pteropodidae,Chiroptera,6,6,3,663,"Nowak RM. 1999. Walker’s Mammals of the World, Vol. 1. Sixth Ed. The Johns Hopkins University Press, Maryland, USA.",LC,0
3681,Dobsonia inermis,Pteropodidae,Chiroptera,6,6,3,663,"Nowak RM. 1999. Walker’s Mammals of the World, Vol. 1. Sixth Ed. The Johns Hopkins University Press, Maryland, USA.",LC,0
3682,Dobsonia minor,Pteropodidae,Chiroptera,6,6,3,663,"Nowak RM. 1999. Walker’s Mammals of the World, Vol. 1. Sixth Ed. The Johns Hopkins University Press, Maryland, USA.",LC,0
3683,Dobsonia moluccensis,Pteropodidae,Chiroptera,6,6,3,663,"Nowak RM. 1999. Walker’s Mammals of the World, Vol. 1. Sixth Ed. The Johns Hopkins University Press, Maryland, USA.",LC,0
3685,Dobsonia praedatrix,Pteropodidae,Chiroptera,6,6,3,663,"Nowak RM. 1999. Walker’s Mammals of the World, Vol. 1. Sixth Ed. The Johns Hopkins University Press, Maryland, USA.",LC,0
3686,Dobsonia viridis,Pteropodidae,Chiroptera,6,6,3,663,"Nowak RM. 1999. Walker’s Mammals of the World, Vol. 1. Sixth Ed. The Johns Hopkins University Press, Maryland, USA.",LC,0
3687,Eonycteris spelaea,Pteropodidae,Chiroptera,6,6,3,663,"Nowak RM. 1999. Walker’s Mammals of the World, Vol. 1. Sixth Ed. The Johns Hopkins University Press, Maryland, USA.",LC,0
3688,Notopteris macdonaldi,Pteropodidae,Chiroptera,6,6,3,663,"Nowak RM. 1999. Walker’s Mammals of the World, Vol. 1. Sixth Ed. The Johns Hopkins University Press, Maryland, USA.",VU,1
3689,Penthetor lucasi,Pteropodidae,Chiroptera,6,6,3,663,"Nowak RM. 1999. Walker’s Mammals of the World, Vol. 1. Sixth Ed. The Johns Hopkins University Press, Maryland, USA.",LC,0
3690,Rousettus aegyptiacus,Pteropodidae,Chiroptera,6,6,3,663,"Nowak RM. 1999. Walker’s Mammals of the World, Vol. 1. Sixth Ed. The Johns Hopkins University Press, Maryland, USA.",LC,0
3691,Rousettus amplexicaudatus,Pteropodidae,Chiroptera,6,6,3,663,"Nowak RM. 1999. Walker’s Mammals of the World, Vol. 1. Sixth Ed. The Johns Hopkins University Press, Maryland, USA.",LC,0
3693,Rousettus celebensis,Pteropodidae,Chiroptera,6,6,3,663,"Nowak RM. 1999. Walker’s Mammals of the World, Vol. 1. Sixth Ed. The Johns Hopkins University Press, Maryland, USA.",LC,0
3694,Rousettus lanosus,Pteropodidae,Chiroptera,6,6,3,663,"Nowak RM. 1999. Walker’s Mammals of the World, Vol. 1. Sixth Ed. The Johns Hopkins University Press, Maryland, USA.",LC,0
3696,Rousettus madagascariensis,Pteropodidae,Chiroptera,6,6,3,663,"Nowak RM. 1999. Walker’s Mammals of the World, Vol. 1. Sixth Ed. The Johns Hopkins University Press, Maryland, USA.",VU,1
3697,Rousettus obliviosus,Pteropodidae,Chiroptera,6,6,3,663,"Nowak RM. 1999. Walker’s Mammals of the World, Vol. 1. Sixth Ed. The Johns Hopkins University Press, Maryland, USA.",VU,1
3698,Rousettus spinalatus,Pteropodidae,Chiroptera,6,6,3,663,"Nowak RM. 1999. Walker’s Mammals of the World, Vol. 1. Sixth Ed. The Johns Hopkins University Press, Maryland, USA.",VU,1
3699,Urotrichus talpoides,Talpidae,Insectivora,2,1,4,214,"Hutchins M, Kleiman DG, Geist V, McDade MC. 2003. Grzimek’s Animal Life Encyclopedia Second Edition, Volume 12-16 Mammals I-V. Gale, Farmington Hills, MI, USA.",LC,0
3700,Aepyprymnus rufescens,Potoroidae,Diprotodontia,3,3,4,334,"Hutchins M, Kleiman DG, Geist V, McDade MC. 2003. Grzimek’s Animal Life Encyclopedia Second Edition, Volume 12-16 Mammals I-V. Gale, Farmington Hills, MI, USA., Nowak RM. 1999. Walker’s Mammals of the World, Vol. 1. Sixth Ed. The Johns Hopkins University Press, Maryland, USA.",LC,0
3701,Bettongia gaimardi,Potoroidae,Diprotodontia,3,3,4,334,"Hutchins M, Kleiman DG, Geist V, McDade MC. 2003. Grzimek’s Animal Life Encyclopedia Second Edition, Volume 12-16 Mammals I-V. Gale, Farmington Hills, MI, USA.; Long JL. 2003. Introduced Mammals of the World, Their history, distribution, and influence. CSIRO Publishing, Collingwood VIC, Australia.",NT,0
3702,Caloprymnus campestris,Potoroidae,Diprotodontia,3,3,4,334,"Hutchins M, Kleiman DG, Geist V, McDade MC. 2003. Grzimek’s Animal Life Encyclopedia Second Edition, Volume 12-16 Mammals I-V. Gale, Farmington Hills, MI, USA., Nowak RM. 1999. Walker’s Mammals of the World, Vol. 1. Sixth Ed. The Johns Hopkins University Press, Maryland, USA.",EX,1
3703,Hypsiprymnodon moschatus,Potoroidae,Diprotodontia,3,3,4,334,"Hutchins M, Kleiman DG, Geist V, McDade MC. 2003. Grzimek’s Animal Life Encyclopedia Second Edition, Volume 12-16 Mammals I-V. Gale, Farmington Hills, MI, USA., Nowak RM. 1999. Walker’s Mammals of the World, Vol. 1. Sixth Ed. The Johns Hopkins University Press, Maryland, USA.",LC,0
3704,Potorous longipes,Potoroidae,Diprotodontia,3,3,4,334,"Hutchins M, Kleiman DG, Geist V, McDade MC. 2003. Grzimek’s Animal Life Encyclopedia Second Edition, Volume 12-16 Mammals I-V. Gale, Farmington Hills, MI, USA., Nowak RM. 1999. Walker’s Mammals of the World, Vol. 1. Sixth Ed. The Johns Hopkins University Press, Maryland, USA.",VU,1
3705,Potorous platyops,Potoroidae,Diprotodontia,3,3,4,334,"Hutchins M, Kleiman DG, Geist V, McDade MC. 2003. Grzimek’s Animal Life Encyclopedia Second Edition, Volume 12-16 Mammals I-V. Gale, Farmington Hills, MI, USA., Nowak RM. 1999. Walker’s Mammals of the World, Vol. 1. Sixth Ed. The Johns Hopkins University Press, Maryland, USA.",EX,1
3706,Potorous tridactylus,Potoroidae,Diprotodontia,3,3,4,334,"Hutchins M, Kleiman DG, Geist V, McDade MC. 2003. Grzimek’s Animal Life Encyclopedia Second Edition, Volume 12-16 Mammals I-V. Gale, Farmington Hills, MI, USA., Nowak RM. 1999. Walker’s Mammals of the World, Vol. 1. Sixth Ed. The Johns Hopkins University Press, Maryland, USA.",NT,0
3708,Tachyglossus aculeatus,Tachyglossidae,Monotremata,3,1,4,314,"Hutchins M, Kleiman DG, Geist V, McDade MC. 2003. Grzimek’s Animal Life Encyclopedia Second Edition, Volume 12-16 Mammals I-V. Gale, Farmington Hills, MI, USA.",LC,0
3711,Neurotrichus gibbsii,Talpidae,Insectivora,3,1,4,314,"Hutchins M, Kleiman DG, Geist V, McDade MC. 2003. Grzimek’s Animal Life Encyclopedia Second Edition, Volume 12-16 Mammals I-V. Gale, Farmington Hills, MI, USA.",LC,0
3712,Scaptochirus moschatus,Talpidae,Insectivora,3,1,4,314,"Hutchins M, Kleiman DG, Geist V, McDade MC. 2003. Grzimek’s Animal Life Encyclopedia Second Edition, Volume 12-16 Mammals I-V. Gale, Farmington Hills, MI, USA., Nowak RM. 1999. Walker’s Mammals of the World, Vol. 1. Sixth Ed. The Johns Hopkins University Press, Maryland, USA. ",LC,0
3714,Uropsilus gracilis,Talpidae,Insectivora,3,1,4,314,"Hutchins M, Kleiman DG, Geist V, McDade MC. 2003. Grzimek’s Animal Life Encyclopedia Second Edition, Volume 12-16 Mammals I-V. Gale, Farmington Hills, MI, USA., Nowak RM. 1999. Walker’s Mammals of the World, Vol. 1. Sixth Ed. The Johns Hopkins University Press, Maryland, USA. ",LC,0
3716,Uropsilus soricipes,Talpidae,Insectivora,3,1,4,314,"Hutchins M, Kleiman DG, Geist V, McDade MC. 2003. Grzimek’s Animal Life Encyclopedia Second Edition, Volume 12-16 Mammals I-V. Gale, Farmington Hills, MI, USA.",LC,0
3717,Aconaemys fuscus,Octodontidae,Rodentia,4,1,4,414,"Alderton, D. 1996. Rodents of the world. Facts on File, INC., NY, USA.",LC,0
3720,Octodon bridgesi,Octodontidae,Rodentia,4,1,4,414,"Alderton, D. 1996. Rodents of the world. Facts on File, INC., NY, USA.",VU,1
3721,Octodon degus,Octodontidae,Rodentia,4,1,4,414,"Alderton, D. 1996. Rodents of the world. Facts on File, INC., NY, USA.",LC,0
3722,Octodon lunatus,Octodontidae,Rodentia,4,1,4,414,"Alderton, D. 1996. Rodents of the world. Facts on File, INC., NY, USA.",NT,0
3723,Octomys mimax,Octodontidae,Rodentia,4,1,4,414,"Alderton, D. 1996. Rodents of the world. Facts on File, INC., NY, USA.",LC,0
3724,Spalacopus cyanus,Octodontidae,Rodentia,4,1,4,414,"Alderton, D. 1996. Rodents of the world. Facts on File, INC., NY, USA.",LC,0
3725,Tympanoctomys barrerae,Octodontidae,Rodentia,4,1,4,414,"Alderton, D. 1996. Rodents of the world. Facts on File, INC., NY, USA.",NT,0
3726,Condylura cristata,Talpidae,Insectivora,4,1,4,414,"Hutchins M, Kleiman DG, Geist V, McDade MC. 2003. Grzimek’s Animal Life Encyclopedia Second Edition, Volume 12-16 Mammals I-V. Gale, Farmington Hills, MI, USA., Nowak RM. 1999. Walker’s Mammals of the World, Vol. 1. Sixth Ed. The Johns Hopkins University Press, Maryland, USA. ",LC,0
3727,Euroscaptor grandis,Talpidae,Insectivora,4,1,4,414,"Hutchins M, Kleiman DG, Geist V, McDade MC. 2003. Grzimek’s Animal Life Encyclopedia Second Edition, Volume 12-16 Mammals I-V. Gale, Farmington Hills, MI, USA., Nowak RM. 1999. Walker’s Mammals of the World, Vol. 1. Sixth Ed. The Johns Hopkins University Press, Maryland, USA. ",LC,0
3728,Euroscaptor klossi,Talpidae,Insectivora,4,1,4,414,"Hutchins M, Kleiman DG, Geist V, McDade MC. 2003. Grzimek’s Animal Life Encyclopedia Second Edition, Volume 12-16 Mammals I-V. Gale, Farmington Hills, MI, USA., Nowak RM. 1999. Walker’s Mammals of the World, Vol. 1. Sixth Ed. The Johns Hopkins University Press, Maryland, USA. ",LC,0
3729,Euroscaptor longirostris,Talpidae,Insectivora,4,1,4,414,"Hutchins M, Kleiman DG, Geist V, McDade MC. 2003. Grzimek’s Animal Life Encyclopedia Second Edition, Volume 12-16 Mammals I-V. Gale, Farmington Hills, MI, USA., Nowak RM. 1999. Walker’s Mammals of the World, Vol. 1. Sixth Ed. The Johns Hopkins University Press, Maryland, USA. ",LC,0
3730,Euroscaptor micrura,Talpidae,Insectivora,4,1,4,414,"Hutchins M, Kleiman DG, Geist V, McDade MC. 2003. Grzimek’s Animal Life Encyclopedia Second Edition, Volume 12-16 Mammals I-V. Gale, Farmington Hills, MI, USA., Nowak RM. 1999. Walker’s Mammals of the World, Vol. 1. Sixth Ed. The Johns Hopkins University Press, Maryland, USA. ",LC,0
3731,Euroscaptor mizura,Talpidae,Insectivora,4,1,4,414,"Hutchins M, Kleiman DG, Geist V, McDade MC. 2003. Grzimek’s Animal Life Encyclopedia Second Edition, Volume 12-16 Mammals I-V. Gale, Farmington Hills, MI, USA., Nowak RM. 1999. Walker’s Mammals of the World, Vol. 1. Sixth Ed. The Johns Hopkins University Press, Maryland, USA. ",LC,0
3733,Bathyergus janetta,Bathyergidae,Rodentia,5,1,4,514,"Alderton, D. 1996. Rodents of the world. Facts on File, INC., NY, USA.",LC,0
3734,Bathyergus suillus,Bathyergidae,Rodentia,5,1,4,514,"Alderton, D. 1996. Rodents of the world. Facts on File, INC., NY, USA.",LC,0
3738,Cryptomys hottentotus,Bathyergidae,Rodentia,5,1,4,514,"Alderton, D. 1996. Rodents of the world. Facts on File, INC., NY, USA.",LC,0
3742,Georychus capensis,Bathyergidae,Rodentia,5,1,4,514,"Alderton, D. 1996. Rodents of the world. Facts on File, INC., NY, USA.",LC,0
3743,Heliophobius argenteocinereus,Bathyergidae,Rodentia,5,1,4,514,"Alderton, D. 1996. Rodents of the world. Facts on File, INC., NY, USA.",LC,0
3744,Heterocephalus glaber,Bathyergidae,Rodentia,5,1,4,514,"Alderton, D. 1996. Rodents of the world. Facts on File, INC., NY, USA.",LC,0
3745,Ctenomys argentinus,Ctenomyidae,Rodentia,5,1,4,514,"Alderton, D. 1996. Rodents of the world. Facts on File, INC., NY, USA.",NT,0
3746,Ctenomys australis,Ctenomyidae,Rodentia,5,1,4,514,"Alderton, D. 1996. Rodents of the world. Facts on File, INC., NY, USA.",EN,1
3747,Ctenomys azarae,Ctenomyidae,Rodentia,5,1,4,514,"Alderton, D. 1996. Rodents of the world. Facts on File, INC., NY, USA.",EN,1
3748,Ctenomys boliviensis,Ctenomyidae,Rodentia,5,1,4,514,"Alderton, D. 1996. Rodents of the world. Facts on File, INC., NY, USA.",LC,0
3749,Ctenomys bonettoi,Ctenomyidae,Rodentia,5,1,4,514,"Alderton, D. 1996. Rodents of the world. Facts on File, INC., NY, USA.",EN,1
3752,Ctenomys conoveri,Ctenomyidae,Rodentia,5,1,4,514,"Alderton, D. 1996. Rodents of the world. Facts on File, INC., NY, USA.",LC,0
3754,Ctenomys emilianus,Ctenomyidae,Rodentia,5,1,4,514,"Alderton, D. 1996. Rodents of the world. Facts on File, INC., NY, USA.",LC,0
3755,Ctenomys frater,Ctenomyidae,Rodentia,5,1,4,514,"Alderton, D. 1996. Rodents of the world. Facts on File, INC., NY, USA.",LC,0
3757,Ctenomys haigi,Ctenomyidae,Rodentia,5,1,4,514,"Alderton, D. 1996. Rodents of the world. Facts on File, INC., NY, USA.",LC,0
3759,Ctenomys latro,Ctenomyidae,Rodentia,5,1,4,514,"Alderton, D. 1996. Rodents of the world. Facts on File, INC., NY, USA.",EN,1
3760,Ctenomys leucodon,Ctenomyidae,Rodentia,5,1,4,514,"Alderton, D. 1996. Rodents of the world. Facts on File, INC., NY, USA.",LC,0
3761,Ctenomys lewisi,Ctenomyidae,Rodentia,5,1,4,514,"Alderton, D. 1996. Rodents of the world. Facts on File, INC., NY, USA.",LC,0
3762,Ctenomys magellanicus,Ctenomyidae,Rodentia,5,1,4,514,"Alderton, D. 1996. Rodents of the world. Facts on File, INC., NY, USA.",LC,0
3763,Ctenomys maulinus,Ctenomyidae,Rodentia,5,1,4,514,"Alderton, D. 1996. Rodents of the world. Facts on File, INC., NY, USA.",LC,0
3764,Ctenomys mendocinus,Ctenomyidae,Rodentia,5,1,4,514,"Alderton, D. 1996. Rodents of the world. Facts on File, INC., NY, USA.",LC,0
3767,Ctenomys occultus,Ctenomyidae,Rodentia,5,1,4,514,"Alderton, D. 1996. Rodents of the world. Facts on File, INC., NY, USA.",EN,1
3768,Ctenomys opimus,Ctenomyidae,Rodentia,5,1,4,514,"Alderton, D. 1996. Rodents of the world. Facts on File, INC., NY, USA.",LC,0
3769,Ctenomys pearsoni,Ctenomyidae,Rodentia,5,1,4,514,"Alderton, D. 1996. Rodents of the world. Facts on File, INC., NY, USA.",NT,0
3771,Ctenomys peruanus,Ctenomyidae,Rodentia,5,1,4,514,"Alderton, D. 1996. Rodents of the world. Facts on File, INC., NY, USA.",LC,0
3773,Ctenomys porteousi,Ctenomyidae,Rodentia,5,1,4,514,"Alderton, D. 1996. Rodents of the world. Facts on File, INC., NY, USA.",NT,0
3776,Ctenomys sociabilis,Ctenomyidae,Rodentia,5,1,4,514,"Alderton, D. 1996. Rodents of the world. Facts on File, INC., NY, USA.",CR,1
3777,Ctenomys steinbachi,Ctenomyidae,Rodentia,5,1,4,514,"Alderton, D. 1996. Rodents of the world. Facts on File, INC., NY, USA.",LC,0
3778,Ctenomys talarum,Ctenomyidae,Rodentia,5,1,4,514,"Alderton, D. 1996. Rodents of the world. Facts on File, INC., NY, USA.",LC,0
3779,Ctenomys torquatus,Ctenomyidae,Rodentia,5,1,4,514,"Alderton, D. 1996. Rodents of the world. Facts on File, INC., NY, USA.",LC,0
3784,Ellobius fuscocapillus,Muridae,Rodentia,5,1,4,514,"Alderton, D. 1996. Rodents of the world. Facts on File, INC., NY, USA.",LC,0
3785,Ellobius lutescens,Muridae,Rodentia,5,1,4,514,"Alderton, D. 1996. Rodents of the world. Facts on File, INC., NY, USA.",LC,0
3786,Ellobius talpinus,Muridae,Rodentia,5,1,4,514,"Alderton, D. 1996. Rodents of the world. Facts on File, INC., NY, USA.",LC,0
3787,Ellobius tancrei,Muridae,Rodentia,5,1,4,514,"Alderton, D. 1996. Rodents of the world. Facts on File, INC., NY, USA.",LC,0
3788,Myospalax aspalax,Muridae,Rodentia,5,1,4,514,"Alderton, D. 1996. Rodents of the world. Facts on File, INC., NY, USA.",LC,0
3791,Myospalax psilurus,Muridae,Rodentia,5,1,4,514,"Alderton, D. 1996. Rodents of the world. Facts on File, INC., NY, USA.",LC,0
3794,Mystromys albicaudatus,Muridae,Rodentia,5,1,4,514,"Alderton, D. 1996. Rodents of the world. Facts on File, INC., NY, USA.",VU,1
3798,Nesokia indica,Muridae,Rodentia,5,1,4,514,"Alderton, D. 1996. Rodents of the world. Facts on File, INC., NY, USA.",LC,0
3799,Prometheomys schaposchnikowi,Muridae,Rodentia,5,1,4,514,"Hutchins M, Kleiman DG, Geist V, McDade MC. 2003. Grzimek’s Animal Life Encyclopedia Second Edition, Volume 12-16 Mammals I-V. Gale, Farmington Hills, MI, USA.; Alderton, D. 1996. Rodents of the world. Facts on File, INC., NY, USA.",LC,0
3800,Spalax arenarius,Muridae,Rodentia,5,1,4,514,"Alderton, D. 1996. Rodents of the world. Facts on File, INC., NY, USA.",EN,1
3801,Spalax giganteus,Muridae,Rodentia,5,1,4,514,"Alderton, D. 1996. Rodents of the world. Facts on File, INC., NY, USA.",LC,0
3802,Spalax microphthalmus,Muridae,Rodentia,5,1,4,514,"Alderton, D. 1996. Rodents of the world. Facts on File, INC., NY, USA.",LC,0
3803,Spalax zemni,Muridae,Rodentia,5,1,4,514,"Alderton, D. 1996. Rodents of the world. Facts on File, INC., NY, USA.",VU,1
3804,Mogera robusta,Talpidae,Insectivora,5,1,4,514,"Hutchins M, Kleiman DG, Geist V, McDade MC. 2003. Grzimek’s Animal Life Encyclopedia Second Edition, Volume 12-16 Mammals I-V. Gale, Farmington Hills, MI, USA.",LC,0
3805,Parascalops breweri,Talpidae,Insectivora,5,1,4,514,"Hutchins M, Kleiman DG, Geist V, McDade MC. 2003. Grzimek’s Animal Life Encyclopedia Second Edition, Volume 12-16 Mammals I-V. Gale, Farmington Hills, MI, USA., Nowak RM. 1999. Walker’s Mammals of the World, Vol. 1. Sixth Ed. The Johns Hopkins University Press, Maryland, USA. ",LC,0
3806,Scalopus aquaticus,Talpidae,Insectivora,5,1,4,514,"Hutchins M, Kleiman DG, Geist V, McDade MC. 2003. Grzimek’s Animal Life Encyclopedia Second Edition, Volume 12-16 Mammals I-V. Gale, Farmington Hills, MI, USA.",LC,0
3807,Scapanus latimanus,Talpidae,Insectivora,5,1,4,514,"Hutchins M, Kleiman DG, Geist V, McDade MC. 2003. Grzimek’s Animal Life Encyclopedia Second Edition, Volume 12-16 Mammals I-V. Gale, Farmington Hills, MI, USA., Nowak RM. 1999. Walker’s Mammals of the World, Vol. 1. Sixth Ed. The Johns Hopkins University Press, Maryland, USA. ",LC,0
3808,Scapanus orarius,Talpidae,Insectivora,5,1,4,514,"Hutchins M, Kleiman DG, Geist V, McDade MC. 2003. Grzimek’s Animal Life Encyclopedia Second Edition, Volume 12-16 Mammals I-V. Gale, Farmington Hills, MI, USA., Nowak RM. 1999. Walker’s Mammals of the World, Vol. 1. Sixth Ed. The Johns Hopkins University Press, Maryland, USA. ",LC,0
3809,Scapanus townsendii,Talpidae,Insectivora,5,1,4,514,"Hutchins M, Kleiman DG, Geist V, McDade MC. 2003. Grzimek’s Animal Life Encyclopedia Second Edition, Volume 12-16 Mammals I-V. Gale, Farmington Hills, MI, USA., Nowak RM. 1999. Walker’s Mammals of the World, Vol. 1. Sixth Ed. The Johns Hopkins University Press, Maryland, USA. ",LC,0
3810,Talpa altaica,Talpidae,Insectivora,5,1,4,514,"Hutchins M, Kleiman DG, Geist V, McDade MC. 2003. Grzimek’s Animal Life Encyclopedia Second Edition, Volume 12-16 Mammals I-V. Gale, Farmington Hills, MI, USA., Nowak RM. 1999. Walker’s Mammals of the World, Vol. 1. Sixth Ed. The Johns Hopkins University Press, Maryland, USA. ",LC,0
3811,Talpa caeca,Talpidae,Insectivora,5,1,4,514,"Hutchins M, Kleiman DG, Geist V, McDade MC. 2003. Grzimek’s Animal Life Encyclopedia Second Edition, Volume 12-16 Mammals I-V. Gale, Farmington Hills, MI, USA.",LC,0
3812,Talpa caucasica,Talpidae,Insectivora,5,1,4,514,"Hutchins M, Kleiman DG, Geist V, McDade MC. 2003. Grzimek’s Animal Life Encyclopedia Second Edition, Volume 12-16 Mammals I-V. Gale, Farmington Hills, MI, USA., Nowak RM. 1999. Walker’s Mammals of the World, Vol. 1. Sixth Ed. The Johns Hopkins University Press, Maryland, USA. ",LC,0
3813,Talpa europaea,Talpidae,Insectivora,5,1,4,514,"Hutchins M, Kleiman DG, Geist V, McDade MC. 2003. Grzimek’s Animal Life Encyclopedia Second Edition, Volume 12-16 Mammals I-V. Gale, Farmington Hills, MI, USA., Nowak RM. 1999. Walker’s Mammals of the World, Vol. 1. Sixth Ed. The Johns Hopkins University Press, Maryland, USA. ",LC,0
3814,Talpa levantis,Talpidae,Insectivora,5,1,4,514,"Hutchins M, Kleiman DG, Geist V, McDade MC. 2003. Grzimek’s Animal Life Encyclopedia Second Edition, Volume 12-16 Mammals I-V. Gale, Farmington Hills, MI, USA., Nowak RM. 1999. Walker’s Mammals of the World, Vol. 1. Sixth Ed. The Johns Hopkins University Press, Maryland, USA. ",LC,0
3815,Talpa occidentalis,Talpidae,Insectivora,5,1,4,514,"Hutchins M, Kleiman DG, Geist V, McDade MC. 2003. Grzimek’s Animal Life Encyclopedia Second Edition, Volume 12-16 Mammals I-V. Gale, Farmington Hills, MI, USA., Nowak RM. 1999. Walker’s Mammals of the World, Vol. 1. Sixth Ed. The Johns Hopkins University Press, Maryland, USA. ",LC,0
3816,Talpa romana,Talpidae,Insectivora,5,1,4,514,"Hutchins M, Kleiman DG, Geist V, McDade MC. 2003. Grzimek’s Animal Life Encyclopedia Second Edition, Volume 12-16 Mammals I-V. Gale, Farmington Hills, MI, USA., Nowak RM. 1999. Walker’s Mammals of the World, Vol. 1. Sixth Ed. The Johns Hopkins University Press, Maryland, USA. ",LC,0
3817,Talpa stankovici,Talpidae,Insectivora,5,1,4,514,"Hutchins M, Kleiman DG, Geist V, McDade MC. 2003. Grzimek’s Animal Life Encyclopedia Second Edition, Volume 12-16 Mammals I-V. Gale, Farmington Hills, MI, USA.; Macdonald, D. W. 2006. The Princeton Encyclopedia of Mammals. Princeton University Press, Princeton, NJ. ",LC,0